,Timestamp,Rurality,GAMSAT S1 Score,GAMSAT S2 Score,GAMSAT S3 Score,UW GAMSAT,W GAMSAT,Offer Uni,GPA,GAMSAT,Place Type,Preference,Interviewed?,Interviewing Uni,GPA,GAMSAT,Places Selected,Preference,Deakin Bonus,ANU Bonus,MQ Bonus (GPA),CASPer Quartile,UQ RMP Tier,UQ Metro/RMP,GEMSAS Over Other?,Interview Opinion,"Notes
"
0,10/27/2022 10:11:29,Non-Rural,66,74,69,69.66666667,69.5,Deakin University,5.693,69.5,CSP,4,No,The University of Wollongong,5.5,69.5,All,1,2,2,0,4th,Tier 3,,Yes,Very well,"
"
1,10/27/2022 10:11:54,Non-Rural,57,66,99,74,80.25,Deakin University,6.56,80.25,CSP,1,Yes,,,,,,0,0,0,N/A,Tier 3,,Yes,Unsure,"
"
2,10/27/2022 10:12:51,Non-Rural,74,83,80,79,79.25,,,,,,,The University of Notre Dame Sydney,5.383,79,All,5,2,2,0,N/A,N/A,,,Well,"
"
3,10/27/2022 10:13:20,Non-Rural,62,68,74,68,69.5,,,,,,,Australian National University,6.85,69.5,CSP & BMP Only,1,2,2,0,N/A,N/A,,,Poorly,"
"
4,10/27/2022 10:13:40,Non-Rural,79,76,76,77,76.75,,,,,,,The University of Melbourne,6.1,77,CSP & BMP Only,5,0,0,0,N/A,N/A,,,Well,"
"
5,10/27/2022 10:14:21,Non-Rural,74,74,69,72.33333333,71.5,,,,,,,The University of Queensland,7,72.33333333,CSP & BMP Only,1,0,2,0,N/A,N/A,,,Unsure,"
"
6,10/27/2022 10:14:34,Non-Rural,64,69,91,74.66666667,78.75,,,,,,,The University of Queensland,6.42,74.66666667,CSP Only,2,0,0,0,N/A,N/A,,,Unsure,"
"
7,10/27/2022 10:14:38,Non-Rural,67,75,74,72,72.5,Deakin University,6.385,72.5,CSP,2,Yes,,,,,,6,0,0,N/A,N/A,,No,Well,"
"
8,10/27/2022 10:15:38,Non-Rural,82,72,71,75,74,,,,,,,Deakin University,6.99,74,CSP & BMP Only,1,2,2,0,N/A,N/A,,,Unsure,"
"
9,10/27/2022 10:15:46,Non-Rural,64,81,72,72.33333333,72.25,,,,,,,The University of Notre Dame Sydney,7,72.33333333,CSP & BMP Only,1,0,0,0,N/A,N/A,,,Well,"Felt like I had a good portfolio
"
10,10/27/2022 10:16:36,Non-Rural,64,66,65,65,65,,,,,,,Griffith University,6.743,65,All,1,0,0,0,N/A,N/A,,,Unsure,"
"
11,10/27/2022 10:18:02,Non-Rural,65,79,62,68.66666667,67,,,,,,,The University of Melbourne,6.963,68.66666667,CSP & BMP Only,4,0,0,0,N/A,N/A,,,Well,"
"
12,10/27/2022 10:20:17,Rural,72,64,63,66.33333333,65.5,Deakin University,6.92,65.5,CSP,1,Yes,,,,,,8,0,0,N/A,N/A,,No,Well,"
"
13,10/27/2022 10:20:35,Rural,68,76,62,68.66666667,67,The University of Queensland,5.9,68.66666667,CSP,1,Yes,,,,,,6,0,3,4th,Tier 2,RMP,Yes,Well,"
"
14,10/27/2022 10:20:41,Non-Rural,65,60,85,70,73.75,Deakin University,6.95,73.75,BMP,3,No,Australian National University,6.95,73.75,CSP & BMP Only,1,0,0,0,N/A,N/A,,No,Unsure,"
"
15,10/27/2022 10:21:42,Non-Rural,65,81,65,70.33333333,69,Griffith University,6.885,69,CSP,1,Yes,,,,,,0,0,0,N/A,N/A,,Yes,Well,"
"
16,10/27/2022 10:21:43,Non-Rural,60,67,70,65.66666667,66.75,,,,,,,The University of Western Australia,7,66.75,CSP Only,4,0,0,0,N/A,N/A,,,Well,"
"
17,10/27/2022 10:21:43,Non-Rural,60,74,72,68.66666667,69.5,Deakin University,6.917,69.5,CSP,4,Yes,,,,,,2,0,0,N/A,N/A,,Unsure,Well,"
"
18,10/27/2022 10:21:46,Non-Rural,64,73,74,70.33333333,71.25,Deakin University,6.578,71.25,CSP,3,No,The University of Queensland,7,70.33333333,All,2,4,0,0,N/A,Tier 3,,Unsure,Very well,"
"
19,10/27/2022 10:21:57,Rural,66,62,63,63.66666667,63.5,The University of Queensland,6.47,63.66666667,BMP,1,Yes,,,,,,2,0,0,4th,Tier 2,RMP,Yes,Unsure,"UQ rural pathway
"
20,10/27/2022 10:22:22,Rural,55,71,66,64,64.5,Deakin University,6.35,64.5,BMP,1,Yes,,,,,,10,2,0,N/A,N/A,,Unsure,Very poorly,"RTS tier 1 applicant
"
21,10/27/2022 10:22:55,Non-Rural,58,71,77,68.66666667,70.75,Griffith University,6.57,70.75,CSP,5,Yes,,,,,,0,0,0,N/A,N/A,,Yes,Very well,"
"
22,10/27/2022 10:23:47,Non-Rural,64,73,85,74,76.75,,,,,,,The University of Melbourne,7,74,All,1,0,0,0,N/A,N/A,,,Unsure,"
"
23,10/27/2022 10:24:38,Non-Rural,63,82,58,67.66666667,65.25,,,,,,,The University of Notre Dame Fremantle,6.708,67.66666667,All,1,0,0,0,N/A,N/A,,,Well,"Strong portfolio, WA resident, health professional
"
24,10/27/2022 10:25:06,Non-Rural,60,72,77,69.66666667,71.5,,,,,,,Griffith University,6.864,71.5,CSP & BMP Only,2,2,0,0,N/A,N/A,,,Unsure,"
"
25,10/27/2022 10:26:08,Non-Rural,54,63,100,72.33333333,79.25,,,,,,,The University of Melbourne,6.78,72.33333333,All,1,0,0,0,N/A,N/A,,,Unsure,"
"
26,10/27/2022 10:26:59,Non-Rural,62,70,66,66,66,,,,,,,The University of Notre Dame Sydney,6.75,66,All,1,2,2,0,N/A,Tier 3,,,Unsure,"
"
27,10/27/2022 10:27:30,Non-Rural,66,79,70,71.66666667,71.25,,,,,,,The University of Melbourne,6.85,71.66666667,CSP & BMP Only,1,0,0,0,1st,N/A,,,Well,"GAM
"
28,10/27/2022 10:28:45,Non-Rural,66,73,81,73.33333333,75.25,Deakin University,6.46,75.25,CSP,1,Yes,,,,,,4,2,0,N/A,N/A,,Yes,Unsure,"Moderately strong portfolio
"
29,10/27/2022 10:30:16,Rural,59,62,53,58,56.75,,,,,,,Griffith University,6.1,56.75,All,1,2,0,0,N/A,N/A,,,Unsure,"
"
30,10/27/2022 10:32:43,Non-Rural,67,72,76,71.66666667,72.75,,,,,,,The University of Western Australia,6.54,72.75,CSP & BMP Only,4,2,0,0,N/A,N/A,,,Unsure,"GAM
"
31,10/27/2022 10:33:54,Rural,54,67,73,64.66666667,66.75,,,,,,,The University of Queensland,7,64.66666667,CSP & BMP Only,1,0,2,0,1st,Tier 2,,,Unsure,"not sure what RMP tier but I was interviewed for RMP and greater brisbane pathway (edit- as rural, likely T2 -Luke)
"
32,10/27/2022 10:34:06,Non-Rural,71,78,66,71.66666667,70.25,Griffith University,6.79,70.25,CSP,5,No,The University of Queensland,7,71.66666667,CSP Only,4,2,2,0,4th,Tier 3,,Unsure,Unsure,"
"
33,10/27/2022 10:36:07,Non-Rural,65,76,77,72.66666667,73.75,Griffith University,6.75,73.75,CSP,2,No,The University of Queensland,7,72.66666667,CSP & BMP Only,1,0,2,0,N/A,N/A,,Yes,Well,"
"
34,10/27/2022 10:37:17,Non-Rural,73,70,67,70,69.25,,,,,,,The University of Queensland,6.857,70,CSP Only,1,0,0,0,N/A,N/A,,,Very well,"Only applied to metro
"
35,10/27/2022 10:38:42,Rural,63,66,60,63,62.25,The University of Wollongong,5.5,62.25,CSP,1,Yes,,,,,,0,0,0,3rd,N/A,,Unsure,Well,"
"
36,10/27/2022 10:39:15,Non-Rural,63,82,67,70.66666667,69.75,Deakin University,6.67,69.75,CSP,1,Yes,,,,,,6,0,0,3rd,N/A,,Yes,Well,"
"
37,10/27/2022 10:40:00,Rural,60,66,61,62.33333333,62,Deakin University,6.28,62,BMP,1,Yes,,,,,,10,0,0,N/A,N/A,,No,Well,"
"
38,10/27/2022 10:40:06,Non-Rural,68,75,84,75.66666667,77.75,,,,,,,Australian National University,6.35,77.75,All,2,0,2,0,N/A,N/A,,,Well,"
"
39,10/27/2022 10:40:23,Non-Rural,67,63,91,73.66666667,78,,,,,,,The University of Queensland,6.83,73.66666667,All,1,0,0,0,N/A,N/A,,,Unsure,"
"
40,10/27/2022 10:40:52,Rural,71,78,57,68.66666667,65.75,The University of Queensland,5.9,68.66666667,CSP,1,Yes,,,,,,0,0,0,2nd,Tier 2,RMP,Unsure,Very well,"
"
41,10/27/2022 10:42:12,Rural,62,72,61,65,64,Deakin University,6.84,64,CSP,1,Yes,,,,,,8,0,0,N/A,N/A,,Yes,Well,"
"
42,10/27/2022 10:46:42,Non-Rural,68,70,73,70.33333333,71,,,,,,,The University of Melbourne,6.9,70.33333333,All,1,0,2,0,N/A,N/A,,,Well,"90 WAM from UNSW, 1st Class Hons
"
43,10/27/2022 10:46:55,Non-Rural,66,75,73,71.33333333,71.75,The University of Notre Dame Sydney,6.87,71.33333333,FFP,1,Yes,,,,,,0,0,3,3rd,N/A,,Yes,Unsure,"Average/Above Average Portfolio.
"
44,10/27/2022 10:47:32,Non-Rural,59,59,75,64.33333333,67,Griffith University,7,67,CSP,4,No,The University of Queensland,7,64.33333333,CSP & BMP Only,3,0,0,0,N/A,Tier 3,,Unsure,Poorly,"
"
45,10/27/2022 10:48:59,Non-Rural,60,66,71,65.66666667,67,,,,,,,The University of Notre Dame Sydney,6.65,65.66666667,CSP Only,5,0,0,0,N/A,N/A,,,Very well,"Thought I had a strong portfolio, and personal statement, with relevant and good experience in all categories
"
46,10/27/2022 10:49:03,Non-Rural,69,61,65,65,65,,,,,,,The University of Notre Dame Sydney,5.9,65,All,5,0,0,0,N/A,N/A,,,Unsure,"
"
47,10/27/2022 10:50:18,Non-Rural,70,69,87,75.33333333,78.25,,,,,,,The University of Melbourne,6.9,75.33333333,CSP & BMP Only,1,0,0,0,N/A,N/A,,,Poorly,"
"
48,10/27/2022 10:50:33,Non-Rural,64,60,92,72,77,,,,,,,The University of Queensland,6.583,72,CSP & BMP Only,2,0,0,0,N/A,Tier 3,,,Unsure,"
"
49,10/27/2022 10:50:35,Rural,60,62,74,65.33333333,67.5,Griffith University,6,67.5,BMP,1,Yes,,,,,,0,0,0,N/A,N/A,,Yes,Well,"
"
50,10/27/2022 10:51:21,Non-Rural,56,67,68,63.66666667,64.75,,,,,,,The University of Queensland,7,63.66666667,All,2,4,2,0,1st,Tier 3,,,Well,"
"
51,10/27/2022 10:51:49,Non-Rural,65,70,63,66,65.25,,,,,,,The University of Notre Dame Sydney,6.8,66,CSP Only,1,0,0,0,1st,Tier 3,,,Unsure,"
"
52,10/27/2022 10:52:53,Non-Rural,71,71,71,71,71,,,,,,,The University of Notre Dame Sydney,6.87,71,CSP & BMP Only,1,0,0,0,2nd,N/A,,,Unsure,"
"
53,10/27/2022 10:53:44,Rural,67,73,60,66.66666667,65,The University of Notre Dame Sydney,6.766,66.66666667,BMP,1,Yes,,,,,,0,0,0,2nd,N/A,,Yes,Unsure,"
"
54,10/27/2022 10:54:23,Rural,56,58,62,58.66666667,59.5,Griffith University,6.313,59.5,CSP,1,Yes,,,,,,10,0,0,1st,N/A,,Yes,Well,"
"
55,10/27/2022 10:56:09,Non-Rural,66,72,69,69,69,,,,,,,The University of Queensland,7,69,CSP Only,1,0,0,0,N/A,N/A,,,Very well,"
"
56,10/27/2022 10:56:28,Non-Rural,60,70,59,63,62,The University of Notre Dame Sydney,6.59,63,FFP,1,Yes,,,,,,0,0,0,1st,N/A,,No,Poorly,"relatively strong portfolio ?
"
57,10/27/2022 10:57:35,Non-Rural,72,81,57,70,66.75,The University of Wollongong,5.5,66.75,CSP,4,Yes,,,,,,0,0,0,1st,N/A,,Yes,Well,"above average portfolio with lots of volunteering for museums and the homeless.
"
58,10/27/2022 10:58:17,Rural,64,74,66,68,67.5,The University of Notre Dame Fremantle,7,68,CSP,1,Yes,,,,,,10,0,0,N/A,N/A,,Yes,Poorly,"Above average portfolio, publications and volunteering etc
"
59,10/27/2022 11:00:10,Rural,58,70,60,62.66666667,62,Deakin University,6.45,62,CSP,1,Yes,,,,,,14,0,0,N/A,N/A,,Yes,Unsure,"Rural Stream Deakin Tier 1
"
60,10/27/2022 11:00:12,Non-Rural,62,76,95,77.66666667,82,,,,,,,The University of Melbourne,6.8,77.66666667,All,1,0,0,0,N/A,N/A,,,Poorly,"
"
61,10/27/2022 11:02:05,Rural,55,56,57,56,56.25,Deakin University,6.9,56.25,CSP,1,Yes,,,,,,8,0,3,N/A,N/A,,Yes,Very well,"
"
62,10/27/2022 11:03:05,Rural,60,60,65,61.66666667,62.5,Griffith University,6.2,62.5,BMP,1,Yes,,,,,,0,0,0,N/A,N/A,,Yes,Unsure,"
"
63,10/27/2022 11:03:40,Non-Rural,67,69,69,68.33333333,68.5,Griffith University,6.913,68.5,CSP,2,No,The University of Queensland,6.875,68.33333333,CSP & BMP Only,1,0,0,0,1st,N/A,,Yes,Unsure,"
"
64,10/27/2022 11:04:16,Non-Rural,62,68,72,67.33333333,68.5,Macquarie University,6.98,68.5,FFP,1,Yes,,,,,,2,0,0,N/A,N/A,,Yes,Well,"
"
65,10/27/2022 11:07:11,Non-Rural,62,74,67,67.66666667,67.5,The University of Notre Dame Sydney,6.64,67.66666667,FFP,1,Yes,,,,,,0,0,0,1st,N/A,,Yes,Unsure,"
"
66,10/27/2022 11:07:27,Non-Rural,50,63,80,64.33333333,68.25,,,,,,,The University of Western Australia,6.96,68.25,CSP Only,3,0,0,0,N/A,N/A,,,Very poorly,"
"
67,10/27/2022 11:08:46,Non-Rural,64,63,74,67,68.75,,,,,,,The University of Notre Dame Sydney,6.1,67,All,1,0,2,0,4th,N/A,,,Well,"Strong port
"
68,10/27/2022 11:09:01,Non-Rural,64,76,69,69.66666667,69.5,,,,,,,The University of Melbourne,7,69.66666667,CSP Only,1,0,0,0,N/A,N/A,,,Unsure,"
"
69,10/27/2022 11:09:48,Non-Rural,60,68,76,68,70,,,,,,,The University of Notre Dame Fremantle,6.94,68,All,1,0,0,0,N/A,N/A,,,Unsure,"Thought I had a strong portfolio
"
70,10/27/2022 11:10:38,Non-Rural,75,76,72,74.33333333,73.75,Griffith University,6.781,73.75,CSP,2,No,The University of Queensland,7,74.33333333,CSP & BMP Only,1,0,2,0,N/A,N/A,,Unsure,Unsure,"
"
71,10/27/2022 11:12:27,Non-Rural,69,90,84,81,81.75,The University of Notre Dame Fremantle,6.98,81,CSP,1,Yes,,,,,,0,0,0,N/A,N/A,,Yes,Well,"WA resident, I think quite strong- variety + long commitment to various activities.
"
72,10/27/2022 11:13:32,Non-Rural,60,77,65,67.33333333,66.75,,,,,,,The University of Wollongong,5.5,66.75,All,6,2,0,0,2nd,N/A,,,Poorly,"Diverse experiences in portfolio so maybe relatively strong?
"
73,10/27/2022 11:15:12,Rural,57,69,58,61.33333333,60.5,The University of Wollongong,5.5,60.5,CSP,1,Yes,,,,,,8,0,0,3rd,N/A,,Yes,Well,"Strong Portfolio, rich Rural experiences
"
74,10/27/2022 11:15:52,Non-Rural,65,67,59,63.66666667,62.5,,,,,,,The University of Notre Dame Fremantle,6.875,63.66666667,All,1,0,0,0,N/A,N/A,,,Well,"WA Resident
"
75,10/27/2022 11:17:01,Non-Rural,74,71,68,71,70.25,The University of Notre Dame Sydney,5.875,71,CSP,2,No,The University of Wollongong,5.5,70.25,All,1,2,0,0,3rd,N/A,,Yes,Well,"Strong portfolio
"
76,10/27/2022 11:19:06,Non-Rural,66,75,73,71.33333333,71.75,,,,,,,The University of Melbourne,6.96,71.33333333,CSP & BMP Only,1,6,0,0,N/A,N/A,,,Unsure,"
"
77,10/27/2022 11:21:26,Non-Rural,60,63,78,67,69.75,,,,,,,The University of Wollongong,5.5,69.75,CSP & BMP Only,5,0,0,0,3rd,N/A,,,Unsure,"
"
78,10/27/2022 11:23:09,Non-Rural,62,84,53,66.33333333,63,The University of Wollongong,5.5,63,CSP,2,No,The University of Notre Dame Sydney,6.781,66.33333333,CSP & BMP Only,1,0,0,0,1st,N/A,,Yes,Well,"Strong portfolio
"
79,10/27/2022 11:23:17,Non-Rural,59,77,80,72,74,Deakin University,6.95,74,CSP,2,No,The University of Melbourne,6.95,72,CSP & BMP Only,1,4,0,0,N/A,N/A,,Unsure,Poorly,"
"
80,10/27/2022 11:25:33,Rural,59,66,69,64.66666667,65.75,Deakin University,6.18,65.75,CSP,1,Yes,,,,,,12,0,3,N/A,N/A,,Yes,Well,"
"
81,10/27/2022 11:26:05,Non-Rural,74,72,86,77.33333333,79.5,,,,,,,The University of Queensland,7,77.33333333,CSP & BMP Only,1,2,0,0,N/A,N/A,,,Very well,"
"
82,10/27/2022 11:27:37,Rural,63,62,64,63,63.25,Deakin University,7,63.25,CSP,1,Yes,,,,,,8,0,0,N/A,N/A,,Yes,Well,"
"
83,10/27/2022 11:28:27,Non-Rural,68,74,88,76.66666667,79.5,The University of Melbourne,6.917,76.66666667,BMP,1,Yes,,,,,,2,0,0,N/A,N/A,,Yes,Poorly,"
"
84,10/27/2022 11:33:33,Rural,64,58,53,58.33333333,57,The University of Wollongong,5.5,57,CSP,2,No,Australian National University,6.05,57,All,1,0,0,0,2nd,N/A,,Yes,Poorly,"Strength of portfolio (Average)
"
85,10/27/2022 11:34:24,Non-Rural,64,70,76,70,71.5,,,,,,,The University of Notre Dame Sydney,6.86,70,CSP & BMP Only,1,2,0,0,1st,N/A,,,Well,"
"
86,10/27/2022 11:34:36,Non-Rural,76,79,63,72.66666667,70.25,,,,,,,The University of Queensland,7,72.66666667,CSP Only,1,0,0,0,N/A,N/A,,,Very well,"
"
87,10/27/2022 11:35:04,Non-Rural,64,76,62,67.33333333,66,,,,,,,The University of Wollongong,5.5,66,All,1,2,0,0,4th,N/A,,,Unsure,"
"
88,10/27/2022 11:35:50,Non-Rural,64,74,72,70,70.5,The University of Melbourne,7,70,BMP,1,Yes,,,,,,0,0,0,N/A,N/A,,Yes,Unsure,"
"
89,10/27/2022 11:36:03,Non-Rural,55,73,74,67.33333333,69,Macquarie University,6.91,69,FFP,2,Yes,,,,,,0,0,0,N/A,N/A,,Yes,Unsure,"
"
90,10/27/2022 11:38:28,Non-Rural,75,66,74,71.66666667,72.25,,,,,,,The University of Wollongong,5.5,72.25,All,1,0,0,0,3rd,N/A,,,Poorly,"average portfolio
"
91,10/27/2022 11:41:50,Non-Rural,64,66,87,72.33333333,76,The University of Melbourne,7,72.33333333,CSP,1,Yes,,,,,,0,0,0,N/A,N/A,,Yes,Poorly,"
"
92,10/27/2022 11:46:36,Non-Rural,73,73,74,73.33333333,73.5,,,,,,,The University of Melbourne,6.7,73.33333333,CSP & BMP Only,1,0,0,0,N/A,N/A,,,Well,"
"
93,10/27/2022 11:49:30,Non-Rural,59,82,78,73,74.25,,,,,,,Australian National University,6.78,74.25,CSP & BMP Only,1,0,2,0,N/A,N/A,,,Poorly,"
"
94,10/27/2022 11:49:39,Rural,77,71,67,71.66666667,70.5,The University of Melbourne,6.434,71.66666667,BMP,1,Yes,,,,,,4,0,0,1st,N/A,,Yes,Well,"
"
95,10/27/2022 11:49:59,Non-Rural,69,68,83,73.33333333,75.75,The University of Melbourne,6.58,73.33333333,CSP,1,Yes,,,,,,0,0,0,N/A,N/A,,Yes,Unsure,"
"
96,10/27/2022 11:54:17,Non-Rural,68,73,66,69,68.25,Australian National University,6.979,68.25,CSP,1,Yes,,,,,,0,2,0,N/A,N/A,,Yes,Unsure,"
"
97,10/27/2022 11:54:33,Non-Rural,58,63,61,60.66666667,60.75,,,,,,,The University of Notre Dame Sydney,6.94,60.66666667,All,1,0,0,0,3rd,N/A,,,Unsure,"Strong portfolio
"
98,10/27/2022 12:00:43,Non-Rural,70,65,77,70.66666667,72.25,The University of Melbourne,7,70.66666667,CSP,1,Yes,,,,,,0,0,0,N/A,N/A,,Yes,Well,"
"
99,10/27/2022 12:00:51,Rural,79,80,74,77.66666667,76.75,Australian National University,6.875,76.75,CSP,1,Yes,,,,,,0,2,0,N/A,N/A,,Yes,Unsure,"
"
100,10/27/2022 12:00:55,Non-Rural,70,71,53,64.66666667,61.75,,,,,,,The University of Notre Dame Sydney,6.74,64.66666667,All,2,6,0,0,3rd,N/A,,,Well,"
"
101,10/27/2022 12:01:20,Rural,68,80,72,73.33333333,73,The University of Melbourne,6.007,73.33333333,CSP,1,Yes,,,,,,4,0,0,N/A,N/A,,No,Well,"
"
102,10/27/2022 12:01:46,Non-Rural,58,62,66,62,63,Griffith University,6.5,63,CSP,1,Yes,,,,,,0,0,0,N/A,N/A,,Yes,Well,"
"
103,10/27/2022 12:06:24,Rural,69,56,75,66.66666667,68.75,Griffith University,6.188,68.75,BMP,1,Yes,,,,,,0,0,0,N/A,N/A,,Yes,Well,"
"
104,10/27/2022 12:06:55,Non-Rural,58,72,70,66.66666667,67.5,,,,,,,The University of Queensland,7,66.66666667,CSP & BMP Only,1,0,0,0,1st,N/A,,,Unsure,"
"
105,10/27/2022 12:07:32,Rural,79,71,79,76.33333333,77,The University of Melbourne,6.89,76.33333333,BMP,1,Yes,,,,,,0,0,0,N/A,N/A,,No,Well,"
"
106,10/27/2022 12:07:48,Rural,61,69,64,64.66666667,64.5,The University of Queensland,6.619,64.66666667,CSP,1,Yes,,,,,,0,0,0,N/A,Tier 1,RMP,Yes,Well,"
"
107,10/27/2022 12:10:11,Non-Rural,59,83,61,67.66666667,66,,,,,,,The University of Queensland,7,67.66666667,CSP & BMP Only,2,0,2,0,3rd,Tier 3,,,Unsure,"
"
108,10/27/2022 12:10:14,Non-Rural,66,81,63,70,68.25,The University of Notre Dame Sydney,6.23,70,FFP,1,Yes,,,,,,4,0,0,N/A,N/A,,Unsure,Unsure,"Average portfolio
"
109,10/27/2022 12:12:17,Non-Rural,69,70,74,71,71.75,Griffith University,6.948,71.75,CSP,2,No,The University of Queensland,6.979,71,All,1,0,0,0,3rd,Tier 3,,Yes,Well,"Tier 3 Applicant for UQ RMP
"
110,10/27/2022 12:15:45,Non-Rural,63,78,68,69.66666667,69.25,The University of Notre Dame Sydney,6.53,69.66666667,FFP,2,No,The University of Queensland,7,69.66666667,All,1,0,0,0,1st,Tier 3,,Unsure,Well,"Strong portfolio
"
111,10/27/2022 12:15:49,Non-Rural,71,65,95,77,81.5,The University of Melbourne,6.693,77,CSP,2,No,The University of Queensland,7,77,All,1,0,0,0,N/A,N/A,,Yes,Very well,"
"
112,10/27/2022 12:16:26,Rural,70,64,73,69,70,,,,,,,Griffith University,5.469,70,All,2,0,0,0,N/A,N/A,,,Well,"
"
113,10/27/2022 12:16:45,Rural,72,63,81,72,74.25,The University of Wollongong,5.5,74.25,CSP,1,Yes,,,,,,10,0,3,2nd,N/A,,Yes,Well,"Above average portfolio
"
114,10/27/2022 12:16:50,Rural,56,59,56,57,56.75,The University of Queensland,6.26,57,CSP,1,Yes,,,,,,8,0,3,N/A,Tier 2,RMP,Yes,Very well,"RMP applicant
"
115,10/27/2022 12:16:54,Non-Rural,64,68,82,71.33333333,74,The University of Melbourne,6.888,71.33333333,CSP,1,Yes,,,,,,0,0,0,N/A,N/A,,Yes,Unsure,"
"
116,10/27/2022 12:17:08,Rural,70,70,58,66,64,The University of Melbourne,6.65,66,BMP,1,Yes,,,,,,6,0,0,N/A,N/A,,Yes,Unsure,"Possibly GAM
"
117,10/27/2022 12:18:44,Non-Rural,66,84,62,70.66666667,68.5,Deakin University,7,68.5,CSP,2,Yes,,,,,,2,2,0,N/A,N/A,,Yes,Unsure,"
"
118,10/27/2022 12:21:12,Non-Rural,73,86,68,75.66666667,73.75,The University of Melbourne,6.913,75.66666667,CSP,1,Yes,,,,,,2,2,0,N/A,N/A,,Yes,Unsure,"
"
119,10/27/2022 12:22:47,Non-Rural,64,80,84,76,78,The University of Queensland,6.54,76,CSP,3,Yes,,,,,,0,0,0,N/A,Tier 3,Metro,Yes,Well,"
"
120,10/27/2022 12:23:34,Non-Rural,61,75,100,78.66666667,84,The University of Melbourne,5.838,78.66666667,CSP,1,Yes,,,,,,2,0,0,4th,N/A,,Yes,Well,"GAM
"
121,10/27/2022 12:25:13,Non-Rural,76,81,60,72.33333333,69.25,The University of Melbourne,6.73,72.33333333,FFP,2,Yes,,,,,,0,2,0,N/A,N/A,,No,Well,"
"
122,10/27/2022 12:25:26,Non-Rural,60,60,83,67.66666667,71.5,,,,,,,Griffith University,6.61,71.5,All,3,0,0,0,N/A,N/A,,,Unsure,"
"
123,10/27/2022 12:25:47,Non-Rural,73,61,78,70.66666667,72.5,The University of Wollongong,5.5,72.5,CSP,1,Yes,,,,,,0,0,0,4th,N/A,,Yes,Unsure,"
"
124,10/27/2022 12:27:52,Non-Rural,69,71,70,70,70,The University of Melbourne,6.97,70,BMP,1,Yes,,,,,,0,0,0,N/A,N/A,,No,Unsure,"
"
125,10/27/2022 12:31:34,Rural,67,61,61,63,62.5,The University of Wollongong,5.5,62.5,CSP,1,Yes,,,,,,12,0,0,1st,N/A,,Unsure,Poorly,"WA resident
"
126,10/27/2022 12:33:00,Non-Rural,60,75,79,71.33333333,73.25,,,,,,,Griffith University,6.96,73.25,All,1,2,0,0,N/A,N/A,,,Well,"
"
127,10/27/2022 12:33:29,Non-Rural,68,72,76,72,73,The University of Melbourne,6.52,72,CSP,1,Yes,,,,,,0,0,0,N/A,N/A,,Yes,Poorly,"said ""fuck "" mid interview after a bad answer
"
128,10/27/2022 12:38:24,Non-Rural,59,64,78,67,69.75,,,,,,,The University of Queensland,7,67,CSP & BMP Only,2,2,0,0,N/A,Tier 3,,,Very poorly,"
"
129,10/27/2022 12:38:49,Rural,69,79,66,71.33333333,70,Deakin University,5.17,70,BMP,1,Yes,,,,,,10,0,0,N/A,N/A,,Unsure,Well,"
"
130,10/27/2022 12:41:22,Non-Rural,68,73,64,68.33333333,67.25,,,,,,,Deakin University,6.689,67.25,All,1,6,0,0,N/A,N/A,,,Well,"
"
131,10/27/2022 12:42:23,Rural,51,70,56,59,58.25,,,,,,,Deakin University,6.74,58.25,All,1,10,0,0,N/A,N/A,,,Very poorly,"average
"
132,10/27/2022 12:43:13,Non-Rural,66,78,66,70,69,,,,,,,The University of Notre Dame Sydney,6.629,70,CSP & BMP Only,1,0,0,0,4th,N/A,,,Very well,"Average portfolio
"
133,10/27/2022 12:46:05,Non-Rural,58,68,82,69.33333333,72.5,Deakin University,6.99,72.5,BMP,2,No,The University of Melbourne,6.979,69.33333333,CSP & BMP Only,1,0,0,0,N/A,N/A,,Yes,Well,"
"
134,10/27/2022 12:46:41,Non-Rural,58,73,75,68.66666667,70.25,Macquarie University,6.91,70.25,FFP,6,No,The University of Queensland,7,68.66666667,CSP Only,2,0,2,0,N/A,Tier 3,,Unsure,Unsure,"
"
135,10/27/2022 12:47:03,Rural,65,52,57,58,57.75,The University of Queensland,6,58,CSP,2,No,Griffith University,5.9,57.75,All,1,0,0,0,N/A,Tier 2,RMP,Yes,Poorly,"RMP Applicant
"
136,10/27/2022 12:47:21,Non-Rural,76,65,82,74.33333333,76.25,The University of Melbourne,6.589,74.33333333,CSP,1,Yes,,,,,,6,0,0,2nd,N/A,,Yes,Unsure,"
"
137,10/27/2022 12:48:51,Non-Rural,69,58,71,66,67.25,,,,,,,The University of Queensland,6.8533,66,All,1,0,0,0,N/A,Tier 3,,,Very well,"Rmp applicant- tier 3
"
138,10/27/2022 12:51:20,Non-Rural,60,72,70,67.33333333,68,,,,,,,The University of Melbourne,7,67.33333333,CSP & BMP Only,1,2,0,0,N/A,N/A,,,Unsure,"
"
139,10/27/2022 12:52:20,Rural,61,57,59,59,59,,,,,,,The University of Wollongong,5.5,59,All,1,8,0,5,1st,N/A,,,Unsure,"Portfolio average
"
140,10/27/2022 12:52:51,Non-Rural,59,82,73,71.33333333,71.75,The University of Melbourne,7,71.33333333,CSP,1,Yes,,,,,,0,0,0,N/A,N/A,,Yes,Poorly,"
"
141,10/27/2022 12:55:02,Rural,52,57,70,59.66666667,62.25,Deakin University,5.417,62.25,BMP,1,Yes,,,,,,8,0,0,N/A,N/A,,Yes,Well,"Being a hospital pharmacist for a few years helped significantly for interview questions.
"
142,10/27/2022 12:56:24,Rural,69,70,54,64.33333333,61.75,The University of Notre Dame Fremantle,6.1,64.33333333,BMP,2,No,Deakin University,6.1,61.75,CSP & BMP Only,1,8,0,0,N/A,N/A,,Unsure,Well,"
"
143,10/27/2022 12:58:15,Non-Rural,74,68,80,74,75.5,Griffith University,6.448,75.5,CSP,2,Yes,,,,,,0,0,0,N/A,N/A,,Yes,Well,"
"
144,10/27/2022 13:02:18,Rural,62,68,98,76,81.5,The University of Melbourne,7,76,CSP,1,Yes,,,,,,0,0,0,N/A,N/A,,Yes,Very well,"
"
145,10/27/2022 13:03:24,Non-Rural,68,64,81,71,73.5,Griffith University,6.958,73.5,CSP,2,No,The University of Queensland,6.99,71,CSP & BMP Only,1,0,0,0,N/A,N/A,,Yes,Unsure,"
"
146,10/27/2022 13:04:07,Non-Rural,71,74,66,70.33333333,69.25,The University of Notre Dame Sydney,6.81,70.33333333,CSP,1,Yes,,,,,,0,0,0,N/A,N/A,,Yes,Very well,"
"
147,10/27/2022 13:04:55,Rural,53,64,50,55.66666667,54.25,The University of Notre Dame Sydney,5.5,55.66666667,FFP,1,Yes,,,,,,2,0,0,2nd,N/A,,Yes,Unsure,"Pretty strong portfolio and MM2 background
"
148,10/27/2022 13:06:27,Non-Rural,67,68,77,70.66666667,72.25,The University of Queensland,7,70.66666667,CSP,3,Yes,,,,,,0,2,0,N/A,N/A,Metro,Yes,Well,"
"
149,10/27/2022 13:08:43,Rural,62,70,78,70,72,The University of Melbourne,7,70,CSP,1,Yes,,,,,,8,0,0,N/A,Tier 2,,Yes,Unsure,"
"
150,10/27/2022 13:09:09,Non-Rural,58,64,79,67,70,Griffith University,6.979,70,CSP,1,Yes,,,,,,2,0,0,N/A,N/A,,Unsure,Well,"
"
151,10/27/2022 13:09:17,Non-Rural,71,81,75,75.66666667,75.5,Deakin University,6.885,75.5,BMP,1,Yes,,,,,,6,0,0,N/A,N/A,,Yes,Poorly,"
"
152,10/27/2022 13:09:43,Non-Rural,70,72,68,70,69.5,,,,,,,The University of Queensland,7,70,CSP Only,1,0,0,0,N/A,N/A,,,Very well,"
"
153,10/27/2022 13:16:47,Non-Rural,65,65,67,65.66666667,66,The University of Wollongong,5.5,66,CSP,2,Yes,,,,,,0,0,0,4th,N/A,,Yes,Unsure,"Above average portfolio
"
154,10/27/2022 13:20:02,Non-Rural,65,73,69,69,69,Macquarie University,6.744,69,FFP,2,Yes,,,,,,0,0,0,N/A,N/A,,Yes,Well,"
"
155,10/27/2022 13:21:32,Rural,70,68,66,68,67.5,Deakin University,6.12,67.5,CSP,1,Yes,,,,,,14,0,0,N/A,N/A,,Unsure,Well,"RURAL TRAINING STREAM
"
156,10/27/2022 13:22:07,Non-Rural,70,66,70,68.66666667,69,,,,,,,Macquarie University,6.5,69,All,6,0,0,0,N/A,N/A,,,Unsure,"
"
157,10/27/2022 13:22:41,Non-Rural,75,81,58,71.33333333,68,The University of Melbourne,6.96,71.33333333,CSP,1,Yes,,,,,,4,0,0,N/A,N/A,,Unsure,Unsure,"
"
158,10/27/2022 13:23:06,Rural,63,64,69,65.33333333,66.25,,,,,,,Griffith University,6.16,66.25,All,2,12,0,0,N/A,Tier 1,,,Well,"
"
159,10/27/2022 13:25:27,Non-Rural,78,80,58,72,68.5,The University of Wollongong,5.5,68.5,CSP,1,Yes,,,,,,0,0,0,1st,N/A,,Unsure,Unsure,"
"
160,10/27/2022 13:30:14,Non-Rural,62,73,69,68,68.25,Deakin University,6.885,68.25,CSP,1,Yes,,,,,,4,0,0,1st,N/A,,Yes,Well,"
"
161,10/27/2022 13:32:02,Non-Rural,68,72,77,72.33333333,73.5,Griffith University,7,73.5,CSP,1,Yes,,,,,,2,0,0,N/A,N/A,,Unsure,Well,"
"
162,10/27/2022 13:32:10,Rural,72,86,66,74.66666667,72.5,Griffith University,5.573,72.5,BMP,2,Yes,,,,,,8,0,0,N/A,N/A,,Yes,Unsure,"
"
163,10/27/2022 13:32:59,Non-Rural,69,80,81,76.66666667,77.75,The University of Melbourne,6.888,76.66666667,CSP,1,Yes,,,,,,0,0,0,N/A,N/A,,Yes,Very poorly,"
"
164,10/27/2022 13:35:37,Rural,68,67,59,64.66666667,63.25,The University of Queensland,5.8,64.66666667,BMP,2,No,The University of Wollongong,5.5,63.25,CSP & BMP Only,1,0,0,0,3rd,Tier 2,RMP,No,Well,"
"
165,10/27/2022 13:37:25,Non-Rural,67,66,89,74,77.75,The University of Melbourne,7,74,CSP,1,Yes,,,,,,0,0,0,N/A,N/A,,Yes,Poorly,"
"
166,10/27/2022 13:40:02,Non-Rural,70,74,59,67.66666667,65.5,,,,,,,The University of Queensland,7,67.66666667,CSP & BMP Only,1,0,0,0,N/A,N/A,,,Poorly,"
"
167,10/27/2022 13:44:29,Rural,65,64,77,68.66666667,70.75,Deakin University,6.953,70.75,CSP,1,Yes,,,,,,14,0,0,N/A,N/A,,Yes,Very poorly,"Rural Training Stream applicant
"
168,10/27/2022 13:46:33,Non-Rural,68,61,77,68.66666667,70.75,The University of Melbourne,6.565,68.66666667,CSP,3,No,The University of Wollongong,5.5,70.75,All,2,0,2,0,3rd,N/A,,Yes,Unsure,"
"
169,10/27/2022 13:49:15,Non-Rural,66,62,73,67,68.5,,,,,,,The University of Queensland,7,67,All,2,0,4,0,N/A,Tier 3,,,Unsure,"
"
170,10/27/2022 13:52:15,Non-Rural,65,70,67,67.33333333,67.25,The University of Notre Dame Fremantle,6.18,67.33333333,CSP,1,Yes,,,,,,0,0,0,N/A,N/A,,Yes,Unsure,"WA resident, portfolio strongish for my age, personal statement and portfolio written well in my opinion. Not stacked with volunteering etc, more just personal experiences that I could apply to being a doctor.
"
171,10/27/2022 13:54:32,Rural,57,67,83,69,72.5,Griffith University,6.93,72.5,BMP,1,Yes,,,,,,0,0,0,N/A,N/A,,Yes,Poorly,"
"
172,10/27/2022 14:00:04,Non-Rural,65,70,91,75.33333333,79.25,Griffith University,5.6,79.25,BMP,2,Yes,,,,,,0,0,0,N/A,N/A,,Yes,Unsure,"
"
173,10/27/2022 14:02:01,Non-Rural,62,74,70,68.66666667,69,The University of Melbourne,6.53,68.66666667,FFP,2,No,Macquarie University,6.73,69,All,1,0,0,3,N/A,N/A,,Yes,Well,"
"
174,10/27/2022 14:02:37,Non-Rural,61,79,62,67.33333333,66,The University of Melbourne,7,67.33333333,CSP,3,Yes,,,,,,0,0,0,N/A,N/A,,Yes,Unsure,"
"
175,10/27/2022 14:05:33,Non-Rural,71,72,68,70.33333333,69.75,The University of Melbourne,6.923,70.33333333,CSP,1,Yes,,,,,,0,0,0,N/A,N/A,,Yes,Well,"GAM
"
176,10/27/2022 14:08:34,Rural,68,67,56,63.66666667,61.75,The University of Queensland,7,63.66666667,CSP,1,Yes,,,,,,0,0,0,N/A,Tier 1,RMP,Yes,Well,"
"
177,10/27/2022 14:14:31,Rural,63,55,81,66.33333333,70,Deakin University,6.7,70,BMP,1,Yes,,,,,,4,0,0,N/A,N/A,,Yes,Poorly,"
"
178,10/27/2022 14:20:24,Non-Rural,65,75,92,77.33333333,81,The University of Melbourne,6.9,77.33333333,CSP,1,Yes,,,,,,0,0,0,N/A,N/A,,No,Unsure,"
"
179,10/27/2022 14:25:26,Rural,72,71,79,74,75.25,The University of Melbourne,6.75,74,BMP,2,No,Deakin University,7,75.25,All,1,6,0,3,N/A,Tier 2,,No,Well,"
"
180,10/27/2022 14:27:12,Non-Rural,66,73,69,69.33333333,69.25,The University of Melbourne,6.9,69.33333333,CSP,2,Yes,,,,,,0,0,0,N/A,N/A,,Yes,Well,"
"
181,10/27/2022 14:31:35,Non-Rural,70,74,68,70.66666667,70,Australian National University,6.878,70,CSP,1,Yes,,,,,,2,2,0,N/A,N/A,,Yes,Well,"N/A
"
182,10/27/2022 14:33:16,Rural,68,93,57,72.66666667,68.75,The University of Queensland,6.885,72.66666667,CSP,1,Yes,,,,,,2,0,0,N/A,N/A,Metro,Yes,Unsure,"
"
183,10/27/2022 14:41:42,Non-Rural,60,59,73,64,66.25,,,,,,,The University of Western Australia,7,66.25,CSP Only,5,0,0,0,N/A,N/A,,,Unsure,"
"
184,10/27/2022 14:43:21,Non-Rural,67,77,78,74,75,The University of Western Australia,6.583,75,CSP,2,Yes,,,,,,2,0,0,N/A,N/A,,Yes,Unsure,"
"
185,10/27/2022 14:46:15,Rural,66,70,68,68,68,,,,,,,The University of Notre Dame Sydney,6.5,68,All,1,2,0,0,N/A,N/A,,,Unsure,"Strong portfolio
"
186,10/27/2022 14:48:02,Non-Rural,69,60,78,69,71.25,The University of Western Australia,7,71.25,CSP,1,Yes,,,,,,0,4,0,N/A,N/A,,Yes,Well,"
"
187,10/27/2022 14:51:37,Rural,58,66,63,62.33333333,62.5,Deakin University,6.72,62.5,CSP,1,Yes,,,,,,12,0,0,N/A,N/A,,Yes,Poorly,"
"
188,10/27/2022 14:57:37,Rural,52,67,55,58,57.25,The University of Notre Dame Fremantle,6.3,58,CSP,1,Yes,,,,,,8,2,0,N/A,Tier 3,,Yes,Well,"Clinical experience in portfolio but <2years. Lots of volunteering and variety of multidisciplinary teams.
"
189,10/27/2022 15:03:26,Non-Rural,73,67,86,75.33333333,78,The University of Western Australia,6.958,78,CSP,2,No,The University of Melbourne,6.978,75.33333333,CSP Only,1,2,0,0,N/A,N/A,,Yes,Unsure,"
"
190,10/27/2022 15:03:42,Non-Rural,69,79,58,68.66666667,66,The University of Notre Dame Sydney,6.5,68.66666667,CSP,1,Yes,,,,,,8,0,0,1st,N/A,,Yes,Unsure,"Strong portfolio
"
191,10/27/2022 15:05:45,Rural,69,64,61,64.66666667,63.75,,,,,,,Griffith University,7,63.75,All,3,0,0,0,4th,N/A,,,Poorly,"Strong portfolio. Interview let me down
"
192,10/27/2022 15:09:35,Non-Rural,57,63,70,63.33333333,65,Macquarie University,6.8333,65,FFP,5,Yes,,,,,,2,0,3,2nd,N/A,,Yes,Well,"
"
193,10/27/2022 15:10:50,Non-Rural,69,79,58,68.66666667,66,The University of Notre Dame Sydney,6.5,68.66666667,CSP,1,Yes,,,,,,8,0,0,1st,N/A,,Yes,Unsure,"Strong Portfolio
"
194,10/27/2022 15:11:58,Non-Rural,65,75,77,72.33333333,73.5,Australian National University,6.948,73.5,CSP,1,Yes,,,,,,0,0,0,3rd,N/A,,Yes,Unsure,"
"
195,10/27/2022 15:12:44,Non-Rural,64,77,68,69.66666667,69.25,The University of Melbourne,6.93,69.66666667,CSP,4,Yes,,,,,,0,0,0,N/A,N/A,,Yes,Well,"
"
196,10/27/2022 15:15:51,Non-Rural,75,78,92,81.66666667,84.25,The University of Melbourne,7,81.66666667,CSP,1,Yes,,,,,,0,0,0,N/A,N/A,,Yes,Unsure,"
"
197,10/27/2022 15:16:11,Non-Rural,67,69,82,72.66666667,75,,,,,,,Australian National University,6.719,75,All,1,0,0,0,N/A,N/A,,,Unsure,"
"
198,10/27/2022 15:26:08,Non-Rural,53,76,84,71,74.25,The University of Western Australia,6.95,74.25,CSP,1,Yes,,,,,,0,0,0,N/A,N/A,,Yes,Well,"
"
199,10/27/2022 15:26:25,Non-Rural,62,64,75,67,69,,,,,,,The University of Notre Dame Sydney,6.8,67,All,1,0,2,0,1st,N/A,,,Very well,"Good portfolio strength
"
200,10/27/2022 15:27:10,Non-Rural,58,56,92,68.66666667,74.5,The University of Western Australia,6.976,74.5,CSP,1,Yes,,,,,,0,0,0,N/A,N/A,,Yes,Well,"
"
201,10/27/2022 15:28:16,Rural,51,66,63,60,60.75,Deakin University,6.77,60.75,BMP,1,Yes,,,,,,12,0,0,N/A,N/A,,Yes,Unsure,"RTS
"
202,10/27/2022 15:29:25,Rural,64,61,69,64.66666667,65.75,The University of Queensland,6.48,64.66666667,CSP,1,Yes,,,,,,0,0,0,2nd,Tier 2,RMP,Unsure,Very well,"
"
203,10/27/2022 15:31:49,Non-Rural,58,71,80,69.66666667,72.25,Macquarie University,7,72.25,FFP,6,No,Macquarie University,7,72.25,All,6,0,2,0,3rd,N/A,,Yes,Unsure,"
"
204,10/27/2022 15:33:10,Rural,69,50,62,60.33333333,60.75,Griffith University,6.75,60.75,CSP,2,No,The University of Queensland,6.962,60.33333333,All,1,4,0,0,N/A,N/A,,Yes,Well,"Non-RMP rural student
"
205,10/27/2022 15:33:43,Non-Rural,68,64,70,67.33333333,68,,,,,,,The University of Queensland,6.942,67.33333333,CSP Only,2,0,0,0,N/A,Tier 3,,,Unsure,"
"
206,10/27/2022 15:39:36,Non-Rural,66,77,70,71,70.75,,,,,,,The University of Notre Dame Sydney,6.94,71,CSP & BMP Only,1,0,0,0,4th,N/A,,,Very well,"
"
207,10/27/2022 15:42:48,Non-Rural,58,62,90,70,75,The University of Melbourne,6.875,70,FFP,1,Yes,,,,,,2,0,0,N/A,N/A,,Yes,Unsure,"None
"
208,10/27/2022 15:44:15,Non-Rural,69,87,58,71.33333333,68,Griffith University,6.7,68,CSP,2,No,The University of Queensland,6.8,71.33333333,CSP Only,1,0,0,0,N/A,N/A,,Yes,Well,"
"
209,10/27/2022 15:44:34,Non-Rural,65,77,73,71.66666667,72,The University of Melbourne,6.725,71.66666667,CSP,1,Yes,,,,,,0,2,0,N/A,N/A,,Yes,Very well,"GAM
"
210,10/27/2022 15:48:32,Non-Rural,64,69,65,66,65.75,,,,,,,The University of Notre Dame Fremantle,6.453,66,CSP Only,1,0,0,0,N/A,N/A,,,Very well,"Strong portfolio; non-rural; no WA residency bonus
"
211,10/27/2022 15:49:59,Non-Rural,65,75,80,73.33333333,75,Griffith University,6.5,75,CSP,1,Yes,,,,,,0,2,0,N/A,Tier 3,,Yes,Very well,"
"
212,10/27/2022 16:02:16,Non-Rural,62,51,100,71,78.25,,,,,,,The University of Melbourne,7,71,CSP & BMP Only,1,2,0,0,N/A,N/A,,,Unsure,"
"
213,10/27/2022 16:05:53,Non-Rural,75,68,76,73,73.75,The University of Western Australia,6.826,73.75,CSP,1,Yes,,,,,,0,0,0,N/A,N/A,,Yes,Unsure,"
"
214,10/27/2022 16:09:07,Non-Rural,60,69,68,65.66666667,66.25,The University of Notre Dame Fremantle,6.55,65.66666667,CSP,1,Yes,,,,,,0,0,0,N/A,N/A,,Yes,Unsure,"WA resident and working as a dentist with experience in rural settings
"
215,10/27/2022 16:11:20,Rural,53,54,56,54.33333333,54.75,The University of Western Australia,6.5,54.75,BMP,2,No,The University of Melbourne,6.7,54.33333333,CSP & BMP Only,1,0,0,0,N/A,N/A,,Yes,Unsure,"MM7 rural
"
216,10/27/2022 16:22:49,Non-Rural,69,72,54,65,62.25,The University of Melbourne,7,65,CSP,3,Yes,,,,,,2,4,0,N/A,N/A,,Yes,Unsure,"PhD
"
217,10/27/2022 16:27:41,Non-Rural,73,69,81,74.33333333,76,The University of Melbourne,6.953,74.33333333,CSP,1,Yes,,,,,,4,2,0,N/A,N/A,,Yes,Well,"
"
218,10/27/2022 16:28:31,Rural,77,64,77,72.66666667,73.75,The University of Western Australia,6.67,73.75,CSP,1,Yes,,,,,,8,0,0,N/A,N/A,,Yes,Well,"
"
219,10/27/2022 16:31:32,Non-Rural,62,69,77,69.33333333,71.25,The University of Queensland,6.9375,69.33333333,CSP,3,Yes,,,,,,0,0,0,N/A,N/A,Metro,Yes,Well,"
"
220,10/27/2022 16:33:58,Non-Rural,72,69,63,68,66.75,,,,,,,The University of Queensland,7,68,CSP & BMP Only,2,0,0,0,2nd,N/A,,,Well,"
"
221,10/27/2022 16:36:45,Non-Rural,72,70,99,80.33333333,85,The University of Melbourne,7,80.33333333,CSP,1,Yes,,,,,,0,0,0,N/A,N/A,,Yes,Very well,"
"
222,10/27/2022 16:44:42,Non-Rural,71,62,77,70,71.75,The University of Western Australia,7,71.75,CSP,1,Yes,,,,,,0,0,0,N/A,N/A,,Yes,Unsure,"
"
223,10/27/2022 16:49:04,Non-Rural,61,66,58,61.66666667,60.75,The University of Notre Dame Sydney,6.78,61.66666667,CSP,2,Yes,,,,,,2,0,0,4th,N/A,,Yes,Well,"Above average portfolio
"
224,10/27/2022 16:55:04,Non-Rural,66,61,83,70,73.25,The University of Western Australia,7,73.25,CSP,2,No,The University of Melbourne,7,70,CSP & BMP Only,1,0,0,0,N/A,N/A,,Yes,Unsure,"
"
225,10/27/2022 16:56:13,Non-Rural,64,69,68,67,67.25,,,,,,,The University of Queensland,6.742,67,All,3,2,0,0,N/A,Tier 3,,,Well,"
"
226,10/27/2022 16:59:56,Non-Rural,69,82,90,80.33333333,82.75,The University of Melbourne,6.988,80.33333333,CSP,1,Yes,,,,,,0,2,0,N/A,N/A,,Yes,Unsure,"
"
227,10/27/2022 17:02:28,Non-Rural,65,78,67,70,69.25,,,,,,,The University of Wollongong,5.5,69.25,All,1,2,0,0,4th,N/A,,,Very poorly,"
"
228,10/27/2022 17:07:47,Non-Rural,69,71,61,67,65.5,The University of Notre Dame Sydney,6.64,67,FFP,1,Yes,,,,,,0,2,0,4th,N/A,,Yes,Poorly,"I think my portfolio was strong. i had previously interviewed with UNDS with lower scores
"
229,10/27/2022 17:11:04,Non-Rural,67,52,72,63.66666667,65.75,,,,,,,The University of Western Australia,6.881,65.75,CSP Only,5,0,4,0,N/A,N/A,,,Very poorly,"
"
230,10/27/2022 17:28:41,Rural,60,64,67,63.66666667,64.5,Deakin University,6.71,64.5,CSP,1,Yes,,,,,,8,0,0,N/A,N/A,,Yes,Very well,"RTS
"
231,10/27/2022 17:30:09,Non-Rural,52,59,66,59,60.75,Griffith University,6.938,60.75,CSP,3,No,The University of Notre Dame Sydney,6.938,59,CSP & BMP Only,2,0,0,0,3rd,N/A,,Yes,Well,"
"
232,10/27/2022 17:34:55,Non-Rural,67,72,80,73,74.75,Deakin University,7,74.75,CSP,1,Yes,,,,,,6,0,0,N/A,N/A,,Yes,Well,"
"
233,10/27/2022 17:39:46,Non-Rural,66,68,74,69.33333333,70.5,The University of Queensland,6.97,69.33333333,CSP,1,Yes,,,,,,0,0,0,N/A,N/A,Metro,Yes,Well,"
"
234,10/27/2022 17:40:26,Rural,74,68,51,64.33333333,61,,,,,,,Griffith University,6.68,61,CSP & BMP Only,1,14,0,0,N/A,N/A,,,Poorly,"
"
235,10/27/2022 17:43:38,Non-Rural,77,72,93,80.66666667,83.75,The University of Western Australia,6.2,83.75,CSP,2,Yes,,,,,,0,0,0,N/A,N/A,,Yes,Very well,"
"
236,10/27/2022 17:50:11,Rural,54,56,64,58,59.5,The University of Wollongong,5.5,59.5,BMP,1,Yes,,,,,,0,0,0,3rd,N/A,,Yes,Unsure,"
"
237,10/27/2022 17:51:24,Non-Rural,58,78,70,68.66666667,69,,,,,,,The University of Queensland,7,68.66666667,CSP & BMP Only,2,0,2,0,N/A,N/A,,,Well,"
"
238,10/27/2022 17:52:40,Non-Rural,66,59,76,67,69.25,The University of Western Australia,6.9,69.25,CSP,4,No,The University of Queensland,6.8,67,CSP & BMP Only,3,0,0,0,N/A,Tier 3,,Unsure,Very well,"
"
239,10/27/2022 17:55:21,Non-Rural,66,75,82,74.33333333,76.25,The University of Western Australia,6.76,76.25,CSP,1,Yes,,,,,,0,2,0,N/A,N/A,,Yes,Well,"
"
240,10/27/2022 17:56:18,Rural,63,67,67,65.66666667,66,,,,,,,The University of Queensland,7,65.66666667,CSP Only,1,4,2,3,N/A,N/A,,,Unsure,"Did not apply RMP
"
241,10/27/2022 17:56:44,Non-Rural,59,83,83,75,77,,,,,,,The University of Melbourne,7,75,All,1,0,0,0,N/A,N/A,,,Well,"
"
242,10/27/2022 17:57:13,Non-Rural,54,76,62,64,63.5,,,,,,,The University of Queensland,7,64,All,3,0,2,0,1st,Tier 3,,,Unsure,"
"
243,10/27/2022 17:57:57,Rural,73,75,76,74.66666667,75,The University of Queensland,6.86,74.66666667,CSP,1,Yes,,,,,,0,0,0,N/A,Tier 1,RMP,Yes,Well,"
"
244,10/27/2022 17:59:35,Rural,58,60,62,60,60.5,The University of Queensland,6.261,60,CSP,1,Yes,,,,,,4,0,0,1st,Tier 2,RMP,No,Well,"RMP tier 2
"
245,10/27/2022 18:03:53,Rural,62,71,52,61.66666667,59.25,Griffith University,6.93,59.25,CSP,1,Yes,,,,,,6,0,0,N/A,N/A,,Yes,Very poorly,"
"
246,10/27/2022 18:19:25,Rural,69,64,70,67.66666667,68.25,The University of Wollongong,5.5,68.25,CSP,1,Yes,,,,,,0,0,0,2nd,N/A,,Unsure,Well,"Strong portfolio.
"
247,10/27/2022 18:22:03,Non-Rural,64,73,87,74.66666667,77.75,The University of Queensland,6.862,74.66666667,CSP,1,Yes,,,,,,2,0,0,N/A,Tier 3,Metro,Yes,Well,"
"
248,10/27/2022 18:28:51,Non-Rural,62,68,65,65,65,Macquarie University,6.63,65,FFP,5,No,The University of Queensland,7,65,All,1,0,2,0,4th,Tier 3,,Yes,Unsure,"RMP applicant
"
249,10/27/2022 18:34:12,Non-Rural,66,82,61,69.66666667,67.5,,,,,,,Macquarie University,6.8,67.5,All,6,0,0,0,N/A,N/A,,,Well,"
"
250,10/27/2022 18:48:30,Non-Rural,67,65,63,65,64.5,,,,,,,The University of Wollongong,5.5,64.5,CSP & BMP Only,3,4,0,0,3rd,N/A,,,Unsure,"
"
251,10/27/2022 18:51:24,Non-Rural,59,74,65,66,65.75,The University of Western Australia,6.96,65.75,CSP,3,Yes,,,,,,0,0,0,N/A,N/A,,No,Unsure,"
"
252,10/27/2022 18:52:56,Non-Rural,61,63,69,64.33333333,65.5,Deakin University,6.85,65.5,CSP,2,Yes,,,,,,6,0,0,N/A,N/A,,Yes,Well,"
"
253,10/27/2022 18:57:56,Non-Rural,62,60,75,65.66666667,68,Australian National University,6.942,68,CSP,2,No,The University of Notre Dame Sydney,6.942,65.66666667,CSP & BMP Only,1,2,0,0,3rd,N/A,,No,Well,"Felt like slightly above average portfolio, nil rural experience
"
254,10/27/2022 18:59:18,Rural,74,84,79,79,79,,,,,,,The University of Melbourne,6.4,79,CSP Only,1,0,2,0,N/A,N/A,,,Unsure,"
"
255,10/27/2022 19:03:18,Non-Rural,65,81,55,67,64,The University of Notre Dame Sydney,6.16,67,CSP,2,Yes,,,,,,0,0,0,4th,N/A,,Yes,Well,"
"
256,10/27/2022 19:14:27,Rural,58,62,60,60,60,Deakin University,6.69,60,CSP,1,Yes,,,,,,8,0,0,1st,N/A,,Yes,Well,"
"
257,10/27/2022 19:18:26,Rural,71,60,77,69.33333333,71.25,Australian National University,6.3,71.25,BMP,1,Yes,,,,,,0,0,0,N/A,N/A,,Yes,Poorly,"
"
258,10/27/2022 19:24:25,Non-Rural,62,64,74,66.66666667,68.5,Griffith University,6.89,68.5,BMP,1,Yes,,,,,,0,0,0,N/A,N/A,,Yes,Well,"
"
259,10/27/2022 19:28:20,Non-Rural,63,69,84,72,75,,,,,,,Griffith University,6.7,75,CSP & BMP Only,2,0,0,0,N/A,N/A,,,Well,"
"
260,10/27/2022 19:28:41,Rural,60,60,60,60,60,The University of Queensland,5.9,60,CSP,1,Yes,,,,,,0,0,3,3rd,Tier 1,RMP,Yes,Well,"RMP Tier 1 - the spot was basically reserved for me
"
261,10/27/2022 19:41:33,Non-Rural,68,77,84,76.33333333,78.25,Griffith University,6.6,78.25,CSP,1,Yes,,,,,,0,0,0,N/A,N/A,,No,Well,"
"
262,10/27/2022 19:44:24,Non-Rural,72,62,72,68.66666667,69.5,,,,,,,The University of Queensland,7,68.66666667,CSP & BMP Only,1,0,0,0,3rd,N/A,,,Well,"
"
263,10/27/2022 19:44:42,Non-Rural,54,66,80,66.66666667,70,The University of Western Australia,6.741,70,CSP,2,Yes,,,,,,0,0,0,N/A,N/A,,No,Well,"
"
264,10/27/2022 20:01:39,Rural,54,62,51,55.66666667,54.5,The University of Wollongong,5.5,54.5,CSP,1,Yes,,,,,,0,0,0,4th,N/A,,Yes,Well,"Strong portfolio with excellent lived rural experiences
"
265,10/27/2022 20:02:52,Non-Rural,59,71,67,65.66666667,66,,,,,,,The University of Queensland,7,65.66666667,All,3,0,2,0,2nd,Tier 3,,,Well,"Average Portfolio. Rural ties through family although havenâ€™t resided there to get bonus.
"
266,10/27/2022 20:13:02,Rural,61,60,62,61,61.25,The University of Notre Dame Fremantle,6,61,CSP,2,No,The University of Western Australia,5.9,61.25,All,1,0,0,0,N/A,N/A,,Yes,Unsure,"Strong portfolio, WA resident, rural experience
"
267,10/27/2022 20:18:09,Non-Rural,71,81,63,71.66666667,69.5,The University of Melbourne,6.75,71.66666667,CSP,1,Yes,,,,,,0,0,0,N/A,N/A,,No,Unsure,"
"
268,10/27/2022 20:30:55,Non-Rural,56,55,74,61.66666667,64.75,The University of Notre Dame Fremantle,6.681,61.66666667,CSP,4,Yes,,,,,,0,0,0,N/A,N/A,,Unsure,Well,"Had an ok portfolio I guess
"
269,10/27/2022 20:49:29,Rural,59,60,55,58,57.25,The University of Queensland,7,58,BMP,1,Yes,,,,,,0,0,0,N/A,Tier 2,RMP,Yes,Unsure,"
"
270,10/27/2022 20:50:40,Rural,58,75,53,62,59.75,Deakin University,6.1,59.75,CSP,1,Yes,,,,,,12,0,0,N/A,N/A,,No,Unsure,"
"
271,10/27/2022 21:06:05,Non-Rural,68,75,70,71,70.75,Australian National University,7,70.75,CSP,1,Yes,,,,,,0,0,0,N/A,N/A,,Yes,Unsure,"
"
272,10/27/2022 21:20:17,Non-Rural,67,75,57,66.33333333,64,The University of Notre Dame Sydney,6.8542,66.33333333,CSP,1,Yes,,,,,,0,0,0,3rd,N/A,,Yes,Well,"
"
273,10/27/2022 21:33:06,Non-Rural,63,62,79,68,70.75,The University of Western Australia,6.969,70.75,CSP,1,Yes,,,,,,0,0,0,N/A,N/A,,No,Poorly,"
"
274,10/27/2022 21:37:01,Rural,56,70,52,59.33333333,57.5,The University of Queensland,6.3,59.33333333,CSP,1,Yes,,,,,,0,0,0,1st,Tier 2,RMP,Yes,Very well,"
"
275,10/27/2022 21:47:09,Non-Rural,68,80,66,71.33333333,70,The University of Queensland,6.656,71.33333333,CSP,2,Yes,,,,,,0,0,0,N/A,Tier 3,Metro,Yes,Well,"
"
276,10/27/2022 21:53:52,Rural,51,54,56,53.66666667,54.25,,,,,,,The University of Notre Dame Fremantle,6.3,53.66666667,All,1,12,2,3,N/A,N/A,,,Unsure,"portfolio had good range of experiences including rural ones
"
277,10/27/2022 21:58:10,Non-Rural,68,78,68,71.33333333,70.5,The University of Melbourne,6.76,71.33333333,FFP,1,Yes,,,,,,0,2,0,N/A,N/A,,No,Well,"
"
278,10/27/2022 22:29:14,Non-Rural,64,66,76,68.66666667,70.5,The University of Notre Dame Fremantle,5.45,68.66666667,BMP,1,Yes,,,,,,0,0,0,N/A,N/A,,Yes,Well,"Above average portfolio with long stints of volunteer work (10+ years); WA resident
"
279,10/27/2022 22:29:37,Non-Rural,67,68,67,67.33333333,67.25,The University of Notre Dame Fremantle,6.93,67.33333333,CSP,1,Yes,,,,,,0,0,0,2nd,N/A,,Yes,Well,"WA resident
"
280,10/27/2022 22:33:54,Rural,65,58,64,62.33333333,62.75,The University of Melbourne,6.58,62.33333333,CSP,1,Yes,,,,,,12,0,0,N/A,N/A,,Yes,Unsure,"
"
281,10/27/2022 23:01:58,Non-Rural,65,74,65,68,67.25,Australian National University,6.979,67.25,CSP,3,Yes,,,,,,0,2,0,N/A,N/A,,Yes,Very well,"
"
282,10/27/2022 23:12:49,Non-Rural,67,70,74,70.33333333,71.25,,,,,,,The University of Notre Dame Sydney,6.92,70.33333333,CSP & BMP Only,4,0,0,0,1st,N/A,,,Very well,"Strong portfolio (I thought very strong)
"
283,10/27/2022 23:28:36,Rural,71,71,69,70.33333333,70,The University of Notre Dame Fremantle,6.3,70.33333333,CSP,1,Yes,,,,,,0,0,0,N/A,N/A,,Yes,Well,"Portfolio felt strong
"
284,10/27/2022 23:42:43,Non-Rural,58,73,74,68.33333333,69.75,The University of Western Australia,6.77,69.75,CSP,6,Yes,,,,,,0,0,0,N/A,N/A,,Yes,Well,"
"
285,10/27/2022 23:47:52,Non-Rural,70,87,68,75,73.25,The University of Western Australia,7,73.25,CSP,1,Yes,,,,,,0,0,0,N/A,N/A,,Unsure,Very well,"
"
286,10/27/2022 23:48:06,Non-Rural,56,67,92,71.66666667,76.75,Griffith University,6.81,76.75,CSP,1,Yes,,,,,,0,0,0,N/A,N/A,,Yes,Poorly,"
"
287,10/28/2022 0:00:57,Rural,53,58,83,64.66666667,69.25,Griffith University,6.5,69.25,BMP,1,Yes,,,,,,0,0,0,N/A,Tier 1,,Yes,Well,"
"
288,10/28/2022 0:25:15,Non-Rural,59,78,59,65.33333333,63.75,The University of Notre Dame Fremantle,6.979,65.33333333,CSP,1,Yes,,,,,,0,0,0,N/A,N/A,,No,Well,"
"
289,10/28/2022 0:39:13,Non-Rural,67,64,95,75.33333333,80.25,,,,,,,The University of Melbourne,6.708,75.33333333,CSP & BMP Only,1,2,0,0,N/A,N/A,,,Well,"
"
290,10/28/2022 0:54:34,Non-Rural,66,82,69,72.33333333,71.5,,,,,,,The University of Queensland,6.65,72.33333333,All,1,0,0,0,N/A,N/A,,,Well,"
"
291,10/28/2022 1:01:43,Rural,67,84,69,73.33333333,72.25,Griffith University,7,72.25,BMP,2,No,The University of Queensland,7,73.33333333,CSP & BMP Only,1,0,0,0,N/A,N/A,,Yes,Well,"Did not apply RMP
"
292,10/28/2022 1:31:27,Non-Rural,65,63,87,71.66666667,75.5,Deakin University,6.75,75.5,CSP,1,Yes,,,,,,0,2,0,N/A,N/A,,Yes,Unsure,"
"
293,10/28/2022 3:10:12,Non-Rural,71,72,71,71.33333333,71.25,The University of Melbourne,6.82,71.33333333,CSP,1,Yes,,,,,,0,0,0,N/A,N/A,,Yes,Well,"
"
294,10/28/2022 4:52:21,Non-Rural,74,67,80,73.66666667,75.25,Griffith University,6.76,75.25,CSP,1,Yes,,,,,,0,0,0,4th,Tier 3,,Yes,Poorly,"
"
295,10/28/2022 5:55:41,Rural,62,70,55,62.33333333,60.5,Deakin University,6.5,60.5,BMP,1,Yes,,,,,,12,0,0,4th,N/A,,Yes,Well,"
"
296,10/28/2022 6:41:32,Non-Rural,63,71,63,65.66666667,65,,,,,,,The University of Notre Dame Sydney,6.5,65.66666667,CSP & BMP Only,3,2,0,0,N/A,N/A,,,Very well,"
"
297,10/28/2022 6:52:49,Rural,51,62,67,60,61.75,The University of Queensland,7,60,CSP,1,Yes,,,,,,0,0,0,N/A,Tier 2,RMP,Yes,Very well,"
"
298,10/28/2022 6:55:57,Non-Rural,60,69,68,65.66666667,66.25,The University of Notre Dame Sydney,6.635,65.66666667,FFP,2,Yes,,,,,,0,0,0,N/A,Tier 3,,Yes,Very well,"Above average portfolio however I think it was my interview that allowed me to get a spot.
"
299,10/28/2022 7:15:35,Non-Rural,60,70,71,67,68,Australian National University,6.85,68,CSP,3,No,The University of Queensland,7,67,CSP & BMP Only,2,0,2,0,1st,Tier 3,,Yes,Unsure,"
"
300,10/28/2022 7:33:30,Rural,60,64,60,61.33333333,61,The University of Western Australia,7,61,CSP,2,No,The University of Notre Dame Fremantle,6,61.33333333,All,1,0,0,0,N/A,N/A,,No,Poorly,"PhD
"
301,10/28/2022 7:39:05,Non-Rural,75,70,68,71,70.25,Deakin University,6.15,70.25,CSP,4,No,The University of Wollongong,5.5,70.25,CSP & BMP Only,3,4,2,0,2nd,N/A,,Unsure,Well,"
"
302,10/28/2022 8:15:03,Non-Rural,63,60,77,66.66666667,69.25,Macquarie University,7,69.25,FFP,2,Yes,,,,,,0,0,0,N/A,N/A,,Unsure,Well,"
"
303,10/28/2022 8:16:39,Non-Rural,67,72,61,66.66666667,65.25,,,,,,,The University of Notre Dame Sydney,6.625,66.66666667,CSP & BMP Only,3,2,0,0,N/A,N/A,,,Very well,"
"
304,10/28/2022 8:16:40,Non-Rural,70,76,76,74,74.5,The University of Melbourne,6.56,74,FFP,1,Yes,,,,,,0,0,0,N/A,N/A,,No,Unsure,"
"
305,10/28/2022 8:40:58,Rural,62,65,74,67,68.75,Griffith University,6.375,68.75,CSP,1,Yes,,,,,,0,0,0,2nd,N/A,,Yes,Well,"
"
306,10/28/2022 9:09:32,Non-Rural,80,79,69,76,74.25,The University of Melbourne,6.88,76,CSP,1,Yes,,,,,,0,0,0,N/A,N/A,,Yes,Poorly,"Also received offer at USyd
"
307,10/28/2022 9:19:16,Non-Rural,59,67,69,65,66,The University of Melbourne,6.738,65,CSP,6,No,Australian National University,6.781,66,CSP & BMP Only,1,2,4,0,N/A,N/A,,Yes,Unsure,"
"
308,10/28/2022 9:57:44,Non-Rural,66,75,74,71.66666667,72.25,Australian National University,6.92,72.25,CSP,2,No,The University of Wollongong,5.5,72.25,All,1,0,0,0,2nd,N/A,,No,Well,"
"
309,10/28/2022 10:22:21,Non-Rural,61,65,77,67.66666667,70,,,,,,,The University of Western Australia,6.854,70,CSP & BMP Only,6,0,0,0,N/A,N/A,,,Unsure,"
"
310,10/28/2022 10:35:02,Non-Rural,65,79,93,79,82.5,The University of Melbourne,6.444,79,CSP,1,Yes,,,,,,0,0,0,N/A,N/A,,Unsure,Poorly,"
"
311,10/28/2022 10:48:13,Non-Rural,63,76,72,70.33333333,70.75,The University of Melbourne,6.875,70.33333333,CSP,1,Yes,,,,,,0,0,0,N/A,N/A,,Yes,Unsure,"
"
312,10/28/2022 10:54:00,Non-Rural,65,67,63,65,64.5,,,,,,,The University of Notre Dame Fremantle,6.9132,65,All,1,0,0,0,2nd,N/A,,,Unsure,"WA resident, strongish portfolio in my opinion
"
313,10/28/2022 11:09:17,Non-Rural,63,65,65,64.33333333,64.5,,,,,,,The University of Queensland,7,64.33333333,CSP & BMP Only,1,0,2,0,N/A,Tier 3,,,Well,"
"
314,10/28/2022 11:45:01,Non-Rural,74,67,62,67.66666667,66.25,,,,,,,The University of Queensland,7,67.66666667,All,1,4,2,0,N/A,Tier 3,,,Unsure,"
"
315,10/28/2022 12:05:15,Rural,60,60,68,62.66666667,64,The University of Melbourne,6.875,62.66666667,BMP,1,Yes,,,,,,0,0,0,N/A,N/A,,No,Poorly,"
"
316,10/28/2022 12:20:50,Non-Rural,62,80,57,66.33333333,64,,,,,,,The University of Queensland,7,66.33333333,CSP & BMP Only,1,0,2,0,2nd,N/A,,,Well,"
"
317,10/28/2022 12:25:57,Rural,56,68,52,58.66666667,57,The University of Notre Dame Fremantle,5.86,58.66666667,BMP,1,Yes,,,,,,12,0,0,N/A,N/A,,Yes,Well,"Wa resident, strong portfolio
"
318,10/28/2022 13:26:03,Non-Rural,79,76,76,77,76.75,,,,,,,The University of Melbourne,6.1,77,CSP & BMP Only,5,0,0,0,N/A,N/A,,,Well,"
"
319,10/28/2022 13:51:15,Rural,75,80,65,73.33333333,71.25,The University of Notre Dame Fremantle,6.7,73.33333333,CSP,1,Yes,,,,,,0,0,0,N/A,N/A,,Yes,Well,"Slightly above average portfolio (tough to tell), WA Resident bonus
"
320,10/28/2022 13:55:43,Non-Rural,60,61,57,59.33333333,58.75,,,,,,,Deakin University,7,58.75,CSP & BMP Only,1,10,0,0,4th,N/A,,,Unsure,"
"
321,10/28/2022 14:13:41,Non-Rural,62,68,90,73.33333333,77.5,The University of Melbourne,7,73.33333333,CSP,1,Yes,,,,,,0,0,0,N/A,N/A,,Yes,Poorly,"No.
"
322,10/28/2022 14:46:41,Non-Rural,69,77,89,78.33333333,81,,,,,,,The University of Melbourne,6.854,78.33333333,CSP & BMP Only,1,0,0,0,N/A,N/A,,,Unsure,"
"
323,10/28/2022 14:50:34,Rural,57,72,67,65.33333333,65.75,The University of Melbourne,5.9,65.33333333,BMP,1,Yes,,,,,,8,0,0,N/A,N/A,,Unsure,Unsure,"GAM
"
324,10/28/2022 15:51:40,Non-Rural,71,75,75,73.66666667,74,,,,,,,The University of Queensland,7,73.66666667,All,2,0,0,0,N/A,N/A,,,Well,"
"
325,10/28/2022 16:02:56,Non-Rural,55,59,61,58.33333333,59,The University of Notre Dame Sydney,6.969,58.33333333,CSP,1,Yes,,,,,,0,0,0,N/A,N/A,,No,Unsure,"
"
326,10/28/2022 16:12:13,Non-Rural,65,78,55,66,63.25,The University of Notre Dame Fremantle,6.47,66,CSP,1,Yes,,,,,,2,0,0,N/A,N/A,,Yes,Well,"Above average portfolio/life experience demonstrated
"
327,10/28/2022 16:42:53,Non-Rural,58,61,70,63,64.75,,,,,,,Macquarie University,6.83,64.75,All,3,0,0,3,N/A,N/A,,,Unsure,"
"
328,10/28/2022 16:44:56,Non-Rural,73,71,70,71.33333333,71,The University of Melbourne,6.938,71.33333333,CSP,1,Yes,,,,,,0,0,0,N/A,N/A,,Unsure,Poorly,"
"
329,10/28/2022 17:15:08,Non-Rural,65,65,65,65,65,Deakin University,6.7,65,CSP,4,No,The University of Queensland,7,65,All,1,4,0,0,3rd,Tier 3,,Yes,Well,"
"
330,10/28/2022 17:24:46,Non-Rural,66,65,93,74.66666667,79.25,Griffith University,7,79.25,CSP,1,Yes,,,,,,0,0,0,N/A,N/A,,No,Very poorly,"
"
331,10/28/2022 18:04:42,Non-Rural,60,61,83,68,71.75,The University of Melbourne,6.63,68,CSP,5,No,Griffith University,7,71.75,CSP & BMP Only,1,0,4,0,N/A,N/A,,Yes,Poorly,"PhD
"
332,10/28/2022 18:57:48,Non-Rural,75,66,70,70.33333333,70.25,,,,,,,The University of Western Australia,6.62,70.25,All,6,0,0,0,N/A,N/A,,,Unsure,"
"
333,10/28/2022 19:08:01,Non-Rural,57,67,58,60.66666667,60,The University of Notre Dame Sydney,6.92,60.66666667,FFP,1,Yes,,,,,,0,0,0,N/A,N/A,,Yes,Unsure,"
"
334,10/28/2022 19:24:07,Non-Rural,66,82,67,71.66666667,70.5,The University of Melbourne,6.863,71.66666667,CSP,1,Yes,,,,,,0,0,0,N/A,N/A,,Yes,Unsure,"
"
335,10/28/2022 20:27:08,Non-Rural,58,64,74,65.33333333,67.5,,,,,,,The University of Queensland,6.957,65.33333333,All,2,0,0,0,N/A,Tier 3,,,Poorly,"UQ Central Queensland-Wide Bay RMP Applicant
"
336,10/28/2022 20:30:26,Non-Rural,64,79,75,72.66666667,73.25,The University of Melbourne,6.937,72.66666667,CSP,1,Yes,,,,,,0,0,0,N/A,N/A,,Yes,Poorly,"
"
337,10/28/2022 20:59:13,Non-Rural,63,74,73,70,70.75,Australian National University,6.958,70.75,CSP,2,No,The University of Melbourne,6.95,70,CSP & BMP Only,1,2,2,0,N/A,N/A,,No,Unsure,"GAM
"
338,10/28/2022 21:28:59,Non-Rural,64,68,82,71.33333333,74,,,,,,,The University of Queensland,6.6,71.33333333,All,2,0,0,0,N/A,Tier 3,,,Well,"above average portfolio
"
339,10/28/2022 22:12:05,Rural,61,57,69,62.33333333,64,,,,,,,The University of Queensland,6.2,62.33333333,CSP & BMP Only,1,0,0,0,N/A,N/A,,,Well,"Interviewed for metro
"
340,10/28/2022 22:23:37,Non-Rural,65,89,62,72,69.5,Deakin University,6.615,69.5,CSP,4,Yes,,,,,,6,0,0,N/A,N/A,,No,Well,"
"
341,10/28/2022 22:39:27,Rural,60,69,77,68.66666667,70.75,,,,,,,The University of Wollongong,5.5,70.75,All,1,0,0,0,4th,N/A,,,Well,"Pretty good portfolio
"
342,10/28/2022 23:00:07,Non-Rural,72,57,77,68.66666667,70.75,Deakin University,6.813,70.75,BMP,3,No,Griffith University,6.745,70.75,CSP & BMP Only,2,6,0,0,N/A,N/A,,Yes,Unsure,"
"
343,10/29/2022 0:14:21,Non-Rural,63,80,65,69.33333333,68.25,,,,,,,The University of Melbourne,7,69.33333333,CSP & BMP Only,1,2,0,0,N/A,N/A,,,Poorly,"
"
344,10/29/2022 2:52:00,Non-Rural,69,59,92,73.33333333,78,The University of Melbourne,6.9,73.33333333,CSP,1,Yes,,,,,,0,0,0,N/A,N/A,,Yes,Well,"
"
345,10/29/2022 8:03:11,Non-Rural,58,63,72,64.33333333,66.25,Macquarie University,6.833,66.25,FFP,5,No,The University of Queensland,7,64.33333333,All,2,2,2,0,4th,Tier 3,,Yes,Unsure,"Applied for GAM, interviewed for UQ RMP, got passed down to MQ
"
346,10/29/2022 9:13:00,Non-Rural,74,75,61,70,67.75,,,,,,,The University of Queensland,6.3,70,All,1,2,0,0,N/A,Tier 3,,,Unsure,"
"
347,10/29/2022 9:48:03,Non-Rural,59,68,57,61.33333333,60.25,The University of Notre Dame Sydney,6.979,61.33333333,CSP,3,Yes,,,,,,6,0,0,3rd,N/A,,Yes,Unsure,"above average portfolio - consistent experiences in the following: disability care, allied health roles, leadership roles, volunteering (domestic and international projects)
"
348,10/29/2022 10:31:13,Non-Rural,57,79,74,70,71,The University of Melbourne,6.94,70,CSP,1,Yes,,,,,,0,0,0,4th,Tier 3,,Yes,Very poorly,"GAM, personal difficulties
"
349,10/29/2022 13:47:04,Non-Rural,64,71,66,67,66.75,Griffith University,6.844,66.75,CSP,3,No,The University of Queensland,6.844,67,CSP Only,2,2,0,0,N/A,Tier 3,,Yes,Well,"
"
350,10/29/2022 15:08:30,Non-Rural,86,76,77,79.66666667,79,Australian National University,6.65,79,CSP,1,Yes,,,,,,0,2,0,N/A,N/A,,Yes,Unsure,"
"
351,10/29/2022 15:42:13,Non-Rural,60,61,83,68,71.75,,,,,,,Griffith University,6.6,71.75,CSP & BMP Only,2,0,0,0,N/A,N/A,,,Unsure,"
"
352,10/29/2022 18:03:03,Non-Rural,67,60,73,66.66666667,68.25,,,,,,,The University of Queensland,7,66.66666667,CSP Only,2,0,2,0,N/A,N/A,,,Well,"
"
353,10/29/2022 21:14:37,Non-Rural,62,68,78,69.33333333,71.5,Macquarie University,6.814,71.5,FFP,1,Yes,,,,,,2,0,0,4th,N/A,,Yes,Well,"Above average portfolio
"
354,10/29/2022 21:50:16,Non-Rural,65,66,70,67,67.75,Griffith University,6.8269,67.75,BMP,4,No,The University of Queensland,6.8296,67,CSP & BMP Only,3,0,0,0,N/A,N/A,,Yes,Poorly,"
"
355,10/29/2022 22:01:06,Non-Rural,70,69,65,68,67.25,,,,,,,The University of Notre Dame Sydney,6.688,68,All,2,0,2,0,2nd,N/A,,,Unsure,"
"
356,10/29/2022 22:17:25,Non-Rural,67,66,71,68,68.75,Macquarie University,6.895,68.75,FFP,6,No,Griffith University,6.895,68.75,All,2,0,0,0,N/A,N/A,,Unsure,Well,"
"
357,10/29/2022 22:59:20,Non-Rural,67,78,79,74.66666667,75.75,Deakin University,6.448,75.75,CSP,4,Yes,,,,,,2,0,0,1st,N/A,,Yes,Unsure,"
"
358,10/30/2022 0:35:54,Non-Rural,68,88,61,72.33333333,69.5,The University of Melbourne,6.95,72.33333333,CSP,1,Yes,,,,,,0,0,0,N/A,N/A,,Yes,Unsure,"
"
359,10/30/2022 2:11:39,Non-Rural,56,61,64,60.33333333,61.25,Macquarie University,7,61.25,FFP,1,Yes,,,,,,0,0,3,4th,N/A,,Yes,Unsure,"
"
360,10/30/2022 5:12:51,Rural,64,55,57,58.66666667,58.25,Deakin University,6.396824167,58.25,BMP,1,Yes,,,,,,8,0,0,N/A,N/A,,Yes,Well,"South West Victorian Applicant(Warrnambool) - Priority 1 Rural Offer
"
361,10/30/2022 5:33:57,Non-Rural,69,68,72,69.66666667,70.25,Deakin University,6.708,70.25,BMP,3,No,The University of Wollongong,5.5,70.25,CSP & BMP Only,1,0,2,0,3rd,N/A,,No,Unsure,"
"
362,10/30/2022 5:52:47,Non-Rural,65,74,73,70.66666667,71.25,Deakin University,6.8,71.25,CSP,3,No,The University of Queensland,6.7232,70.66666667,All,1,0,0,0,N/A,Tier 3,,Yes,Well,"
"
363,10/30/2022 6:12:17,Non-Rural,65,79,67,70.33333333,69.5,The University of Queensland,6.7,70.33333333,CSP,5,Yes,,,,,,0,0,0,4th,N/A,Metro,Yes,Poorly,"
"
364,10/30/2022 7:21:01,Rural,60,64,65,63,63.5,The University of Melbourne,6.963,63,BMP,1,Yes,,,,,,10,2,0,N/A,N/A,,Yes,Unsure,"
"
365,10/30/2022 7:22:14,Non-Rural,61,79,53,64.33333333,61.5,Deakin University,6.9,61.5,CSP,4,No,The University of Wollongong,5.5,61.5,CSP & BMP Only,1,2,0,0,4th,N/A,,Yes,Very well,"
"
366,10/30/2022 7:36:43,Non-Rural,82,78,80,80,80,The University of Melbourne,6.9,80,CSP,1,Yes,,,,,,0,4,0,N/A,N/A,,Yes,Very well,"Unclear if having a PhD in chem boosted my GPA at UoM
"
367,10/30/2022 8:36:57,Non-Rural,54,80,57,63.66666667,62,The University of Notre Dame Sydney,6.8,63.66666667,CSP,1,Yes,,,,,,0,0,0,1st,N/A,,Yes,Very well,"Registered Nurse, Strong portfolio and interview as a result
"
368,10/30/2022 8:51:58,Non-Rural,64,72,87,74.33333333,77.5,The University of Melbourne,6.688,74.33333333,CSP,3,No,The University of Wollongong,5.5,77.5,CSP Only,2,0,0,0,3rd,N/A,,Yes,Well,"below average portfolio
"
369,10/30/2022 10:26:12,Non-Rural,63,64,99,75.33333333,81.25,The University of Melbourne,6.73,75.33333333,CSP,2,No,The University of Queensland,6.77,75.33333333,CSP & BMP Only,1,0,0,0,N/A,N/A,,Yes,Very well,"
"
370,10/30/2022 10:37:54,Non-Rural,64,64,70,66,67,The University of Notre Dame Sydney,6.389,66,FFP,1,Yes,,,,,,0,0,0,1st,N/A,,Yes,Unsure,"
"
371,10/30/2022 10:52:08,Non-Rural,63,73,72,69.33333333,70,The University of Melbourne,6.963,69.33333333,FFP,2,Yes,,,,,,0,0,0,N/A,N/A,,Yes,Unsure,"
"
372,10/30/2022 11:13:33,Non-Rural,69,70,72,70.33333333,70.75,The University of Melbourne,7,70.33333333,FFP,1,Yes,,,,,,0,0,0,N/A,N/A,,Yes,Well,"
"
373,10/30/2022 11:25:52,Non-Rural,66,79,63,69.33333333,67.75,Deakin University,6.9,67.75,CSP,1,Yes,,,,,,6,0,0,N/A,N/A,,Yes,Well,"
"
374,10/30/2022 12:26:43,Non-Rural,60,75,72,69,69.75,Griffith University,6.55,69.75,BMP,1,Yes,,,,,,0,2,0,N/A,Tier 3,,Yes,Well,"
"
375,10/30/2022 13:10:21,Non-Rural,62,73,58,64.33333333,62.75,,,,,,,The University of Queensland,7,64.33333333,All,1,0,2,0,N/A,Tier 3,,,Well,"RMP
"
376,10/30/2022 14:34:42,Rural,55,56,57,56,56.25,Deakin University,6.8,56.25,BMP,1,Yes,,,,,,14,0,0,N/A,N/A,,Yes,Well,"My offer is for Deakin rural training stream
"
377,10/30/2022 17:20:50,Rural,55,52,52,53,52.75,The University of Queensland,6,53,CSP,1,Yes,,,,,,0,0,0,N/A,Tier 2,RMP,No,Very well,"
"
378,10/30/2022 19:07:36,Non-Rural,62,73,69,68,68.25,Deakin University,6.76,68.25,CSP,3,Yes,,,,,,6,0,0,N/A,N/A,,Yes,Well,"
"
379,10/30/2022 19:30:46,Rural,60,56,55,57,56.5,The University of Queensland,5.6,57,BMP,3,No,The University of Wollongong,5.5,56.5,All,1,4,0,0,2nd,Tier 2,RMP,Yes,Very well,"
"
380,10/30/2022 22:41:44,Rural,60,63,56,59.66666667,58.75,Deakin University,7,58.75,CSP,1,Yes,,,,,,14,0,0,1st,N/A,,Yes,Well,"Rural medical applicant
"
381,10/31/2022 0:07:48,Non-Rural,65,63,71,66.33333333,67.5,Australian National University,6.59,67.5,CSP,4,No,The University of Queensland,7,66.33333333,CSP & BMP Only,3,0,2,0,N/A,N/A,,Yes,Well,"
"
382,10/31/2022 8:59:22,Non-Rural,60,78,68,68.66666667,68.5,,,,,,,The University of Queensland,7,68.66666667,All,1,0,0,0,N/A,Tier 3,,,Well,"RMP applicant
"
383,10/31/2022 9:55:04,Non-Rural,69,70,71,70,70.25,,,,,,,The University of Melbourne,6.979,70,CSP & BMP Only,1,0,0,0,N/A,N/A,,,Well,"
"
384,10/31/2022 10:06:33,Rural,71,56,65,64,64.25,The University of Queensland,6.1,64,CSP,3,No,The University of Notre Dame Fremantle,6.1,64,CSP & BMP Only,1,6,0,0,N/A,Tier 2,RMP,Yes,Unsure,"
"
385,10/31/2022 14:35:47,Rural,62,61,65,62.66666667,63.25,Deakin University,6.406,63.25,BMP,1,Yes,,,,,,12,0,0,N/A,N/A,,Yes,Unsure,"
"
386,10/31/2022 14:40:18,Non-Rural,75,63,58,65.33333333,63.5,The University of Notre Dame Sydney,6.83,65.33333333,FFP,1,Yes,,,,,,0,0,0,N/A,N/A,,Yes,Well,"Portfolio strong - PhD, Work in NGO sector and volunteer role eg for St John Ambulance
"
387,10/31/2022 18:18:38,Non-Rural,61,73,73,69,70,,,,,,,The University of Melbourne,6.89,69,CSP & BMP Only,1,0,0,0,N/A,N/A,,,Unsure,"
"
388,10/31/2022 21:44:39,Non-Rural,65,73,95,77.66666667,82,,,,,,,The University of Melbourne,7,77.66666667,All,1,0,0,0,N/A,N/A,,,Unsure,"
"
389,11/1/2022 10:50:50,Non-Rural,70,74,64,69.33333333,68,,,,,,,The University of Western Australia,6.89,68,All,4,0,0,0,N/A,N/A,,,Well,"
"
390,11/1/2022 10:59:56,Non-Rural,58,58,69,61.66666667,63.5,The University of Notre Dame Sydney,6.708,61.66666667,CSP,1,Yes,,,,,,0,0,0,2nd,N/A,,Yes,Well,"Experience as an engineer
"
391,11/1/2022 15:53:05,Non-Rural,60,75,74,69.66666667,70.75,Griffith University,6.51,70.75,CSP,3,Yes,,,,,,0,2,0,N/A,Tier 3,,Yes,Very well,"
"
392,11/1/2022 17:03:34,Non-Rural,63,75,72,70,70.5,,,,,,,The University of Melbourne,6.85,70,All,1,0,2,0,N/A,N/A,,,Well,"
"
393,11/1/2022 19:47:02,Non-Rural,64,69,74,69,70.25,,,,,,,The University of Melbourne,7,69,All,1,0,0,0,N/A,N/A,,,Unsure,"
"
394,11/1/2022 21:23:37,Rural,53,61,52,55.33333333,54.5,Griffith University,6.3,54.5,BMP,1,Yes,,,,,,0,0,0,N/A,N/A,,Yes,Well,"
"
395,11/1/2022 22:05:40,Rural,67,62,65,64.66666667,64.75,Griffith University,6.25,64.75,BMP,1,Yes,,,,,,0,0,0,N/A,N/A,,Yes,Very poorly,"
"
396,11/2/2022 2:10:53,Non-Rural,76,62,66,68,67.5,The University of Western Australia,7,67.5,CSP,2,Yes,,,,,,0,0,0,N/A,N/A,,No,Unsure,"
"
397,11/2/2022 12:42:23,Non-Rural,62,73,70,68.33333333,68.75,,,,,,,The University of Wollongong,5.5,68.75,All,2,0,2,0,3rd,N/A,,,Poorly,"Very strong portfolio
"
398,11/2/2022 14:36:30,Non-Rural,61,70,66,65.66666667,65.75,Deakin University,6.749,65.75,CSP,1,Yes,,,,,,8,0,0,1st,N/A,,Yes,Unsure,"I have applied several years. I have never had my portfolio references checked- itâ€™s such a waste of time. The UOW Casper system is lacking. Last year I scored in the highest quintile for Casper. My interview performance was insufficient to get a place. In the interim I undertook interview tutoring to solidify communication of my skills. Concurrently my CASPER quintile dropped to the lowest quintile. Given my interview skills improved sufficiently to get me into Deakin, I would assume my Casper score was better or equal to last year when I was unsuccessful in my interview. Either this years UOW cohort is significantly more emotionally intelligent (hard to accept given 2 years of lockdown), the cohort has been up skilled through tutoring, or the Casper is invalid.
"
399,11/3/2022 10:01:12,Non-Rural,62,78,65,68.33333333,67.5,,,,,,,The University of Queensland,7,68.33333333,CSP & BMP Only,1,0,0,0,N/A,N/A,,,Well,"
"
400,11/3/2022 11:56:44,Non-Rural,68,82,73,74.33333333,74,,,,,,,The University of Melbourne,6.84,74.33333333,CSP & BMP Only,1,0,0,0,N/A,N/A,,,Unsure,"
"
401,11/3/2022 15:18:47,Non-Rural,74,68,90,77.33333333,80.5,The University of Melbourne,6.83,77.33333333,CSP,1,Yes,,,,,,0,0,0,N/A,N/A,,Yes,Well,"
"
402,11/3/2022 15:28:11,Non-Rural,57,68,63,62.66666667,62.75,The University of Notre Dame Fremantle,6.481,62.66666667,CSP,1,Yes,,,,,,6,0,0,1st,Tier 3,,Yes,Well,"Strong Portfolio, WA resident, Rural Experience, Health Professional
"
403,11/3/2022 15:32:45,Rural,56,65,70,63.66666667,65.25,The University of Melbourne,6.78,63.66666667,BMP,2,No,Deakin University,6.83,65.25,CSP & BMP Only,1,8,0,0,N/A,N/A,,Yes,Unsure,"
"
404,11/3/2022 15:45:19,Non-Rural,67,75,90,77.33333333,80.5,The University of Melbourne,6.78,77.33333333,CSP,1,Yes,,,,,,0,0,0,N/A,N/A,,No,Well,"
"
405,11/3/2022 19:08:45,Non-Rural,67,76,71,71.33333333,71.25,The University of Melbourne,7,71.33333333,CSP,1,Yes,,,,,,0,0,0,N/A,N/A,,Yes,Unsure,"
"
406,11/4/2022 11:39:10,Non-Rural,77,86,65,76,73.25,The University of Wollongong,5.5,73.25,CSP,2,Yes,,,,,,0,0,0,1st,N/A,,Yes,Very well,"
"
407,11/5/2022 10:02:51,Non-Rural,65,78,72,71.66666667,71.75,The University of Notre Dame Sydney,6.87,71.66666667,FFP,1,Yes,,,,,,0,0,0,N/A,N/A,,Yes,Well,"Average portfolio
"
408,11/5/2022 11:51:58,Non-Rural,63,70,51,61.33333333,58.75,The University of Notre Dame Sydney,6.55,61.33333333,CSP,1,Yes,,,,,,0,0,0,2nd,N/A,,Yes,Well,"Strong portfolio (diverse experiences within and outside of healthcare, non-science background)
"
409,11/7/2022 20:26:04,Non-Rural,72,74,74,73.33333333,73.5,,,,,,,Griffith University,6.94,73.5,CSP Only,1,0,0,0,N/A,N/A,,,Well,"
"
410,11/8/2022 9:24:50,Rural,59,54,64,59,60.25,Deakin University,6.36,60.25,CSP,1,Yes,,,,,,6,0,0,2nd,N/A,,Yes,Well,"
"
411,11/9/2022 3:03:00,Rural,58,68,63,63,63,The University of Queensland,6.58,63,CSP,1,Yes,,,,,,0,0,5,N/A,Tier 1,RMP,Unsure,Very well,"
"
412,11/9/2022 21:35:44,Rural,65,73,60,66,64.5,,,,,,,The University of Queensland,6.93,66,CSP Only,1,0,0,0,N/A,N/A,,,Unsure,"
"
413,11/12/2022 6:34:18,Non-Rural,65,61,77,67.66666667,70,,,,,,,Griffith University,6.855,70,CSP & BMP Only,5,0,0,0,2nd,N/A,,,Unsure,"
"
414,11/15/2022 16:40:28,Non-Rural,55,58,60,57.66666667,58.25,,,,,,,Australian National University,6,58.25,CSP & BMP Only,2,0,0,0,N/A,N/A,,,Very poorly,"
"
415,11/16/2022 17:58:21,Non-Rural,52,70,74,65.33333333,67.5,,,,,,,The University of Notre Dame Sydney,6.7,65.33333333,All,2,4,0,0,3rd,N/A,,,Well,"
"
416,11/17/2022 6:27:43,Non-Rural,72,74,74,73.33333333,73.5,,,,,,,Griffith University,6.94,73.5,CSP Only,1,0,0,0,N/A,N/A,,,Unsure,"
"
417,11/18/2022 15:35:22,Non-Rural,65,59,74,66,68,The University of Melbourne,6.9,66,FFP,1,Yes,,,,,,0,0,0,N/A,N/A,,Yes,Unsure,"
"
418,11/18/2022 16:38:21,Non-Rural,68,72,70,70,70,Griffith University,6.85,70,CSP,2,No,The University of Queensland,6.8,70,CSP & BMP Only,1,0,0,0,N/A,N/A,,Yes,Well,"
"
419,11/20/2022 13:41:14,Non-Rural,66,64,58,62.66666667,61.5,,,,,,,The University of Queensland,6.72,62.66666667,All,1,0,0,0,N/A,N/A,,,Unsure,"
"
420,11/21/2022 19:28:06,Non-Rural,54,70,67,63.66666667,64.5,Deakin University,6.715,64.5,CSP,4,No,The University of Queensland,7,63.66666667,All,3,0,0,0,N/A,Tier 3,,Yes,Well,"
"
421,11/21/2022 21:58:21,Non-Rural,83,60,82,75,76.75,,,,,,,The University of Melbourne,6.73,75,CSP & BMP Only,2,2,0,0,N/A,N/A,,,Poorly,"
"
422,11/24/2022 21:24:37,Non-Rural,55,75,68,66,66.5,,,,,,,The University of Melbourne,6.26,66,All,3,0,0,0,N/A,N/A,,,Unsure,"
"
423,11/26/2022 13:17:53,Rural,59,62,53,58,56.75,The University of Western Australia,6.207,56.75,BMP,3,No,Griffith University,6.17,56.75,CSP & BMP Only,1,4,0,3,N/A,N/A,,Unsure,Unsure,"
"
424,11/27/2022 23:31:16,Non-Rural,67,63,58,62.66666667,61.5,,,,,,,The University of Wollongong,5.5,61.5,CSP Only,6,6,2,0,4th,N/A,,,Very poorly,"r
"
425,11/29/2022 17:19:52,Non-Rural,73,78,68,73,71.75,,,,,,,Australian National University,6.2,71.75,All,3,0,2,0,N/A,N/A,,,Unsure,"
"
426,12/1/2022 15:11:17,Non-Rural,66,59,86,70.33333333,74.25,,,,,,,The University of Notre Dame Fremantle,6.42,70.33333333,All,1,6,0,0,N/A,N/A,,,Unsure,"above average portfolio and WA resident
"
427,12/9/2022 15:54:06,Non-Rural,68,75,84,75.66666667,77.75,The University of Queensland,6.34,75.66666667,BMP,3,No,Australian National University,6.34,77.75,All,2,0,2,0,N/A,N/A,Metro,Unsure,Unsure,"Second Round Offer
"
428,12/10/2022 17:42:03,Non-Rural,74,67,67,69.33333333,68.75,The University of Queensland,7,69.33333333,BMP,1,Yes,,,,,,2,4,0,N/A,Tier 3,Metro,Yes,Unsure,"
"
429,12/14/2022 14:15:42,Non-Rural,69,70,78,72.33333333,73.75,The University of Melbourne,7,72.33333333,CSP,1,Yes,,,,,,0,0,0,N/A,N/A,,Yes,Well,"
"
430,12/22/2022 11:27:36,Non-Rural,51,51,51,51,51,,,,,,,Griffith University,5,51,All,4,0,2,0,1st,Tier 3,,,Very well,"Naa
"
431,1/23/2023 7:58:28,Rural,55,57,63,58.33333333,59.5,,,,,,,The University of Melbourne,6.1,58.33333333,All,1,0,0,3,N/A,N/A,,,Unsure,"GAM, RMP unimelb applicant
"
432,3/18/2023 20:46:24,Non-Rural,66,79,67,70.66666667,69.75,The University of Melbourne,6.75,70.66666667,CSP,1,Yes,,,,,,0,0,0,N/A,N/A,,Yes,Poorly,"
"
433,4/7/2023 13:02:05,Non-Rural,56,71,56,61,59.75,,,,,,,The University of Wollongong,5.5,59.75,CSP Only,1,2,0,0,N/A,N/A,,,Poorly,"
"
434,4/14/2023 15:42:48,Non-Rural,65,65,60,63.33333333,62.5,,,,,,,The University of Notre Dame Sydney,6.75,63.33333333,CSP & BMP Only,2,0,0,0,1st,N/A,,,Well,"Average portfolio strength
"
435,5/18/2023 19:07:10,Non-Rural,59,61,63,61,61.5,,,,,,,The University of Wollongong,5.5,61.5,CSP & BMP Only,4,0,0,0,3rd,N/A,,,Poorly,"
"
436,7/2/2023 14:34:53,Non-Rural,68,75,95,79.33333333,83.25,Australian National University,7,83.25,CSP,6,Yes,,,,,,10,2,5,N/A,N/A,,Yes,Very poorly,"
"
437,9/3/2023 1:36:50,Non-Rural,54,64,73,63.66666667,66,,,,,,,Macquarie University,6.8,66,CSP Only,3,8,2,5,N/A,Tier 2,,,Well,"Heydhd
"
438,10/3/2023 12:35:21,Non-Rural,68,69,73,70,70.75,,,,,,,The University of Queensland,7,70,CSP & BMP Only,1,0,2,0,N/A,N/A,,,Well,"
"
439,10/25/2023 10:06:29,Rural,60,78,51,63,60,,,,,,,Griffith University,6.458,60,All,1,0,0,0,4th,Tier 2,,,Unsure,"
"
440,10/29/2023 23:17:56,Non-Rural,55,55,55,55,55,,,,,,,The University of Notre Dame Fremantle,5.66,55,All,1,0,0,0,N/A,N/A,,,Unsure,"
"
441,3/8/2024 16:01:55,Non-Rural,65,69,75,69.66666667,71,The University of Wollongong,5.5,71,BMP,1,Yes,,,,,,0,0,0,N/A,N/A,,Yes,Unsure,"
"
442,6/22/2024 14:51:57,Non-Rural,59,81,56,65.33333333,63,,,,,,,The University of Notre Dame Fremantle,6.74,65.33333333,All,2,2,0,0,N/A,N/A,,,Poorly,"didnt speak about rural or indiginous health in interview
"
