THIS FORM IS ONLY FOR:,Year of graduation:,I received an offer from:,Do you have a prior qualification with the same university?:,Preference number of the above university (1st ... 6th):,What was your first preference?:,I interviewed at:,Offer Type (please change):,GPA (as calculated by the university making the offer):,Weighted Average Mark (Monash only):,GAMSAT Section 1 score:,GAMSAT Section 2 score:,GAMSAT Section 3 score:,Overall GAMSAT (as calculated by the university making the offer):,MCAT 8/8/M/8 or other score:,Score type:,Undergraduate degree:,Residency status in Australia:,Highest post graduate qualification?:,Rural candidate?:,Deakin University bonus (total %):,Flinders University candidates only:,Flinders University NT Medical Program (NTMP) applicant?:,University of Melbourne Graduate Access applicant?:,What kind of doctor I want to be when I grow up:
Medical Student,2025,University of Sydney,No,1,Griffith University,University of Sydney,FFP,5.96,-,56,63,76,65,,GAMSAT,Biomed,Local,None,Yes,0,Non-Flinders degree holder,No,No,Guitar rock star
Medical Student,2025,University of Sydney,No,2,University of Notre Dame Sydney,University of Sydney,BMP,6.68,-,61,75,49,81,,GAMSAT,BBiotech(Hons),Local,PhD,Yes,0,Non-Flinders degree holder,No,No,FRACP: Cardiology
Medical Student,2025,University of Sydney,No,1,University of Sydney,University of Sydney,CSP,6.8,-,81,73,71,75,,GAMSAT,BSc/Ba,Local,Honours,No,0,Non-Flinders degree holder,No,No,FACRRM: Rural and Remote Medicine (General Practice)
Medical Student,2025,University of Sydney,Yes,1,University of Sydney,University of Sydney,CSP,4.77,-,69,62,56,N/A,,GAMSAT,BA,Local,None,Yes,0,Non-Flinders degree holder,No,No,FRANCZP: Psychiatry
Medical Student,2025,University of Sydney,No,1,University of Sydney,University of Sydney,CSP,5.29,-,71,85,67,72,,GAMSAT,Bachelor of Science,Local,Honours,No,0,Non-Flinders degree holder,No,No,Guitar rock star
Medical Student,2025,University of Sydney,No,1,University of Sydney,University of Sydney,CSP,6.5,-,69,89,69,74,,GAMSAT,Bachelor of Medical Science,Local,None,No,0,Non-Flinders degree holder,No,No,Guitar rock star
Medical Student,2025,University of Sydney,No,3,University of Queensland,University of Sydney,BMP,5.23,-,67,65,63,65,,GAMSAT,Biomedical Science,Local,None,Yes,0,Non-Flinders degree holder,No,No,FRACGP: General Practice
Medical Student,2025,University of Sydney,No,1,University of Sydney,University of Sydney,BMP,6.83,-,61,57,78,69,,GAMSAT,Bachelor of Medical Science,Local,None,Yes,0,Non-Flinders degree holder,No,No,Guitar rock star
Medical Student,2025,University of Sydney,No,3,University of Melbourne,University of Sydney,CSP,7,N/A,71,61,97,N/A,,GAMSAT,Biomedical science,Local,None,No,2,Non-Flinders degree holder,No,No,FRACS: Cardio-thoracic Surgery
Medical Student,2025,University of Sydney,No,1,University of Sydney,University of Sydney,CSP,6.67,-,75,78,85,N/A,,GAMSAT,BSc,Local,Masters (coursework),No,0,Non-Flinders degree holder,No,No,FRACGP: General Practice
Medical Student,2025,University of Sydney,No,1,University of Sydney,University of Sydney,FFP,5.52,-,63,80,62,69,,GAMSAT,Biomedicine,Local,Honours,Yes,0,Non-Flinders degree holder,No,No,FRACP: Medical Oncology
Medical Student,2025,University of Sydney,No,1,University of Sydney,University of Sydney,CSP,6.76,-,70,84,68,N/A,,GAMSAT,Bachelor of Arts,Local,None,No,0,Non-Flinders degree holder,No,No,FACEM: Emergency medicine
Medical Student,2025,University of Sydney,No,1,University of Sydney,University of Sydney,CSP,6.71,-,63,89,75,75,,GAMSAT,Bachelor of Science,Local,None,No,0,Non-Flinders degree holder,No,No,FRACP: Medical Oncology
Medical Student,2025,University of Sydney,No,1,University of Sydney,University of Sydney,BMP,5.3,N/A,61,59,70,65,,GAMSAT,Bachelor of Mechanical Engineering (Honours),Local,Honours,Yes,8,Non-Flinders degree holder,No,No,FRANZCR: Diagnostic Radiology
Medical Student,2025,University of Sydney,Yes,1,University of Sydney,University of Sydney,CSP,6.58,-,72,71,89,N/A,,GAMSAT,Bachelor of Science (Honours),Local,Honours,Yes,0,Non-Flinders degree holder,No,No,Guitar rock star
Medical Student,2025,University of Sydney,Yes,1,University of Sydney,University of Sydney,CSP,6.07,-,69,78,81,77,,GAMSAT,Bachelor of Science,Local,None,No,0,Non-Flinders degree holder,No,No,FRANZCOG: Obstetrics and Gynaecology
Medical Student,2025,University of Sydney,Yes,1,University of Sydney,University of Sydney,CSP,6.73,-,76,76,75,76,,GAMSAT,Bachelor of Science (MedSci),Local,None,No,0,Non-Flinders degree holder,No,No,FRACGP: General Practice
Medical Student,2025,University of Sydney,No,1,University of Sydney,University of Sydney,CSP,6.67,-,68,82,75,75,,GAMSAT,Bachelor of Biomedical Science,Local,None,No,0,Non-Flinders degree holder,No,No,FANZCA: Anaesthesia
Medical Student,2025,University of Sydney,No,1,University of Sydney,University of Sydney,CSP,6.68,-,65,82,78,75,,GAMSAT,Bachelor of Biomedicine,International,None,No,0,Non-Flinders degree holder,No,No,FRACGP: General Practice
Medical Student,2025,University of Sydney,No,1,University of Sydney,University of Sydney,CSP,6.27,-,69,85,79,78,,GAMSAT,BBMED,Local,Honours,No,0,Non-Flinders degree holder,No,No,FRACS: Neurosurgery Surgery
Medical Student,2025,University of Sydney,No,1,University of Sydney,University of Sydney,CSP,6.38,-,68,86,80,78,,GAMSAT,Neuroscience,Local,Honours,No,0,Non-Flinders degree holder,No,No,FRACP: Medical Oncology
Medical Student,2025,University of Sydney,No,1,University of Sydney,University of Sydney,CSP,6.38,-,68,86,80,78,,GAMSAT,Neuroscience,Local,Honours,No,0,Non-Flinders degree holder,No,No,FRACP: Medical Oncology
Medical Student,2025,University of Sydney,No,1,University of Sydney,University of Sydney,CSP,6.95,-,62,73,92,N/A,,GAMSAT,Medical Science,Local,Masters (coursework),No,0,Non-Flinders degree holder,No,No,FAFPHM: Public Health Medicine
Medical Student,2025,University of Sydney,No,4,University of Queensland,University of Sydney,CSP,5.5,-,68,85,68,73,,GAMSAT,Civil Engineering,Local,Masters (coursework),Yes,0,Non-Flinders degree holder,No,No,FACRRM: Rural and Remote Medicine (General Practice)
Medical Student,2025,University of Sydney,No,1,University of Sydney,University of Sydney,BMP,5.17,-,69,69,59,64,,GAMSAT,Bachelor of Science (Honours),Local,Honours,Yes,0,Non-Flinders degree holder,No,No,FRACP: Neurology
Medical Student,2025,University of Sydney,No,1,University of Sydney,University of Sydney,BMP,5.33,-,70,65,60,N/A,,GAMSAT,Bachelor of Medical Science,Local,Masters (research),Yes,0,Non-Flinders degree holder,No,No,Guitar rock star
Medical Student,2025,University of Sydney,No,1,University of Sydney,University of Sydney,CSP,6.54,-,70,71,90,N/A,266.25 using 1.25*(S1+S2)+S3,GAMSAT,Diagnostic Radiography,Local,None,No,0,Non-Flinders degree holder,No,No,Guitar rock star
Medical Student,2025,University of Sydney,No,2,University of Melbourne,University of Sydney,CSP,6.53,-,78,72,80,N/A,,GAMSAT,Aerospace Engineering,Local,None,No,0,Non-Flinders degree holder,No,No,FANZCA: Anaesthesia
Medical Student,2025,University of Sydney,Yes,1,University of Sydney,University of Sydney,CSP,6.48,-,63,84,88,N/A,,GAMSAT,BSc/BA,Local,Masters (coursework),No,0,Non-Flinders degree holder,No,No,FACEM: Emergency medicine
Medical Student,2025,University of Sydney,No,1,University of Sydney,University of Sydney,CSP,5.18,-,76,72,78,76,,GAMSAT,Science,Local,None,No,0,Non-Flinders degree holder,No,No,FRACP: Neurology
Medical Student,2025,University of Sydney,No,1,University of Sydney,University of Sydney,CSP,5.18,-,76,72,78,76,,GAMSAT,Science,Local,None,No,0,Non-Flinders degree holder,No,No,FRACP: Neurology
Medical Student,2025,University of Sydney,No,1,University of Sydney,University of Sydney,CSP,6.52,-,72,86,76,N/A,,GAMSAT,Bachelor of Health Sciences,International,None,No,0,Non-Flinders degree holder,No,No,FRACGP: General Practice
Medical Student,2025,University of Sydney,No,2,University of Queensland,University of Sydney,BMP,6.33,-,58,67,65,64,,GAMSAT,Exercise Science,Local,Masters (coursework),Yes,8,Parallel Rural Community Curriculum (PRCC),No,No,Guitar rock star
Medical Student,2025,University of Sydney,No,3,Griffith University,University of Sydney,BMP,5.92,-,68,71,57,63,N/A,GAMSAT,Bachelor of Biomedical Science,Local,Honours,Yes,2,Non-Flinders degree holder,No,Yes,Guitar rock star
Medical Student,2025,University of Sydney,Yes,1,University of Sydney,University of Sydney,CSP,6.2,-,77,63,92,81,,GAMSAT,Bachelor of Science,International,None,No,0,Non-Flinders degree holder,No,No,Guitar rock star
Medical Student,2025,University of Sydney,No,1,University of Sydney,University of Sydney,CSP,5.87,-,71,90,63,N/A,,GAMSAT,B. Environmental Biology (second undergrad started - Nursing),Local,None,No,0,Non-Flinders degree holder,No,No,Guitar rock star
Medical Student,2025,University of Sydney,No,1,University of Sydney,University of Sydney,CSP,5.82,-,64,90,67,N/A,,GAMSAT,Bachelor of Medical Science,Local,Honours,No,0,Non-Flinders degree holder,No,No,FRACP: Nephrology
Medical Student,2025,University of Sydney,No,1,University of Sydney,University of Sydney,CSP,6.62,-,70,72,89,N/A,,GAMSAT,BSci,Local,None,No,0,Non-Flinders degree holder,No,No,Guitar rock star
Medical Student,2025,University of Sydney,Yes,1,University of Sydney,University of Sydney,BMP,6.15,-,62,63,68,N/A,,GAMSAT,BSci,Local,None,Yes,0,Non-Flinders degree holder,No,No,Guitar rock star
Medical Student,2025,University of Sydney,Yes,1,University of Sydney,University of Sydney,BMP,5.98,-,69,76,68,70,,GAMSAT,Bachelor of Commerce,Local,None,Yes,0,Non-Flinders degree holder,No,No,Guitar rock star
Medical Student,2025,University of Sydney,No,1,University of Sydney,University of Sydney,BMP,5.35,-,59,56,93,75,,GAMSAT,Engineering,Local,None,Yes,0,Non-Flinders degree holder,No,No,Guitar rock star
Medical Student,2025,University of Sydney,No,2,Flinders University,University of Sydney,CSP,6.11,-,69,72,92,N/A,,GAMSAT,Bachelor of Medical Science,Local,None,No,0,Flinders University degree holder,No,No,Guitar rock star
Medical Student,2025,University of Sydney,No,1,University of Sydney,University of Sydney,BMP,6.34,-,66,66,62,64,,GAMSAT,Science,Local,None,Yes,0,Non-Flinders degree holder,No,No,Guitar rock star
Medical Student,2025,University of Sydney,No,1,University of Sydney,University of Sydney,CSP,6,-,70,70,84,N/A,,GAMSAT,Bachelor of Commerce,Local,None,No,0,Non-Flinders degree holder,No,No,Guitar rock star
Medical Student,2025,University of Sydney,No,1,University of Sydney,University of Sydney,CSP,5.88,-,69,81,83,79,,GAMSAT,Psychology,Local,None,No,0,Non-Flinders degree holder,No,No,FRANCZP: Psychiatry
Medical Student,2025,University of Sydney,Yes,1,University of Sydney,University of Sydney,BMP,5.17,-,66,77,60,68,,GAMSAT,Medical Science,Local,Honours,Yes,0,Non-Flinders degree holder,No,No,FANZCA: Anaesthesia
Medical Student,2025,University of Sydney,No,1,University of Melbourne,University of Sydney,CSP,6.27,-,61,79,87,N/A,,GAMSAT,BA,Local,None,No,0,Non-Flinders degree holder,No,Yes,FRACGP: General Practice
Medical Student,2025,University of Sydney,No,2,University of Melbourne,University of Sydney,CSP,5.46,-,69,77,76,74,,GAMSAT,BSc (Hons),Local,Honours,No,0,Non-Flinders degree holder,No,No,FRACS: Cardio-thoracic Surgery
Medical Student,2025,University of Sydney,No,1,University of Sydney,University of Sydney,BMP,6.4,-,61,64,66,49,,GAMSAT,Science,Local,None,Yes,6,Non-Flinders degree holder,No,Yes,Guitar rock star
Medical Student,2025,University of Sydney,Yes,1,University of Sydney,University of Sydney,CSP,6.1,-,62,73,90,79,,GAMSAT,BSci,Local,Honours,No,0,Non-Flinders degree holder,No,No,FRACS: General Surgery
Medical Student,2025,University of Sydney,No,1,University of Sydney,University of Sydney,BMP,5,-,61,62,67,64,,GAMSAT,Bachelor of Geology,Local,Honours,Yes,0,Non-Flinders degree holder,No,No,FRACS: General Surgery
Medical Student,2025,University of Sydney,No,1,University of Notre Dame Fremantle,University of Sydney,CSP,5.76,-,84,66,83,N/A,,GAMSAT,BSc (Mathematics),Local,None,No,0,Non-Flinders degree holder,No,No,Guitar rock star
Medical Student,2025,University of Sydney,No,3,University of Sydney,University of Sydney,BMP,6.25,81.78,56,67,71,66,,GAMSAT,Bachelor of Biomedical Science,Local,None,Yes,8,Non-Flinders degree holder,No,Yes,FRACS: Neurosurgery Surgery
Medical Student,2025,University of Sydney,No,3,University of Sydney,University of Sydney,BMP,6.25,81.78,56,67,71,66,,GAMSAT,Bachelor of Biomedical Science,Local,None,Yes,8,Non-Flinders degree holder,No,Yes,FRACS: Neurosurgery Surgery
Medical Student,2025,University of Western Australia,No,3,University of Melbourne,University of Western Australia,FFP,6.96,-,55,72,76,70,,GAMSAT,Biomedicine,International,None,No,0,Non-Flinders degree holder,No,No,Guitar rock star
Medical Student,2025,University of Sydney,No,1,University of Sydney,University of Sydney,BMP,6.31,-,57,84,57,64,,GAMSAT,Biomed,International,None,Yes,10,Non-Flinders degree holder,No,Yes,Guitar rock star
Medical Student,2025,Flinders University,No,1,University of Queensland,Flinders University,FFP,5.8,-,53,54,75,64,,GAMSAT,Bachelor of Health Science,International,Masters (coursework),No,0,Non-Flinders degree holder,No,No,FRACS: General Surgery
Medical Student,2025,Deakin University,No,1,University of Queensland,Deakin University,FFP,5.9,-,53,54,75,64,,GAMSAT,Bachelor of Health Science,International,Masters (coursework),No,0,Non-Flinders degree holder,No,No,FRACS: General Surgery
Medical Student,2025,University of Sydney,No,1,University of Sydney,University of Sydney,CSP,5.6,-,75,66,85,78,,GAMSAT,Bachelor of Science,Local,None,No,0,Non-Flinders degree holder,No,No,FACEM: Emergency medicine
Medical Student,2025,University of Sydney,No,1,University of Sydney,University of Sydney,CSP,6.3,-,79,66,84,78,,GAMSAT,Bachelor of Biomedicine,Local,Honours,No,0,Non-Flinders degree holder,No,No,FRANZCO: Ophthalmology
Medical Student,2025,University of Sydney,No,1,University of Sydney,University of Sydney,CSP,5.4,-,65,82,77,75,,GAMSAT,Biomedicine,Local,None,No,0,Non-Flinders degree holder,No,No,FRACS: Cardio-thoracic Surgery
Medical Student,2025,University of Sydney,No,1,University of Sydney,University of Sydney,CSP,5.63,-,68,78,80,76,,GAMSAT,bachelor of science,International,Honours,No,0,Non-Flinders degree holder,No,No,FANZCA: Anaesthesia
Medical Student,2025,University of Sydney,Yes,1,University of Sydney,University of Sydney,BMP,5.99,-,69,76,68,70,,GAMSAT,Bachelor of Commerce,Local,None,Yes,0,Non-Flinders degree holder,No,No,Guitar rock star
Medical Student,2025,University of Queensland,No,2,University of Sydney,University of Queensland,FFP,6.69,-,56,61,72,63,,GAMSAT,Biomedicine,International,None,No,0,Non-Flinders degree holder,No,No,FRACGP: General Practice
Medical Student,2025,University of Sydney,No,1,University of Sydney,University of Sydney,FFP,4.99,-,56,61,72,63,,GAMSAT,Biomedicine,International,None,No,0,Non-Flinders degree holder,No,No,FRACGP: General Practice
Medical Student,2025,University of Sydney,No,1,University of Sydney,University of Melbourne,CSP,6.13,-,77,63,93,78,,GAMSAT,Bachelor of Biomedicine,Local,None,No,0,Non-Flinders degree holder,No,No,FACEM: Emergency medicine
Medical Student,2025,University of Sydney,No,2,University of Melbourne,University of Sydney,FFP,6.91,-,55,72,76,70,,GAMSAT,Bachelor of Biomedicine,International,None,No,0,Non-Flinders degree holder,No,No,Guitar rock star
Medical Student,2025,Deakin University,No,1,Deakin University,Deakin University,Other,7,-,N/A,N/A,49,N/A,129/130/130/130,MCAT,Hons Bachelor of Arts,International,Masters (research),No,0,Non-Flinders degree holder,No,No,FACEM: Emergency medicine
Medical Student,2025,University of Sydney,Yes,1,University of Sydney,University of Melbourne,FFP,6.95,91,60,60,82,N/A,,GAMSAT,BSc,International,None,No,0,Non-Flinders degree holder,No,No,Guitar rock star
Medical Student,2025,University of Sydney,No,2,University of Melbourne,University of Melbourne,BMP,6.32,-,72,74,61,N/A,,GAMSAT,Bachelor of Biomedicine,Local,None,Yes,4,Non-Flinders degree holder,No,No,Guitar rock star
Medical Student,2025,University of Sydney,Yes,1,University of Sydney,University of Sydney,BMP,4.99,-,66,66,67,66,,GAMSAT,Dentistry,International,None,Yes,0,Non-Flinders degree holder,No,No,FRACDS (OMS): Oral and Maxillofacial Surgery
Medical Student,2025,University of Sydney,No,2,University of Melbourne,University of Sydney,FFP,6.8,-,57,65,70,65,,GAMSAT,Biomedicine,International,None,No,0,Non-Flinders degree holder,No,No,FRANZCOG: Obstetrics and Gynaecology
Medical Student,2025,Flinders University,Yes,1,Flinders University,Flinders University,BMP,6.97,-,57,69,71,67,,GAMSAT,Medical Science,Local,None,Yes,0,Parallel Rural Community Curriculum (PRCC),No,No,FRACGP: General Practice
Medical Student,2025,Flinders University,No,1,Flinders University,Flinders University,CSP,5.92,-,80,80,97,87,,GAMSAT,BEng/Bsc,Local,Masters (coursework),No,0,Non-Flinders degree holder,No,No,FRACP: Intensive Care Medicine
Medical Student,2025,Flinders University,Yes,1,Flinders University,Flinders University,CSP,6.72,-,62,64,78,70,,GAMSAT,BSc - Biotechnology,Local,PhD,No,2,Flinders University degree holder,No,No,FRACP: Cardiology
Medical Student,2025,Flinders University,Yes,1,Flinders University,Flinders University,CSP,6.85,-,67,65,86,76,,GAMSAT,Medical Science,Local,None,No,0,Flinders University degree holder,No,No,Guitar rock star
Medical Student,2025,University of Sydney,No,2,Flinders University,Flinders University,BMP,6.28,-,66,72,61,65,,GAMSAT,Commerce,Local,None,No,0,Non-Flinders degree holder,No,No,Guitar rock star
Medical Student,2025,University of Sydney,No,2,University of Sydney,University of Sydney,CSP,5.98,-,82,87,94,88,,GAMSAT,BSci,Local,None,No,0,Non-Flinders degree holder,No,No,FRANZCOG: Obstetrics and Gynaecology
Medical Student,2025,Flinders University,No,1,Flinders University,Flinders University,CSP,6.94,-,84,77,87,84,,GAMSAT,Bachelor of Engineering,Local,Honours,No,0,Non-Flinders degree holder,No,No,FRACP: Cardiology
Medical Student,2025,University of Melbourne,No,2,University of Sydney,University of Sydney,FFP,6.95,-,56,68,82,68,,GAMSAT,BSc,International,None,No,0,Non-Flinders degree holder,No,No,Guitar rock star
Medical Student,2025,Australian National University,No,1,University of Sydney,University of Sydney,CSP,6.99,-,62,73,92,80,,GAMSAT,Medical Science,Local,Masters (coursework),No,0,Non-Flinders degree holder,No,No,FAFPHM: Public Health Medicine
Medical Student,2025,Australian National University,No,1,Australian National University,Australian National University,FFP,6.7,-,70,72,78,75,,GAMSAT,BMedSc(Hons),Local,Honours,No,0,Non-Flinders degree holder,No,No,FANZCA: Anaesthesia
Medical Student,2025,Flinders University,Yes,1,Flinders University,Flinders University,CSP,6.72,-,62,64,78,70,,GAMSAT,BSc - Biotechnology (General),Local,PhD,No,2,Flinders University degree holder,No,No,FRACP: Cardiology
Medical Student,2025,University of Wollongong,No,4,Deakin University,University of Sydney,CSP,5.99,-,68,74,64,68,,GAMSAT,Allied health,Local,None,No,4,Non-Flinders degree holder,No,No,FACRRM: Rural and Remote Medicine (General Practice)
Medical Student,2025,University of Queensland,No,1,University of Queensland,University of Queensland,CSP,6.92,-,63,75,78,72,,GAMSAT,Bachelor of Food and Nutrition,Local,None,No,0,Non-Flinders degree holder,No,No,FRANCZP: Psychiatry
Medical Student,2025,University of Queensland,Yes,1,University of Queensland,University of Queensland,CSP,6.81,-,66,72,65,68,,GAMSAT,Biomedical Science,Local,None,No,0,Non-Flinders degree holder,No,No,FRACP: Geratric Medicine
Medical Student,2025,University of Queensland,No,2,Griffith University,University of Queensland,CSP,6.97,-,61,78,63,67,,GAMSAT,Bachelor of Biomedical Science,Local,None,No,0,Non-Flinders degree holder,No,No,FRACS: Neurosurgery Surgery
Medical Student,2025,Macquarie University,No,5,University of Notre Dame Sydney,University of Notre Dame Sydney,FFP,6.98,-,53,70,64,63,,GAMSAT,Bachelor of Biomedical Science (Honours),Local,Honours,No,0,Non-Flinders degree holder,No,No,FRACGP: General Practice
Medical Student,2025,University of Melbourne,No,1,University of Melbourne,University of Melbourne,BMP,6.97,-,78,80,82,80,,GAMSAT,Biomedical Science,Local,None,No,0,Non-Flinders degree holder,No,No,Guitar rock star
Medical Student,2025,University of Melbourne,No,1,University of Melbourne,University of Melbourne,CSP,6.91,-,63,89,75,75,,GAMSAT,Bachelor of Science,Local,None,No,0,Non-Flinders degree holder,No,Yes,FRANZCOG: Obstetrics and Gynaecology
Medical Student,2025,University of Melbourne,No,1,University of Sydney,University of Melbourne,CSP,6.65,-,78,80,63,74,,GAMSAT,Bachelor of Science,Local,None,No,0,Non-Flinders degree holder,No,No,FRACS: Neurosurgery Surgery
Medical Student,2025,Deakin University,No,2,University of Melbourne,University of Melbourne,BMP,6.93,81,62,78,73,73,,GAMSAT,Biomed,Local,None,No,0,Non-Flinders degree holder,No,No,FRACP: Paediatric Emergency Medicine
Medical Student,2025,University of Queensland,No,5,University of Melbourne,University of Queensland,BMP,7,-,63,80,62,67,,GAMSAT,BSc (Hons),Local,Masters (coursework),No,0,Non-Flinders degree holder,Yes,Yes,FRANZCOG: Obstetrics and Gynaecology
Medical Student,2025,Deakin University,No,1,Deakin University,Deakin University,CSP,6.95,-,65,63,86,75,,GAMSAT,Bachelor of Biomedicine,Local,Honours,No,2,Non-Flinders degree holder,No,No,FRACS: Orthopaedic Surgery
Medical Student,2025,Australian National University,No,3,Deakin University,Australian National University,CSP,6.73,-,71,66,73,71,,GAMSAT,Bach of Science (Honours),International,None,No,0,Non-Flinders degree holder,No,No,FRACGP: General Practice
Medical Student,2025,University of Queensland,Yes,1,University of Queensland,University of Queensland,BMP,7,-,58,63,77,66,,GAMSAT,BSc,Local,PhD,Yes,0,Non-Flinders degree holder,No,No,FACEM: Emergency medicine
Medical Student,2025,Griffith University,Yes,1,Griffith University,Griffith University,BMP,6.48,-,64,58,62,61,,GAMSAT,Commerce,Local,Masters (coursework),Yes,0,Non-Flinders degree holder,No,Yes,FACRRM: Rural and Remote Medicine (General Practice)
Medical Student,2025,University of Notre Dame Sydney,No,2,University of Wollongong,University of Notre Dame Sydney,CSP,6.22,-,69,73,57,66,,GAMSAT,BSc,Local,None,No,0,Non-Flinders degree holder,No,No,FACEM: Emergency medicine
Medical Student,2025,University of Notre Dame Sydney,No,3,University of Notre Dame Fremantle,University of Sydney,FFP,6.87,-,N/A,N/A,N/A,55,,GAMSAT,B.Pharm (Hon I) + PhD (not completed yet),Local,None,No,4,Non-Flinders degree holder,No,No,FRACP: Haematology
Medical Student,2025,University of Melbourne,No,1,University of Melbourne,University of Melbourne,CSP,7,-,66,65,72,69,,GAMSAT,Bachelor of Clinical Science,Local,None,No,0,Non-Flinders degree holder,No,No,FRACS: Paediatric Surgery
Medical Student,2025,University of Melbourne,No,1,University of Melbourne,University of Melbourne,CSP,6.81,-,69,66,76,70,,GAMSAT,B Med Sci,Local,None,No,0,Non-Flinders degree holder,No,No,FRACP: Gastroenterology and Hepatology
Medical Student,2025,University of Queensland,No,3,Deakin University,University of Queensland,CSP,7,-,67,67,68,67,,GAMSAT,Bachelor of Science,Local,Honours,No,0,Non-Flinders degree holder,No,No,FRANZCOG: Obstetrics and Gynaecology
Medical Student,2025,University of Notre Dame Fremantle,No,1,University of Notre Dame Fremantle,University of Notre Dame Fremantle,BMP,6.54,-,84,66,83,78,,GAMSAT,BSc (Mathematics),Local,Honours,No,0,Non-Flinders degree holder,No,No,FRANCZP: Psychiatry
Medical Student,2025,University of Wollongong,No,1,University of Wollongong,University of Wollongong,BMP,6.93,-,49,49,49,65,,GAMSAT,Bachelor of Physiotherapy,Local,None,No,4,Non-Flinders degree holder,No,No,FACEM: Emergency medicine
Medical Student,2025,University of Melbourne,No,1,University of Melbourne,University of Melbourne,CSP,6.81,-,69,66,76,70,,GAMSAT,B Med Sci,Local,None,No,0,Non-Flinders degree holder,No,No,FRACP: Gastroenterology and Hepatology
Medical Student,2025,University of Melbourne,Yes,1,University of Melbourne,University of Melbourne,FFP,6.85,-,N/A,N/A,N/A,N/A,,Other,Bachelor of Science,Local,None,No,0,Non-Flinders degree holder,No,No,FRACS: Cardio-thoracic Surgery
Medical Student,2025,University of Melbourne,No,1,University of Melbourne,University of Melbourne,CSP,6.81,-,69,66,76,70,,GAMSAT,B Med Sci,Local,None,No,0,Non-Flinders degree holder,No,No,FRACP: Gastroenterology and Hepatology
Medical Student,2025,Deakin University,Yes,1,Deakin University,Deakin University,CSP,6.99,-,60,64,77,69,,GAMSAT,Biomedicine,Local,None,No,8,Non-Flinders degree holder,No,No,FACSP: Sport and Exercise Medicine
Medical Student,2025,University of Notre Dame Sydney,No,1,University of Notre Dame Sydney,University of Notre Dame Sydney,FFP,6.22,-,68,79,80,76,,GAMSAT,Bachelor of Medical Science,International,None,No,0,Non-Flinders degree holder,No,Yes,FRACP: Paediatric Emergency Medicine
Medical Student,2025,University of Melbourne,No,2,Australian National University,Australian National University,CSP,6.9,-,69,82,62,71,,GAMSAT,Bachelor of Science,Local,None,No,0,Non-Flinders degree holder,No,No,FRACP: Haematology
Medical Student,2025,University of Notre Dame Sydney,No,1,University of Notre Dame Sydney,University of Notre Dame Sydney,CSP,6.87,-,63,71,56,63,,GAMSAT,Optometry,Local,None,No,2,Non-Flinders degree holder,No,No,FRACGP: General Practice
Medical Student,2025,University of Notre Dame Sydney,No,1,University of Notre Dame Sydney,University of Notre Dame Sydney,CSP,6.87,-,63,71,56,63,,GAMSAT,Optometry,Local,None,No,2,Non-Flinders degree holder,No,No,FRACGP: General Practice
Medical Student,2025,University of Notre Dame Sydney,No,1,University of Notre Dame Sydney,University of Notre Dame Sydney,CSP,6.87,-,63,71,56,63,,GAMSAT,Optometry,Local,None,No,2,Non-Flinders degree holder,No,No,FRACGP: General Practice
Medical Student,2025,University of Wollongong,No,1,University of Wollongong,University of Wollongong,CSP,5.75,-,69,62,56,61,,GAMSAT,BA,Local,None,Yes,8,Non-Flinders degree holder,No,No,FRANCZP: Psychiatry
Medical Student,2025,University of Notre Dame Sydney,No,1,University of Notre Dame Sydney,University of Notre Dame Sydney,CSP,6.63,-,61,75,81,74,,GAMSAT,BBiotech(Hons),Local,PhD,Yes,0,Non-Flinders degree holder,No,No,FRACP: Cardiology
Medical Student,2025,University of Melbourne,Yes,1,University of Melbourne,University of Melbourne,CSP,6.73,-,65,82,78,75,,GAMSAT,Biomed,Local,None,No,0,Non-Flinders degree holder,No,No,Guitar rock star
Medical Student,2025,University of Wollongong,No,1,University of Wollongong,University of Wollongong,CSP,5.8,-,66,74,65,68,,GAMSAT,Bachelor of Medical Science,Local,Masters (coursework),No,4,Non-Flinders degree holder,No,No,FANZCA: Anaesthesia
Medical Student,2025,Macquarie University,No,6,Deakin University,Macquarie University,FFP,6.6,-,68,65,71,69,,GAMSAT,Bachelor of Biomedicine,Local,None,No,0,Non-Flinders degree holder,No,No,Guitar rock star
Medical Student,2025,University of Queensland,No,4,University of Melbourne,University of Queensland,CSP,7,-,63,64,69,65,,GAMSAT,Bachelor of Science (Honours),Local,Honours,No,2,Flinders University degree holder,No,Yes,FRANZCOG: Obstetrics and Gynaecology
Medical Student,2025,University of Queensland,Yes,1,University of Queensland,University of Queensland,CSP,7,-,57,62,64,61,,GAMSAT,BBiimed SC (honours),Local,Honours,Yes,0,Non-Flinders degree holder,No,No,FRACP: Medical Oncology
Medical Student,2025,University of Notre Dame Sydney,No,1,University of Notre Dame Sydney,University of Notre Dame Sydney,FFP,6.81,-,65,68,55,62,,GAMSAT,Bachelor of Psych (Honours),Local,Honours,No,0,Non-Flinders degree holder,No,No,FRANCZP: Psychiatry
Medical Student,2025,University of Notre Dame Fremantle,No,2,Deakin University,University of Notre Dame Fremantle,BMP,6.91,-,54,77,62,64,,GAMSAT,Bachelor of Applied Science,Local,Honours,No,4,Non-Flinders degree holder,Yes,Yes,Guitar rock star
Medical Student,2025,University of Notre Dame Sydney,No,2,Australian National University,University of Notre Dame Sydney,FFP,6.58,-,63,55,81,66,,GAMSAT,BPsych (Hons),Local,Masters (research),No,0,Non-Flinders degree holder,No,No,FACEM: Emergency medicine
Medical Student,2025,Griffith University,No,1,Griffith University,Griffith University,CSP,6.77,-,65,65,78,71,,GAMSAT,BSc UQ,International,None,No,0,Non-Flinders degree holder,No,No,Guitar rock star
Medical Student,2025,University of Melbourne,No,1,University of Melbourne,University of Melbourne,CSP,6.94,-,73,66,82,74,,GAMSAT,Biomed,Local,None,No,0,Non-Flinders degree holder,No,No,FRACS: General Surgery
Medical Student,2025,University of Melbourne,Yes,1,University of Melbourne,University of Melbourne,CSP,7,-,61,75,72,69,,GAMSAT,Science,Local,None,No,0,Non-Flinders degree holder,No,No,FRACS: Neurosurgery Surgery
Medical Student,2025,Australian National University,No,2,University of Melbourne,University of Sydney,FFP,6.5,-,63,80,62,68,,GAMSAT,Biomedicine,Local,Masters (coursework),Yes,0,Non-Flinders degree holder,No,Yes,FRACP: Medical Oncology
Medical Student,2025,University of Notre Dame Sydney,No,2,University of Wollongong,University of Notre Dame Sydney,CSP,6.22,-,69,73,57,66,,GAMSAT,BSc,Local,None,No,0,Non-Flinders degree holder,No,No,FACEM: Emergency medicine
Medical Student,2025,Griffith University,No,2,University of Queensland,University of Queensland,CSP,6.8,-,63,65,86,75,,GAMSAT,Bachelor of Pharmaceutics and Therapeutic Science,Local,None,No,0,Non-Flinders degree holder,No,No,FCICM: Intensive Care Medicine
Medical Student,2025,Australian National University,No,1,Australian National University,Australian National University,CSP,6.83,-,72,66,84,77,,GAMSAT,Bachelor of Medical Science,Local,None,No,0,Non-Flinders degree holder,No,No,FAChSHM: Sexual Health medicine
Medical Student,2025,University of Queensland,No,2,Griffith University,University of Queensland,BMP,6.73,-,56,54,64,58,,GAMSAT,Biomed,International,Masters (coursework),Yes,0,Non-Flinders degree holder,No,No,FRACGP: General Practice
Medical Student,2025,University of Queensland,No,1,University of Queensland,University of Queensland,CSP,7,-,61,81,65,69,,GAMSAT,BBioMedSci (hons),Local,None,No,0,Non-Flinders degree holder,No,No,Guitar rock star
Medical Student,2025,University of Melbourne,Yes,1,University of Melbourne,University of Melbourne,CSP,6.88,-,60,73,75,69,,GAMSAT,Bachelor of Biomedicine,Local,Honours,No,2,Non-Flinders degree holder,No,No,FRACP: Neurology
Medical Student,2025,Griffith University,No,1,Griffith University,Griffith University,BMP,7,-,64,52,64,61,,GAMSAT,BioMed,Local,None,Yes,0,Non-Flinders degree holder,No,No,FRACS: General Surgery
Medical Student,2025,University of Notre Dame Sydney,No,4,University of Melbourne,University of Notre Dame Sydney,CSP,6.58,-,75,74,59,69,,GAMSAT,Bachelor of Psychological Science,Local,Honours,No,0,Non-Flinders degree holder,No,No,FRANCZP: Psychiatry
Medical Student,2025,University of Notre Dame Sydney,No,1,University of Notre Dame Sydney,University of Notre Dame Sydney,FFP,6.21,-,71,72,83,75,,GAMSAT,Exercise & Sports Science,Local,Masters (coursework),No,0,Non-Flinders degree holder,No,No,FACEM: Emergency medicine
Medical Student,2025,University of Queensland,No,1,University of Queensland,University of Queensland,CSP,7,-,67,81,76,75,,GAMSAT,Medical Science (Hons),Local,Honours,No,0,Non-Flinders degree holder,No,No,FRACS: General Surgery
Medical Student,2025,University of Melbourne,Yes,1,University of Melbourne,University of Melbourne,CSP,6.9,-,N/A,N/A,N/A,N/A,,GAMSAT,Science,Local,None,No,0,Non-Flinders degree holder,No,No,FACEM: Emergency medicine
Medical Student,2025,University of Queensland,No,1,University of Queensland,University of Queensland,BMP,6.95,-,59,87,67,71,,GAMSAT,Science,Local,None,No,0,Non-Flinders degree holder,No,No,FRACP: General Paediatrics
Medical Student,2025,University of Notre Dame Sydney,No,2,University of Melbourne,University of Notre Dame Sydney,CSP,6.58,-,67,81,54,64,,GAMSAT,Bachelor of Arts,Local,None,No,0,Non-Flinders degree holder,No,No,FAFPHM: Public Health Medicine
Medical Student,2025,University of Notre Dame Sydney,No,1,University of Melbourne,University of Notre Dame Sydney,CSP,6.91,-,61,65,69,66,,GAMSAT,B.Sc (Hons),Local,Honours,No,0,Non-Flinders degree holder,No,No,FANZCA: Anaesthesia
Medical Student,2025,University of Melbourne,Yes,1,University of Melbourne,University of Melbourne,FFP,6.88,-,69,78,77,74,,GAMSAT,BSc,Local,Honours,No,0,Non-Flinders degree holder,No,No,FRACS: Cardio-thoracic Surgery
Medical Student,2025,Griffith University,No,1,Griffith University,Griffith University,BMP,6.37,-,79,68,62,68,,GAMSAT,Science,Local,Honours,Yes,0,Non-Flinders degree holder,No,No,FACRRM: Rural and Remote Medicine (General Practice)
Medical Student,2025,University of Melbourne,No,1,University of Melbourne,University of Melbourne,CSP,6.9,-,63,67,81,70,,GAMSAT,Biomedical Science,Local,None,No,0,Non-Flinders degree holder,No,No,FRACP: Cardiology
Medical Student,2025,University of Melbourne,No,1,University of Melbourne,University of Melbourne,CSP,7,N/A,71,61,97,82,,GAMSAT,Biomedicine,Local,None,No,2,Non-Flinders degree holder,No,Yes,Guitar rock star
Medical Student,2025,University of Melbourne,Yes,1,University of Melbourne,University of Melbourne,CSP,6.95,-,75,71,77,75,,GAMSAT,Science,International,Masters (coursework),No,0,Non-Flinders degree holder,No,No,FRACS: Neurosurgery Surgery
Medical Student,2025,University of Sydney,No,1,University of Notre Dame Fremantle,University of Notre Dame Fremantle,CSP,6.55,-,71,87,63,74,,GAMSAT,BSc,Local,Masters (coursework),No,0,Non-Flinders degree holder,No,No,FRACGP: General Practice
Medical Student,2025,University of Notre Dame Sydney,No,6,Griffith University,University of Notre Dame Sydney,CSP,6.51,-,57,79,72,70,,GAMSAT,Biomed,Local,None,No,0,Non-Flinders degree holder,No,No,FANZCA: Anaesthesia
Medical Student,2025,University of Melbourne,Yes,1,University of Melbourne,University of Melbourne,CSP,6.96,-,75,73,73,74,,GAMSAT,Science,Local,Honours,No,0,Non-Flinders degree holder,No,No,FRACP: General Paediatrics
Medical Student,2025,University of Queensland,Yes,1,University of Queensland,University of Queensland,CSP,7,-,76,82,74,77,,GAMSAT,BSc - Zoology,Local,PhD,No,0,Non-Flinders degree holder,No,No,FRACS: Otolaryngology - Head and Neck Surgery
Medical Student,2025,University of Wollongong,Yes,1,University of Wollongong,University of Wollongong,CSP,7,-,58,72,77,71,,GAMSAT,"Bachelore of Pre-Medicine, Science and Health",Local,None,No,0,Non-Flinders degree holder,No,No,FACEM: Emergency medicine
Medical Student,2025,University of Queensland,No,1,University of Queensland,University of Queensland,BMP,6.2,-,74,80,80,78,,GAMSAT,Pharmacy,Local,None,No,0,Non-Flinders degree holder,No,No,FRACP: Cardiology
Medical Student,2025,University of Melbourne,No,1,University of Melbourne,University of Melbourne,CSP,6.78,-,59,76,79,72,,GAMSAT,Science,Local,None,Yes,2,Non-Flinders degree holder,No,No,Guitar rock star
Medical Student,2025,Deakin University,No,2,University of Melbourne,University of Melbourne,BMP,6.89,-,65,63,95,79,,GAMSAT,Biomedicine,Local,None,No,2,Non-Flinders degree holder,No,No,FRACP: Neurology
Medical Student,2025,University of Wollongong,Yes,2,Australian National University,Australian National University,CSP,7,-,53,63,69,64,,GAMSAT,"Bachelor of Pre-Medicine, Science and Health",Local,None,Yes,0,Non-Flinders degree holder,No,No,FRANZCR: Diagnostic Radiology
Medical Student,2025,University of Wollongong,No,2,Deakin University,Deakin University,BMP,6,-,69,66,54,61,,GAMSAT,B Psych Sci,Local,None,Yes,16,Non-Flinders degree holder,No,Yes,FRACP: Neurology
Medical Student,2025,University of Wollongong,No,4,University of Sydney,University of Wollongong,CSP,6.34,-,64,75,78,74,,GAMSAT,Bachelor of Science,Local,None,No,0,Non-Flinders degree holder,No,No,FRCPA: Immunology Pathology
Medical Student,2025,University of Notre Dame Sydney,No,1,University of Notre Dame Sydney,University of Notre Dame Sydney,BMP,6.75,-,65,66,80,70,,GAMSAT,Medical Sciences,Local,None,No,0,Non-Flinders degree holder,No,No,Guitar rock star
Medical Student,2025,University of Wollongong,Yes,1,University of Wollongong,University of Wollongong,CSP,5.91,-,65,66,72,69,,GAMSAT,Bachelor of Nutrition and Dietetics,Local,None,Yes,0,Non-Flinders degree holder,No,No,FRACS: General Surgery
Medical Student,2025,University of Melbourne,Yes,1,University of Melbourne,University of Melbourne,CSP,6.2,-,70,65,86,74,,GAMSAT,Bachelor of Science,Local,None,No,0,Non-Flinders degree holder,No,Yes,FRACS: Paediatric Surgery
Medical Student,2025,Deakin University,Yes,1,Deakin University,Deakin University,CSP,6.9,-,65,67,77,71,,GAMSAT,Biomed,Local,None,Yes,10,Non-Flinders degree holder,No,No,FRACP: General Medicine
Medical Student,2025,Griffith University,No,2,University of Melbourne,Griffith University,CSP,7,-,63,65,70,67,,GAMSAT,Mes Science,Local,None,No,0,Non-Flinders degree holder,No,No,Guitar rock star
Medical Student,2025,University of Notre Dame Sydney,No,1,University of Sydney,University of Notre Dame Sydney,FFP,6.95,-,67,65,78,70,,GAMSAT,Bachelor of Science (Honours),Local,None,No,0,Non-Flinders degree holder,No,No,FRACGP: General Practice
Medical Student,2025,University of Notre Dame Sydney,No,1,University of Sydney,University of Notre Dame Sydney,FFP,6.95,-,67,65,78,70,,GAMSAT,Bachelor of Science (Honours),Local,None,No,0,Non-Flinders degree holder,No,No,FRACGP: General Practice
Medical Student,2025,University of Queensland,No,4,University of Melbourne,University of Queensland,CSP,7,-,73,68,73,71,,GAMSAT,BSc,Local,Honours,No,0,Non-Flinders degree holder,No,No,FRACGP: General Practice
Medical Student,2025,University of Sydney,No,1,University of Sydney,University of Sydney,CSP,5.13,-,69,79,86,78,,GAMSAT,Biomed,Local,PhD,No,0,Non-Flinders degree holder,No,No,FACSP: Sport and Exercise Medicine
Medical Student,2025,Deakin University,Yes,1,Deakin University,Deakin University,CSP,7,-,56,63,66,63,,GAMSAT,Bachelor of Biomedical Science,International,None,Yes,10,Non-Flinders degree holder,No,No,FRACP: Paediatric Emergency Medicine
Medical Student,2025,University of Wollongong,No,4,University of Sydney,University of Wollongong,CSP,6.34,-,64,75,78,74,,GAMSAT,Bachelor of Science,Local,None,No,0,Non-Flinders degree holder,No,No,FRCPA: Immunology Pathology
Medical Student,2025,University of Sydney,No,3,Deakin University,Deakin University,CSP,6.13,-,61,68,55,60,,GAMSAT,Bachelor of Biomedical Science,Local,None,Yes,10,Non-Flinders degree holder,No,No,FRACS: Orthopaedic Surgery
Medical Student,2025,Macquarie University,No,1,Macquarie University,Macquarie University,FFP,6.92,-,64,57,77,68,,GAMSAT,Medical Science,Local,None,No,0,Non-Flinders degree holder,No,No,Guitar rock star
Medical Student,2025,Macquarie University,No,1,Macquarie University,Macquarie University,FFP,6.92,-,64,57,77,68,,GAMSAT,Medical Science,Local,None,No,0,Non-Flinders degree holder,No,No,Guitar rock star
Medical Student,2025,University of Notre Dame Fremantle,No,2,University of Western Australia,University of Notre Dame Fremantle,BMP,6.03,-,61,59,70,65,,GAMSAT,Bachelor of Mechanical Engineering (Honours),Local,Honours,Yes,8,Non-Flinders degree holder,No,No,FRANZCR: Diagnostic Radiology
Medical Student,2025,University of Notre Dame Sydney,No,1,University of Notre Dame Sydney,University of Notre Dame Sydney,FFP,4.99,-,65,81,56,67,,GAMSAT,Arts/Science (psychology),International,None,No,0,Non-Flinders degree holder,No,No,FRACGP: General Practice
Medical Student,2025,University of Notre Dame Sydney,No,1,University of Notre Dame Sydney,University of Notre Dame Sydney,FFP,6.74,-,65,81,56,67,,GAMSAT,Arts/Science (psychology),International,None,No,0,Non-Flinders degree holder,No,No,FRACGP: General Practice
Medical Student,2025,University of Notre Dame Fremantle,No,1,University of Notre Dame Fremantle,University of Notre Dame Fremantle,BMP,6.1,-,66,74,81,74,,GAMSAT,BSc,International,None,No,0,Non-Flinders degree holder,No,No,FRACP: General Paediatrics
Medical Student,2025,University of Notre Dame Sydney,No,1,University of Notre Dame Sydney,University of Notre Dame Sydney,CSP,6.61,-,61,70,68,66,,GAMSAT,B. Med Sci,International,None,No,0,Non-Flinders degree holder,No,No,FRACGP: General Practice
Medical Student,2025,University of Notre Dame Sydney,No,1,University of Notre Dame Sydney,University of Notre Dame Sydney,CSP,6.61,-,61,70,68,66,,GAMSAT,B. Med Sci,International,None,No,0,Non-Flinders degree holder,No,No,FRACGP: General Practice
Medical Student,2025,University of Notre Dame Sydney,No,1,University of Notre Dame Sydney,University of Notre Dame Sydney,BMP,6.12,-,62,59,67,63,,GAMSAT,Jazz trumpet - bachelor of music,Local,None,No,0,Non-Flinders degree holder,No,No,Guitar rock star
Medical Student,2025,Deakin University,Yes,1,Deakin University,Deakin University,CSP,7,-,72,68,72,71,,GAMSAT,B. Biomed & B. Psych (hons),Local,Honours,Yes,14,Non-Flinders degree holder,No,No,FRACP: Neurology
Medical Student,2025,University of Melbourne,Yes,1,University of Melbourne,University of Melbourne,CSP,6.69,-,60,76,66,67,,GAMSAT,Bachelor of Biomedicine,Local,None,Yes,4,Non-Flinders degree holder,No,No,FACEM: Emergency medicine
Medical Student,2025,University of Melbourne,Yes,1,University of Melbourne,University of Melbourne,CSP,6.69,-,60,76,66,67,,GAMSAT,Bachelor of Biomedicine,Local,None,Yes,4,Non-Flinders degree holder,No,No,FACEM: Emergency medicine
Medical Student,2025,University of Melbourne,Yes,1,University of Melbourne,University of Melbourne,BMP,6.87,-,68,57,82,72,,GAMSAT,Science (genetics and maths),Local,Masters (coursework),Yes,4,Non-Flinders degree holder,No,No,FAFPHM: Public Health Medicine
Medical Student,2025,Deakin University,No,1,Deakin University,Deakin University,CSP,5.92,-,70,81,69,72,,GAMSAT,Bachelor of Science (Biological Science),Local,None,Yes,8,Non-Flinders degree holder,No,No,FACEM: Emergency medicine
Medical Student,2025,Deakin University,No,1,Deakin University,Deakin University,CSP,5.5,-,61,62,62,62,,GAMSAT,BPharm,International,None,Yes,14,Parallel Rural Community Curriculum (PRCC),No,Yes,Guitar rock star
Medical Student,2025,Deakin University,Yes,1,Deakin University,Deakin University,CSP,7,-,51,70,85,73,,GAMSAT,Science,Local,None,No,6,Non-Flinders degree holder,No,No,FACRRM: Rural and Remote Medicine (General Practice)
Medical Student,2025,Deakin University,No,2,University of Melbourne,University of Melbourne,BMP,6.8,-,63,66,87,76,,GAMSAT,Bachelor of Arts,International,Honours,No,0,Non-Flinders degree holder,No,No,FACEM: Emergency medicine
Medical Student,2025,Deakin University,No,2,University of Melbourne,University of Melbourne,CSP,6.76,-,61,63,98,80,,GAMSAT,Biomed,International,None,No,0,Non-Flinders degree holder,No,No,Guitar rock star
Medical Student,2025,University of Wollongong,Yes,2,University of Notre Dame Sydney,University of Wollongong,CSP,5.78,-,70,73,83,77,,GAMSAT,B. Science (Cell & Molecular Bio),Local,None,No,0,Non-Flinders degree holder,No,No,Guitar rock star
Medical Student,2025,Deakin University,Yes,2,University of Melbourne,University of Melbourne,CSP,7,-,67,70,68,68,,GAMSAT,Biomed,Local,None,No,6,Non-Flinders degree holder,No,No,FRACP: Cardiology
Medical Student,2025,University of Queensland,Yes,2,Griffith University,University of Queensland,BMP,6.95,-,64,65,68,65,,GAMSAT,Veterinary Science,Local,None,No,2,Non-Flinders degree holder,No,No,FRACS: Neurosurgery Surgery
Medical Student,2025,University of Queensland,Yes,2,Griffith University,University of Queensland,BMP,6.95,-,64,65,68,65,,GAMSAT,Veterinary Science,Local,None,No,2,Non-Flinders degree holder,No,No,FRACS: Neurosurgery Surgery
Medical Student,2025,University of Notre Dame Sydney,No,1,University of Notre Dame Sydney,University of Notre Dame Sydney,CSP,6.5,-,60,80,60,65,,GAMSAT,Science,Local,PhD,No,0,Non-Flinders degree holder,No,No,FRACP: Neurology
Medical Student,2025,University of Queensland,No,1,University of Queensland,University of Queensland,CSP,7,-,61,61,76,66,,GAMSAT,BS INT (MCDB),Local,Honours,No,0,Non-Flinders degree holder,No,No,FRACP: Medical Oncology
Medical Student,2025,University of Melbourne,Yes,1,University of Melbourne,University of Melbourne,CSP,6.12,-,82,80,85,82,,GAMSAT,"Mount Holyoke College, Stand-alone Honours at UniMelb",Local,Honours,No,0,Non-Flinders degree holder,No,No,Guitar rock star
Medical Student,2025,University of Queensland,No,1,University of Queensland,University of Queensland,BMP,7,-,67,82,64,71,,GAMSAT,BSc (Hons),Local,Honours,No,0,Non-Flinders degree holder,No,No,FRANZCR: Diagnostic Radiology
Medical Student,2025,University of Notre Dame Sydney,No,2,University of Wollongong,University of Wollongong,FFP,6.11,-,62,71,72,69,,GAMSAT,Bachelor of Biomedical Science (Hons),Local,Honours,No,4,Non-Flinders degree holder,No,No,FRACS: Urology
Medical Student,2025,Macquarie University,No,2,University of Notre Dame Sydney,Macquarie University,FFP,6.99,-,59,64,69,65,,GAMSAT,B. Pharm,Local,None,No,0,Non-Flinders degree holder,No,No,FRACGP: General Practice
Medical Student,2025,University of Queensland,No,4,University of Melbourne,University of Queensland,CSP,7,-,64,76,78,73,,GAMSAT,Physiotherapy,Local,Masters (research),No,0,Non-Flinders degree holder,No,No,FACEM: Emergency medicine
Medical Student,2025,Griffith University,No,5,University of Melbourne,University of Queensland,CSP,6.89,-,66,60,80,71,,GAMSAT,Biomedical Science,Local,None,No,0,Non-Flinders degree holder,No,No,FRACP: Cardiology
Medical Student,2025,University of Melbourne,No,1,University of Melbourne,University of Melbourne,CSP,6.95,-,N/A,N/A,N/A,70,,GAMSAT,Bachelor of Biomedical Science,Local,None,Yes,0,Non-Flinders degree holder,No,Yes,FRCPA: Immunology Pathology
Medical Student,2025,Deakin University,No,2,University of Melbourne,University of Melbourne,FFP,6.83,-,63,71,83,75,,GAMSAT,Bachelor of science (physiology),Local,None,No,0,Flinders University degree holder,No,Yes,FRANZCOG: Obstetrics and Gynaecology
Medical Student,2025,University of Melbourne,No,1,University of Melbourne,University of Melbourne,BMP,6.65,-,69,67,84,73,,GAMSAT,Medical Science,Local,None,No,0,Non-Flinders degree holder,No,Yes,FRACP: Gastroenterology and Hepatology
Medical Student,2025,University of Notre Dame Sydney,No,5,Griffith University,University of Notre Dame Sydney,CSP,6.5,-,60,68,71,67,,GAMSAT,Bachelor of Education,Local,Masters (coursework),No,2,Non-Flinders degree holder,No,No,Guitar rock star
Medical Student,2025,University of Queensland,No,1,University of Queensland,University of Queensland,BMP,7,-,59,69,85,71,,GAMSAT,BSc (Honours),Local,Honours,No,0,Non-Flinders degree holder,No,No,Guitar rock star
Medical Student,2025,University of Queensland,No,1,University of Queensland,University of Queensland,FFP,7,-,60,77,80,72,,GAMSAT,BSc Biomed (Hons),Local,PhD,No,0,Non-Flinders degree holder,No,No,FRACP: Respiratory and Sleep medicine
Medical Student,2025,Australian National University,No,5,University of Notre Dame Sydney,Australian National University,FFP,6.78,-,70,66,73,70,,GAMSAT,BMedSci (Hons),Local,Honours,No,0,Non-Flinders degree holder,No,No,Guitar rock star
Medical Student,2025,Australian National University,No,6,Griffith University,Australian National University,CSP,6.98,-,61,68,69,67,,GAMSAT,Health and Medical Sciences (advanced),International,Honours,No,0,Flinders University degree holder,No,No,FRACS: Neurosurgery Surgery
Medical Student,2025,Macquarie University,No,5,University of Notre Dame Sydney,Macquarie University,FFP,6.75,N/A,59,74,70,68,N/A,GAMSAT,BBiomedSc,Local,None,No,0,Non-Flinders degree holder,No,No,FRACGP: General Practice
Medical Student,2025,University of Notre Dame Fremantle,No,1,University of Notre Dame Fremantle,University of Notre Dame Fremantle,BMP,6.25,-,63,78,77,72,,GAMSAT,BSc Chemistry,Local,Honours,Yes,0,Non-Flinders degree holder,No,No,FRACGP: General Practice
Medical Student,2025,University of Queensland,No,3,University of Melbourne,University of Queensland,BMP,6.7,-,59,68,71,67,,GAMSAT,B.Biomed,Local,Honours,No,0,Non-Flinders degree holder,No,No,FACEM: Emergency medicine
Medical Student,2025,University of Queensland,No,1,University of Queensland,University of Queensland,CSP,6.35,-,68,85,68,74,,GAMSAT,BEng (Civil),Local,Masters (coursework),Yes,0,Non-Flinders degree holder,No,No,FACRRM: Rural and Remote Medicine (General Practice)
Medical Student,2025,University of Queensland,No,3,University of Melbourne,University of Melbourne,BMP,7,-,68,86,80,78,,GAMSAT,Neuroscience,Local,Honours,No,2,Non-Flinders degree holder,No,No,Guitar rock star
Medical Student,2025,Griffith University,No,1,Griffith University,Griffith University,CSP,7,-,67,61,71,68,,GAMSAT,Biomed,Local,PhD,No,0,Non-Flinders degree holder,No,No,FRACP: Neonatal/Perinatal Medicine
Medical Student,2025,University of Melbourne,No,1,University of Melbourne,University of Melbourne,CSP,7,-,62,76,64,67,,GAMSAT,Biomedicine (Honours),Local,Honours,No,0,Non-Flinders degree holder,No,No,FRACP: Neurology
Medical Student,2025,University of Melbourne,No,1,University of Melbourne,University of Melbourne,CSP,7,-,62,76,64,67,,GAMSAT,Biomedicine (Honours),Local,Honours,No,0,Non-Flinders degree holder,No,No,FRACP: Neurology
Medical Student,2025,Griffith University,No,4,Flinders University,University of Wollongong,BMP,5.71,-,70,68,75,72,,GAMSAT,Eng (Mech & Aero),International,Honours,Yes,0,Parallel Rural Community Curriculum (PRCC),No,No,FACEM: Emergency medicine
Medical Student,2025,University of Melbourne,Yes,1,University of Melbourne,University of Melbourne,FFP,6.4,-,N/A,N/A,N/A,N/A,,Other,Science,Local,None,No,0,Non-Flinders degree holder,No,No,FRACP: Neurology
Medical Student,2025,Deakin University,No,1,Deakin University,Deakin University,BMP,6.51,-,71,61,61,63,,GAMSAT,Bachelor of Social Work,Local,None,Yes,6,Non-Flinders degree holder,No,Yes,FRACGP: General Practice
Medical Student,2025,University of Notre Dame Fremantle,No,1,University of Notre Dame Fremantle,University of Notre Dame Fremantle,CSP,6.83,-N/A,61,59,62,61,,GAMSAT,Bachelor of Science,Local,Masters (research),No,0,Non-Flinders degree holder,No,No,FANZCA: Anaesthesia
Medical Student,2025,University of Melbourne,Yes,1,University of Melbourne,University of Melbourne,FFP,7,-,66,64,91,73,,GAMSAT,Biomed,International,None,No,0,Non-Flinders degree holder,No,No,FACD: Dermatology
Medical Student,2025,Macquarie University,No,4,University of Sydney,Macquarie University,FFP,6.71,-,59,64,75,68,,GAMSAT,Cognitive Science,Local,None,No,0,Non-Flinders degree holder,No,No,FRACGP: General Practice
Medical Student,2025,University of Melbourne,Yes,1,University of Melbourne,University of Melbourne,CSP,6.64,-,71,78,71,73,,GAMSAT,B.Science,Local,None,No,0,Non-Flinders degree holder,No,Yes,FRACS: Neurosurgery Surgery
Medical Student,2025,Macquarie University,No,4,University of Notre Dame Sydney,University of Queensland,FFP,6.77,-,56,78,69,68,,GAMSAT,Bachelor of Medical Science,Local,Honours,No,0,Non-Flinders degree holder,No,No,Guitar rock star
Medical Student,2025,Griffith University,Yes,1,Griffith University,Griffith University,CSP,6.29,-,66,74,60,65,,GAMSAT,Bachelor of Nutrition and Dietetics,Local,None,Yes,8,Non-Flinders degree holder,No,No,FRACP: Intensive Care Medicine
Medical Student,2025,Australian National University,No,1,Australian National University,Australian National University,CSP,6.85,-,N/A,N/A,N/A,78,,GAMSAT,Bachelor of Science (Biology),Local,None,No,0,Non-Flinders degree holder,No,No,FRACS: Paediatric Surgery
Medical Student,2025,University of Notre Dame Fremantle,No,1,University of Notre Dame Fremantle,University of Notre Dame Fremantle,BMP,6.21,-,N/A,N/A,N/A,N/A,,GAMSAT,Medical Science,Local,None,Yes,0,Flinders University degree holder,No,No,FRACGP: General Practice
Medical Student,2025,Griffith University,No,1,Griffith University,Griffith University,CSP,7,-,69,73,84,78,,GAMSAT,Biomed Sci,Local,None,No,0,Non-Flinders degree holder,No,No,FRANZCOG: Obstetrics and Gynaecology
Medical Student,2025,University of Notre Dame Sydney,No,1,University of Notre Dame Sydney,University of Notre Dame Sydney,FFP,6.89,-,64,81,62,67,,GAMSAT,Premed,Local,None,No,0,Non-Flinders degree holder,No,No,FAChSHM: Sexual Health medicine
Medical Student,2025,University of Queensland,Yes,1,University of Queensland,University of Queensland,BMP,7,-,60,64,63,63,,GAMSAT,Pharmacy,Local,Honours,Yes,8,Parallel Rural Community Curriculum (PRCC),No,No,FRACP: Cardiology
Medical Student,2025,Deakin University,Yes,2,University of Melbourne,Deakin University,BMP,6.54,-,64,79,64,68,,GAMSAT,Optometry,International,Masters (coursework),No,8,Non-Flinders degree holder,No,No,FRANZCO: Ophthalmology
Medical Student,2025,University of Melbourne,Yes,1,University of Melbourne,University of Melbourne,FFP,6.65,-,66,69,84,73,,GAMSAT,BComm,Local,None,No,0,Non-Flinders degree holder,No,No,Guitar rock star
Medical Student,2025,University of Melbourne,No,1,University of Melbourne,University of Melbourne,CSP,6.85,-,62,74,78,71,,GAMSAT,Engineering,Local,Honours,No,2,Non-Flinders degree holder,No,No,FACEM: Emergency medicine
Medical Student,2025,University of Melbourne,No,1,University of Melbourne,University of Melbourne,CSP,6.93,88.3,64,69,93,75,,GAMSAT,Biomed,International,None,No,0,Non-Flinders degree holder,No,No,FRACP: Cardiology
Medical Student,2025,University of Melbourne,No,1,University of Melbourne,University of Melbourne,CSP,6.93,88.3,64,69,93,75,,GAMSAT,Biomed,International,None,No,0,Non-Flinders degree holder,No,No,FRACP: Cardiology
Medical Student,2025,Deakin University,No,2,University of Melbourne,Deakin University,CSP,7,89.345,65,64,91,78,,GAMSAT,BBiomed,Local,None,No,0,Non-Flinders degree holder,No,No,FRACP: Paediatric Emergency Medicine
Medical Student,2025,University of Melbourne,No,1,University of Melbourne,University of Melbourne,CSP,6.95,-,63,66,76,69,,GAMSAT,Bachelor of Pharmacy (Honours),Local,Honours,No,0,Non-Flinders degree holder,No,No,FRACP: Cardiology
Medical Student,2025,Griffith University,No,2,University of Queensland,Griffith University,CSP,6.69,-,62,76,82,75,,GAMSAT,BSc BA,Local,None,No,0,Non-Flinders degree holder,No,No,Guitar rock star
Medical Student,2025,University of Notre Dame Sydney,No,1,University of Notre Dame Sydney,University of Notre Dame Sydney,CSP,6.33,-,55,70,71,68,,GAMSAT,Medical Science (Hons),Local,PhD,No,0,Non-Flinders degree holder,No,No,FCICM: Intensive Care Medicine
Medical Student,2025,Deakin University,No,1,Deakin University,Deakin University,CSP,6.86,-,59,64,54,58,,GAMSAT,BAppSci MOrth,Local,Masters (coursework),Yes,6,Non-Flinders degree holder,No,No,FACRRM: Rural and Remote Medicine (General Practice)
Medical Student,2025,University of Queensland,No,2,University of Sydney,University of Queensland,CSP,6.58,-,65,74,76,72,,GAMSAT,Medical Science,Local,None,No,0,Non-Flinders degree holder,No,No,FRACS: General Surgery
Medical Student,2025,Deakin University,No,1,Deakin University,Deakin University,CSP,6.92,-,65,59,86,74,,GAMSAT,"Bachelor of Science, Chemistry",Local,None,No,0,Non-Flinders degree holder,No,No,FRACGP: General Practice
Medical Student,2025,University of Wollongong,No,2,University of Notre Dame Sydney,University of Notre Dame Sydney,FFP,5.82,-,55,73,58,61,,GAMSAT,Pharmacy,Local,None,Yes,0,Non-Flinders degree holder,No,No,FRACGP: General Practice
Medical Student,2025,University of Melbourne,No,1,University of Melbourne,University of Melbourne,CSP,7,-,67,71,88,75,,GAMSAT,Biomedical Science,Local,None,No,0,Non-Flinders degree holder,No,No,Guitar rock star
Medical Student,2025,Deakin University,No,4,University of Western Australia,University of Melbourne,BMP,6.93,-,68,78,65,70,,GAMSAT,Bachelor of Nutrition and Exercise,Local,None,No,0,Non-Flinders degree holder,No,No,Guitar rock star
Medical Student,2025,University of Wollongong,No,2,University of Notre Dame Sydney,University of Notre Dame Sydney,BMP,5.82,-,55,73,58,61,,GAMSAT,Pharmacy,International,None,Yes,0,Non-Flinders degree holder,No,No,FRACGP: General Practice
Medical Student,2025,University of Melbourne,No,2,University of Wollongong,University of Wollongong,CSP,6.69,-,49,49,49,49,,GAMSAT,Bachelor of Nursing,International,None,Yes,0,Non-Flinders degree holder,No,No,Guitar rock star
Medical Student,2025,University of Notre Dame Fremantle,Yes,1,University of Notre Dame Fremantle,University of Notre Dame Fremantle,CSP,6.88,-,56,73,65,64,,GAMSAT,Biomedical science,Local,None,No,0,Non-Flinders degree holder,No,No,FRACP: Clinical Genetics
Medical Student,2025,University of Notre Dame Sydney,No,5,University of Queensland,University of Notre Dame Sydney,CSP,6.75,-,70,69,63,67,,GAMSAT,Medical Science,Local,None,No,0,Non-Flinders degree holder,No,No,Guitar rock star
Medical Student,2025,University of Queensland,No,1,University of Queensland,University of Queensland,BMP,7,-,58,67,65,64,,GAMSAT,Exercise Science,Local,Masters (coursework),Yes,8,Parallel Rural Community Curriculum (PRCC),No,No,Guitar rock star
Medical Student,2025,University of Melbourne,Yes,1,University of Melbourne,University of Melbourne,CSP,7,-,68,69,87,75,,GAMSAT,Bachelor of Biomedicine,Local,None,No,4,Non-Flinders degree holder,No,No,FRACP: Immunology and Allergy
Medical Student,2025,Australian National University,No,1,Australian National University,Australian National University,CSP,6.85,-,N/A,N/A,N/A,78,,GAMSAT,Bachelor of Science (Biology),Local,None,No,0,Non-Flinders degree holder,No,No,FRACS: Paediatric Surgery
Medical Student,2025,Griffith University,No,1,Griffith University,Griffith University,CSP,6.68,-,66,66,79,72,,GAMSAT,Bachelor of Science (Honours),Local,Honours,No,0,Non-Flinders degree holder,No,No,FRANZCOG: Obstetrics and Gynaecology
Medical Student,2025,University of Queensland,No,1,University of Queensland,University of Queensland,CSP,7,-,71,68,81,73,,GAMSAT,Biomedical Science,Local,None,Yes,0,Non-Flinders degree holder,No,No,FRACP: Cardiology
Medical Student,2025,University of Western Australia,No,6,University of Melbourne,Australian National University,CSP,5.81,-,50,64,66,61,,GAMSAT,Bachelor of Biomedicine,Local,None,Yes,0,Non-Flinders degree holder,No,Yes,FRACS: Plastic and Reconstructive Surgery
Medical Student,2025,University of Western Australia,Yes,1,University of Western Australia,University of Western Australia,BMP,6.89,-,71,71,64,68,,GAMSAT,Biomedical Science,Local,None,Yes,0,Non-Flinders degree holder,No,No,FRACS: General Surgery
Medical Student,2025,University of Melbourne,No,1,University of Melbourne,University of Melbourne,CSP,6.93,-,63,63,85,70,,GAMSAT,BSci,Local,None,No,0,Non-Flinders degree holder,No,No,Guitar rock star
Medical Student,2025,University of Notre Dame Fremantle,Yes,1,University of Notre Dame Fremantle,University of Notre Dame Fremantle,CSP,6.82,-,59,74,55,64,,GAMSAT,Bachelor of Nursing,Local,None,No,0,Non-Flinders degree holder,No,No,FRACGP: General Practice
Medical Student,2025,University of Notre Dame Fremantle,No,2,Griffith University,University of Notre Dame Fremantle,BMP,5.96,-,62,69,59,62,,GAMSAT,Bachelor of Business,Local,Masters (coursework),Yes,6,Parallel Rural Community Curriculum (PRCC),Yes,No,FACRRM: Rural and Remote Medicine (General Practice)
Medical Student,2025,University of Queensland,No,1,University of Queensland,University of Queensland,CSP,6.88,-,60,66,81,69,,GAMSAT,Bachelor of Nursing,Local,None,No,4,Non-Flinders degree holder,No,No,Guitar rock star
Medical Student,2025,Griffith University,No,1,Griffith University,Griffith University,CSP,6.82,-,58,57,84,71,,GAMSAT,Biomedical Science,Local,Honours,No,0,Non-Flinders degree holder,No,No,Guitar rock star
Medical Student,2025,Griffith University,No,1,Griffith University,Griffith University,CSP,6.82,-,58,57,84,71,,GAMSAT,Biomedical Science,Local,Honours,No,0,Non-Flinders degree holder,No,No,Guitar rock star
Medical Student,2025,University of Western Australia,Yes,1,University of Western Australia,University of Western Australia,CSP,6.8,-,60,76,85,77,,GAMSAT,Psychology,Local,Honours,No,0,Non-Flinders degree holder,No,No,FACEM: Emergency medicine
Medical Student,2025,University of Wollongong,No,4,University of Melbourne,University of Wollongong,BMP,6.22,-,52,74,58,61,,GAMSAT,Bachelor of Biomedicine (Honours),Local,Honours,Yes,8,Non-Flinders degree holder,No,Yes,FRACP: Neurology
Medical Student,2025,University of Notre Dame Sydney,No,3,Australian National University,University of Notre Dame Sydney,CSP,6.79,-,67,72,65,67,,GAMSAT,Law/Biomedical Science,Local,None,No,0,Non-Flinders degree holder,No,No,FACEM: Emergency medicine
Medical Student,2025,University of Queensland,Yes,1,University of Queensland,University of Queensland,CSP,7,-,59,70,68,66,,GAMSAT,Physiotherapy,Local,None,No,4,Non-Flinders degree holder,No,No,FRACP: General Paediatrics
Medical Student,2025,Australian National University,No,2,Deakin University,Australian National University,Other,6.83,-,58,79,68,68,,GAMSAT,Bachelor of Biomedical Sciencr,Local,Honours,No,0,Non-Flinders degree holder,No,No,FRANZCOG: Obstetrics and Gynaecological Ultrasound
Medical Student,2025,University of Western Australia,No,1,University of Western Australia,University of Western Australia,CSP,6.9,-,70,84,68,73,,GAMSAT,Bachelor of Arts,Local,None,No,0,Non-Flinders degree holder,No,No,FACEM: Emergency medicine
Medical Student,2025,University of Wollongong,No,1,University of Wollongong,University of Wollongong,CSP,6.09,-,55,64,60,60,,GAMSAT,Medical sonography,Local,None,No,0,Parallel Rural Community Curriculum (PRCC),No,Yes,FACEM: Emergency medicine
Medical Student,2025,University of Queensland,Yes,1,University of Queensland,University of Queensland,CSP,7,-,69,72,70,69,,GAMSAT,Bachelor of Science,Local,Honours,No,0,Non-Flinders degree holder,No,No,FRANCZP: Psychiatry
Medical Student,2025,University of Notre Dame Sydney,No,2,University of Melbourne,University of Notre Dame Sydney,CSP,6.66,-,69,70,72,71,,GAMSAT,Bachelor of Medical Science (Honours),Local,Honours,No,0,Non-Flinders degree holder,No,No,FACD: Dermatology
Medical Student,2025,University of Queensland,Yes,1,University of Queensland,University of Queensland,CSP,6.81,-,64,71,68,68,,GAMSAT,Bachelor of Engineering,Local,Masters (coursework),No,0,Non-Flinders degree holder,No,No,Guitar rock star
Medical Student,2025,Deakin University,No,2,University of Queensland,University of Queensland,BMP,6.71,-,61,69,76,70,,GAMSAT,BBiomedSc (Honours),Local,Honours,No,4,Non-Flinders degree holder,No,Yes,FRACP: Neurology
Medical Student,2025,University of Queensland,No,4,University of Notre Dame Sydney,University of Queensland,CSP,6.84,-,66,61,77,68,,GAMSAT,Bachelor of Business,Local,None,No,0,Non-Flinders degree holder,No,No,Guitar rock star
Medical Student,2025,University of Melbourne,Yes,1,University of Melbourne,University of Melbourne,CSP,6.73,-,78,72,80,76,,GAMSAT,Engineering,Local,None,No,0,Non-Flinders degree holder,No,No,FACEM: Emergency medicine
Medical Student,2025,University of Melbourne,No,1,University of Melbourne,University of Melbourne,CSP,7,-,61,62,63,62,,GAMSAT,Bachelor of Biomedical Science,Local,None,Yes,0,Non-Flinders degree holder,No,No,FRACP: General Paediatrics
Medical Student,2025,University of Melbourne,No,1,University of Melbourne,University of Melbourne,BMP,6.86,-,65,63,80,69,,GAMSAT,Chemical Engineering and Science,Local,Honours,No,4,Non-Flinders degree holder,No,Yes,FRACGP: General Practice
Medical Student,2025,Macquarie University,No,1,Macquarie University,Macquarie University,FFP,6.93,-,60,63,77,69,,GAMSAT,Medical Science,Local,None,No,0,Non-Flinders degree holder,No,No,Guitar rock star
Medical Student,2025,Griffith University,No,4,University of Melbourne,Griffith University,CSP,7,-,54,56,78,67,,GAMSAT,Biomedicine,Local,None,No,2,Non-Flinders degree holder,No,Yes,FRACGP: General Practice
Medical Student,2025,University of Notre Dame Fremantle,No,1,University of Notre Dame Fremantle,University of Notre Dame Fremantle,CSP,6.42,-,59,76,60,64,,GAMSAT,Bachelor of Science,Local,Honours,No,0,Non-Flinders degree holder,No,No,Guitar rock star
Medical Student,2025,University of Western Australia,Yes,2,University of Notre Dame Fremantle,University of Western Australia,CSP,6.56,-,61,84,84,78,,GAMSAT,"BSc (Honours) Physiology, Pathology and Laboratory Medicine",Local,Honours,No,0,Non-Flinders degree holder,No,No,FRANZCO: Ophthalmology
Medical Student,2025,University of Notre Dame Fremantle,No,1,University of Notre Dame Fremantle,University of Notre Dame Fremantle,CSP,6.02,-,69,69,66,68,,GAMSAT,"Genetics, Anatomy & Human Biology",Local,PhD,No,0,Non-Flinders degree holder,No,No,FRACP: Palliative Medicine
Medical Student,2025,Macquarie University,No,2,University of Notre Dame Sydney,Macquarie University,FFP,6.78,-,63,73,69,69,,GAMSAT,BMedSc (Hons),Local,Honours,No,0,Non-Flinders degree holder,No,No,Guitar rock star
Medical Student,2025,University of Notre Dame Sydney,No,1,University of Notre Dame Sydney,University of Notre Dame Sydney,FFP,6.42,-,59,80,58,49,,GAMSAT,ambulancing,Local,None,No,0,Non-Flinders degree holder,No,No,FACRRM: Rural and Remote Medicine (General Practice)
Medical Student,2025,Flinders University,No,1,Flinders University,Flinders University,CSP,6.81,-,63,65,70,67,,GAMSAT,Med Science,Local,None,No,0,Humanitarian,No,No,Guitar rock star
Medical Student,2025,Flinders University,No,1,Flinders University,Flinders University,BMP,5.9,-,56,59,78,68,,GAMSAT,B Pharm,Local,Honours,No,4,Non-Flinders degree holder,Yes,No,FACRRM: Rural and Remote Medicine (General Practice)
Medical Student,2025,University of Melbourne,No,1,University of Melbourne,University of Melbourne,CSP,7,-,60,81,74,72,,GAMSAT,Bachelor of Biomedical Science,Local,None,Yes,4,Non-Flinders degree holder,No,Yes,FRACS: General Surgery
Medical Student,2025,University of Melbourne,No,3,University of Sydney,University of Notre Dame Sydney,CSP,6.7,-,75,64,80,73,,GAMSAT,Software Eng,International,Masters (coursework),No,0,Non-Flinders degree holder,No,No,FRACP: Neurology
Medical Student,2025,Griffith University,No,1,Griffith University,Griffith University,CSP,6.85,-,68,82,75,75,,GAMSAT,Biomed,Local,None,No,0,Non-Flinders degree holder,No,No,FANZCA: Anaesthesia
Medical Student,2025,University of Western Australia,Yes,1,University of Western Australia,University of Western Australia,CSP,6.92,-,61,71,71,69,,GAMSAT,Psychology,Local,Honours,No,0,Non-Flinders degree holder,No,No,FRACP: General Paediatrics
Medical Student,2025,Flinders University,No,4,University of Melbourne,Flinders University,CSP,7,-,71,61,97,82,,GAMSAT,Biomedicine,Local,None,No,2,Non-Flinders degree holder,No,Yes,Guitar rock star
Medical Student,2025,Flinders University,No,1,Australian National University,Flinders University,CSP,6.35,-,60,63,85,73,,GAMSAT,Bsc (statistics),International,None,No,0,Flinders University degree holder,No,No,Guitar rock star
Medical Student,2025,Deakin University,No,1,Deakin University,Deakin University,CSP,6.75,-,57,82,50,60,,GAMSAT,Paramedic & Law,Local,None,Yes,8,Non-Flinders degree holder,No,No,FRANCZP: Psychiatry
Medical Student,2025,Deakin University,No,1,Deakin University,Deakin University,CSP,6.75,-,57,82,50,60,,GAMSAT,Paramedic & Law,Local,None,Yes,8,Non-Flinders degree holder,No,No,FRANCZP: Psychiatry
Medical Student,2025,Australian National University,No,4,Griffith University,Australian National University,Other,6.1,-,73,71,49,57,,GAMSAT,BSc and BHSc,International,None,No,0,Non-Flinders degree holder,No,No,FRACGP: General Practice
Medical Student,2025,Australian National University,No,4,Griffith University,Australian National University,Other,6.1,-,73,71,57,64,na,GAMSAT,BSc and BHSc,Local,None,Yes,6,Parallel Rural Community Curriculum (PRCC),No,No,FACRRM: Rural and Remote Medicine (General Practice)
Medical Student,2025,Griffith University,No,1,Griffith University,Griffith University,CSP,6.83,-,61,74,73,70,,GAMSAT,Biomedical Science,Local,None,No,0,Non-Flinders degree holder,No,No,FRACGP: General Practice
Medical Student,2025,University of Notre Dame Sydney,No,1,University of Notre Dame Sydney,University of Notre Dame Sydney,FFP,6.87,-,59,62,71,65,,GAMSAT,Diagnostic Radiography,Local,None,No,0,Non-Flinders degree holder,No,No,FRANZCR: Diagnostic Radiology
Medical Student,2025,University of Notre Dame Sydney,No,6,Griffith University,University of Notre Dame Sydney,FFP,6.71,-,61,58,74,67,,GAMSAT,BVisSci,Local,Masters (coursework),No,6,Non-Flinders degree holder,No,No,FANZCA: Anaesthesia
Medical Student,2025,University of Melbourne,Yes,1,University of Melbourne,University of Melbourne,CSP,6.85,-,64,74,75,71,,GAMSAT,Bachelor of Biomedicine,Local,None,No,2,Non-Flinders degree holder,No,Yes,FRACS: General Surgery
Medical Student,2025,University of Notre Dame Sydney,No,1,University of Notre Dame Sydney,University of Notre Dame Sydney,FFP,6.87,-,59,62,71,65,,GAMSAT,Diagnostic Radiography,Local,None,No,0,Non-Flinders degree holder,No,No,FRANZCR: Diagnostic Radiology
Medical Student,2025,Deakin University,No,1,Deakin University,Deakin University,CSP,6.94,-,63,70,68,67,,GAMSAT,Biomed,Local,None,Yes,8,Non-Flinders degree holder,No,No,Guitar rock star
Medical Student,2025,Deakin University,No,2,University of Melbourne,University of Melbourne,BMP,7,N/A,58,56,94,76,N/A,GAMSAT,Bachelor of Biomedicine,Local,None,No,0,Flinders University degree holder,No,No,Guitar rock star
Medical Student,2025,University of Western Australia,No,1,University of Western Australia,University of Western Australia,FFP,7,-,65,65,87,76,,GAMSAT,Bachelor of Biomedical Science,Local,Honours,No,0,Non-Flinders degree holder,No,No,FRACS: Neurosurgery Surgery
Medical Student,2025,University of Notre Dame Sydney,No,1,University of Notre Dame Sydney,University of Notre Dame Sydney,FFP,6.87,-,69,71,65,68,,GAMSAT,Medical Science,Local,None,No,0,Non-Flinders degree holder,No,No,FRANZCOG: Obstetrics and Gynaecology
Medical Student,2025,University of Notre Dame Fremantle,No,1,University of Notre Dame Fremantle,University of Notre Dame Fremantle,CSP,6.6,-,51,70,61,61,,GAMSAT,Bachelor of Science,International,Masters (coursework),No,0,Non-Flinders degree holder,No,No,FRACGP: General Practice
Medical Student,2025,University of Western Australia,No,1,University of Western Australia,University of Western Australia,CSP,6.56,-,69,85,79,78,,GAMSAT,BBMED,Local,Honours,No,0,Non-Flinders degree holder,No,No,FRACS: Neurosurgery Surgery
Medical Student,2025,University of Notre Dame Sydney,No,5,University of Melbourne,University of Notre Dame Sydney,CSP,6.8,87,58,77,59,63,,GAMSAT,Bachelor of Clinical Science,Local,None,No,0,Non-Flinders degree holder,No,No,FRACP: Neurology
Medical Student,2025,Griffith University,No,2,University of Queensland,University of Queensland,CSP,6.77,-,64,72,100,84,,GAMSAT,BPhty(Hons),Local,Honours,No,0,Non-Flinders degree holder,No,No,FACEM: Emergency medicine
Medical Student,2025,Griffith University,No,2,University of Queensland,Griffith University,CSP,6.74,-,61,53,90,74,,GAMSAT,Biomedical Science,International,None,No,0,Non-Flinders degree holder,No,No,FRACS: General Surgery
Medical Student,2025,University of Notre Dame Fremantle,No,3,Griffith University,University of Notre Dame Fremantle,BMP,7,-,54,66,64,61,,GAMSAT,Bachelor of Midwifery,Local,None,No,0,Non-Flinders degree holder,No,No,FRANZCOG: Obstetrics and Gynaecology
Medical Student,2025,Griffith University,Yes,1,Griffith University,Griffith University,CSP,6.97,-,60,59,78,69,,GAMSAT,Bachelor of Health Science,Local,None,No,4,Non-Flinders degree holder,No,No,FRANCZP: Psychiatry
Medical Student,2025,Flinders University,Yes,1,Flinders University,Flinders University,CSP,6.52,-,72,63,70,69,,GAMSAT,Medical Science,Local,Honours,No,0,Flinders University degree holder,No,No,FRACP: General Paediatrics
Medical Student,2025,Deakin University,No,1,Deakin University,Deakin University,CSP,6.27,-,50,76,59,61,,GAMSAT,Dent,Local,Masters (coursework),Yes,8,Non-Flinders degree holder,No,No,FRACDS (OMS): Oral and Maxillofacial Surgery
Medical Student,2025,University of Notre Dame Sydney,No,3,University of Wollongong,University of Notre Dame Sydney,FFP,6.97,-,66,70,71,70,,GAMSAT,Bachelor of Applied Science,Local,Honours,No,0,Non-Flinders degree holder,No,No,FRACP: Gastroenterology and Hepatology
Medical Student,2025,Griffith University,No,2,Deakin University,Griffith University,CSP,6.7,-,67,68,80,73,,GAMSAT,Biomed,Local,None,No,0,Non-Flinders degree holder,No,No,Guitar rock star
Medical Student,2025,Deakin University,No,1,Deakin University,Deakin University,BMP,5.96,-,54,71,56,59,,GAMSAT,Public Health,Local,Honours,Yes,6,Non-Flinders degree holder,No,No,Guitar rock star
Medical Student,2025,University of Wollongong,No,3,University of Queensland,University of Notre Dame Sydney,CSP,5.8,-,54,66,56,58,,GAMSAT,Public Health,Local,None,Yes,10,Non-Flinders degree holder,No,No,Guitar rock star
Medical Student,2025,Macquarie University,Yes,1,Macquarie University,Macquarie University,Other,6.95,-,61,66,71,67,,GAMSAT,ClinSci,Local,None,No,0,Non-Flinders degree holder,No,No,FRACS: Neurosurgery Surgery
Medical Student,2025,Deakin University,No,2,University of Melbourne,Deakin University,CSP,6.8,-,56,67,85,73,,GAMSAT,B.BMED,Local,None,No,2,Non-Flinders degree holder,No,No,FRACP: Rheumatology
Medical Student,2025,Griffith University,No,1,Griffith University,Griffith University,BMP,6.74,-,54,55,67,61,,GAMSAT,Bachelor of Pharmacy (Hons),Local,Honours,Yes,0,Non-Flinders degree holder,No,No,FACEM: Emergency medicine
Medical Student,2025,Macquarie University,No,6,University of Sydney,Macquarie University,FFP,6.87,-,59,66,81,72,,GAMSAT,Advanced Science,Local,None,No,0,Non-Flinders degree holder,No,No,FRANZCOG: Obstetrics and Gynaecology
Medical Student,2025,University of Melbourne,No,1,University of Melbourne,University of Sydney,BMP,7,-,53,60,56,56,,GAMSAT,Paramedicine,Local,None,Yes,10,Non-Flinders degree holder,No,Yes,FACRRM: Rural and Remote Medicine (General Practice)
Medical Student,2025,University of Melbourne,Yes,1,University of Melbourne,University of Melbourne,CSP,6.55,-,62,77,78,72,,GAMSAT,Biomedicine,Local,None,No,0,Non-Flinders degree holder,No,No,FRACP: General Medicine
Medical Student,2025,Deakin University,No,1,Deakin University,Deakin University,CSP,6.18,-,71,65,71,70,,GAMSAT,Science,Local,None,No,8,Non-Flinders degree holder,No,No,FACEM: Emergency medicine
Medical Student,2025,University of Queensland,Yes,1,University of Queensland,University of Queensland,CSP,6.88,-,60,68,82,73,,GAMSAT,Biomedical Science,Local,None,No,0,Non-Flinders degree holder,No,No,FRACP: Cardiology
Medical Student,2025,Deakin University,No,2,University of Melbourne,University of Melbourne,BMP,6.91,-,62,69,90,78,,GAMSAT,Bachelor of Biomedical Science,Local,None,No,2,Non-Flinders degree holder,No,No,FRACGP: General Practice
Medical Student,2025,University of Queensland,Yes,1,University of Queensland,University of Queensland,CSP,5.69,-,81,89,94,90,,GAMSAT,Engineering,Local,None,No,0,Non-Flinders degree holder,No,No,FRACS: Vascular Surgery
Medical Student,2025,University of Western Australia,No,6,University of Melbourne,University of Melbourne,CSP,6.98,-,52,60,96,76,,GAMSAT,Biomedicine,Local,Honours,No,0,Non-Flinders degree holder,No,No,FRACS: Cardio-thoracic Surgery
Medical Student,2025,Australian National University,No,1,Deakin University,Australian National University,Other,6.83,-,58,79,68,68,,GAMSAT,Bachelor of Biomedical Science,Local,Honours,No,0,Non-Flinders degree holder,No,No,FRANZCOG: Obstetrics and Gynaecology
Medical Student,2025,University of Melbourne,Yes,1,University of Melbourne,University of Melbourne,BMP,6.9,-,65,67,75,69,,GAMSAT,Bachelor of Science,International,None,No,0,Non-Flinders degree holder,No,No,FRACGP: General Practice
Medical Student,2025,University of Notre Dame Sydney,No,1,University of Notre Dame Sydney,University of Notre Dame Sydney,BMP,5.9,-,69,72,65,69,N/A,GAMSAT,Med sci,Local,None,No,0,Non-Flinders degree holder,No,No,Guitar rock star
Medical Student,2025,Deakin University,No,1,Deakin University,Flinders University,CSP,5.85,-,61,66,52,58,,GAMSAT,Bachelor of Nursing,Local,None,Yes,8,Non-Flinders degree holder,Yes,Yes,FACRRM: Rural and Remote Medicine (General Practice)
Medical Student,2025,University of Notre Dame Fremantle,No,3,University of Melbourne,University of Notre Dame Fremantle,CSP,6.5,-,62,66,70,66,,GAMSAT,Dentistry,Local,Masters (coursework),No,2,Non-Flinders degree holder,No,No,FRACDS (OMS): Oral and Maxillofacial Surgery
Medical Student,2025,Australian National University,Yes,1,Australian National University,Australian National University,CSP,6.15,-,82,87,94,89,,GAMSAT,BSci,Local,None,No,0,Non-Flinders degree holder,No,No,FRANZCOG: Obstetrics and Gynaecology
Medical Student,2025,University of Notre Dame Sydney,No,1,University of Notre Dame Sydney,University of Notre Dame Sydney,BMP,5.88,-,58,73,45,57,,GAMSAT,Music,Local,None,Yes,0,Non-Flinders degree holder,No,No,Guitar rock star
Medical Student,2025,Australian National University,No,1,Australian National University,Australian National University,CSP,6.91,-,65,74,75,72,,GAMSAT,Bachelor of Music,Local,None,No,0,Non-Flinders degree holder,No,No,FANZCA: Anaesthesia
Medical Student,2025,University of Queensland,No,2,University of Sydney,University of Queensland,CSP,7,-,53,83,76,72,,GAMSAT,BSci(Adv)(Hons),Local,PhD,No,0,Non-Flinders degree holder,No,No,FANZCA: Anaesthesia
Medical Student,2025,University of Queensland,Yes,1,University of Queensland,University of Queensland,CSP,7,-,65,73,63,67,,GAMSAT,BSc,Local,Masters (coursework),No,2,Non-Flinders degree holder,No,No,Guitar rock star
Medical Student,2025,Australian National University,No,3,University of Melbourne,Australian National University,CSP,6.53,-,60,70,81,73,,GAMSAT,Bachelor of Science,Local,Honours,No,0,Non-Flinders degree holder,No,No,FANZCA: Anaesthesia
Medical Student,2025,Australian National University,No,3,University of Melbourne,Australian National University,CSP,6.53,-,60,70,81,73,,GAMSAT,Bachelor of Science,Local,Honours,No,0,Non-Flinders degree holder,No,No,FANZCA: Anaesthesia
Medical Student,2025,University of Sydney,No,1,University of Sydney,University of Sydney,BMP,4.79,-,66,74,59,65,,GAMSAT,Psychology,Local,None,Yes,0,Non-Flinders degree holder,No,Yes,FRACP: Cardiology
Medical Student,2025,University of Notre Dame Fremantle,No,1,University of Notre Dame Fremantle,University of Notre Dame Fremantle,CSP,6.42,-,62,68,68,67,,GAMSAT,Psychology,Local,Masters (coursework),No,0,Non-Flinders degree holder,No,No,FRACGP: General Practice
Medical Student,2025,University of Melbourne,No,1,University of Melbourne,University of Melbourne,CSP,6.44,-,63,72,72,69,,GAMSAT,Bachelor of Science,Local,None,No,0,Non-Flinders degree holder,No,Yes,FRACGP: General Practice
Medical Student,2025,Flinders University,Yes,1,Flinders University,Flinders University,MRBS,5.49,-,58,64,63,62,,GAMSAT,Bachelor of Exercise Science,Local,Masters (research),Yes,0,Other (rural or ATSI),No,No,Guitar rock star
Medical Student,2025,Deakin University,No,5,University of Wollongong,University of Melbourne,BMP,7,-,65,74,68,68,,GAMSAT,Exercise and Sport Science,Local,None,No,0,Non-Flinders degree holder,No,No,FANZCA: Anaesthesia
Medical Student,2025,University of Notre Dame Sydney,Yes,1,University of Notre Dame Sydney,University of Notre Dame Sydney,FFP,6.14,-,61,62,63,62,,GAMSAT,Medical Science,International,None,No,0,Non-Flinders degree holder,No,No,FANZCA: Anaesthesia
Medical Student,2025,Griffith University,No,2,Monash University,Monash University,FFP,6.5,-,N/A,N/A,N/A,N/A,129/124/129/130,MCAT,Biochemistry,International,None,No,0,Non-Flinders degree holder,No,No,FRACP: Cardiology
Medical Student,2025,Griffith University,Yes,1,Griffith University,Griffith University,CSP,6.97,-,65,69,69,68,,GAMSAT,Bachelor of Sport and Exercise Science,Local,None,Yes,0,Non-Flinders degree holder,No,No,FRACGP: General Practice
Medical Student,2025,Flinders University,No,2,Griffith University,Flinders University,BMP,6.67,-,61,77,75,72,,GAMSAT,Bachelor of Science Adv. Global Challenges (Hons),Local,Honours,No,0,Non-Flinders degree holder,Yes,No,FRACP: Gastroenterology and Hepatology
Medical Student,2025,Flinders University,No,1,Flinders University,Flinders University,CSP,6.04,-,56,88,54,63,,GAMSAT,BHSc/MPhty,Local,Masters (coursework),No,0,Non-Flinders degree holder,Yes,No,FRACS: Urology
Medical Student,2025,University of Notre Dame Fremantle,No,1,University of Notre Dame Fremantle,University of Notre Dame Fremantle,CSP,6.35,-,62,66,63,64,,GAMSAT,Bachelor of Science,Local,Honours,No,0,Non-Flinders degree holder,No,No,FRACGP: General Practice
Medical Student,2025,Deakin University,No,2,University of Melbourne,Deakin University,CSP,6.98,-,63,66,77,71,,GAMSAT,Biomed,Local,Honours,No,0,Non-Flinders degree holder,No,No,FACEM: Emergency medicine
Medical Student,2025,Deakin University,Yes,1,Deakin University,Deakin University,BMP,6.6,-,56,57,64,60,,GAMSAT,Biomedical Science,Local,Masters (coursework),Yes,8,Non-Flinders degree holder,No,No,FRACP: Cardiology
Medical Student,2025,University of Notre Dame Fremantle,No,1,University of Notre Dame Fremantle,University of Notre Dame Fremantle,BMP,6.72,-,60,77,73,70,,GAMSAT,Bachelor of Science,Local,Honours,No,0,Flinders University degree holder,No,No,FRACP: Cardiology
Medical Student,2025,University of Melbourne,No,1,University of Melbourne,University of Melbourne,CSP,6.95,-,62,65,82,70,,GAMSAT,Biomedicine,Local,None,No,2,Non-Flinders degree holder,No,No,FRACGP: General Practice
Medical Student,2025,University of Melbourne,No,1,University of Melbourne,University of Melbourne,BMP,6.49,-,73,78,89,80,,GAMSAT,Biomedical Science,Local,Honours,Yes,0,Non-Flinders degree holder,No,No,FRACP: Neurology
Medical Student,2025,University of Melbourne,No,1,University of Melbourne,University of Melbourne,CSP,6.89,-,58,65,87,70,,GAMSAT,Biomedicine,International,None,No,2,Non-Flinders degree holder,No,No,FRACP: General Medicine
Medical Student,2025,Flinders University,No,1,Flinders University,Flinders University,BMP,6.51,-,56,59,82,70,,GAMSAT,B Pharm,Local,Honours,No,4,Non-Flinders degree holder,Yes,No,FACRRM: Rural and Remote Medicine (General Practice)
Medical Student,2025,Australian National University,No,1,Flinders University,Australian National University,CSP,6.82,-,71,64,84,76,,GAMSAT,B Business Management,Local,None,No,0,Non-Flinders degree holder,No,No,FRACS: General Surgery
Medical Student,2025,University of Notre Dame Sydney,No,3,Griffith University,University of Notre Dame Sydney,CSP,7,-,59,71,56,60,,GAMSAT,B. Paramedicine,Local,None,Yes,0,Non-Flinders degree holder,No,No,FRACGP: General Practice
Medical Student,2025,Macquarie University,No,1,University of Melbourne,Macquarie University,FFP,6.95,86,56,52,75,65,,GAMSAT,Biomed,International,None,No,0,Non-Flinders degree holder,No,No,FRACS: Paediatric Surgery
Medical Student,2025,University of Western Australia,No,3,University of Melbourne,University of Queensland,CSP,6.77,-,68,57,83,73,,GAMSAT,Bachelor of Biomedicine,Local,None,No,0,Non-Flinders degree holder,No,No,Guitar rock star
Medical Student,2025,Flinders University,No,1,Flinders University,Flinders University,BMP,6.2,-,66,74,70,70,,GAMSAT,Biomed,Local,None,Yes,0,Non-Flinders degree holder,Yes,No,FACRRM: Rural and Remote Medicine (General Practice)
Medical Student,2025,University of Melbourne,No,1,University of Melbourne,University of Melbourne,BMP,6.27,-,70,80,80,77,,GAMSAT,Biomed/Philosophy/Literature,Local,None,Yes,0,Non-Flinders degree holder,No,Yes,FACRRM: Rural and Remote Medicine (General Practice)
Medical Student,2025,University of Queensland,No,1,University of Queensland,University of Queensland,FFP,7,-,N/A,N/A,N/A,N/A,515,MCAT,Honours Bachelor of Health Science,International,None,No,0,Non-Flinders degree holder,No,No,FRACS: Cardio-thoracic Surgery
Medical Student,2025,University of Melbourne,Yes,1,University of Melbourne,University of Melbourne,BMP,6.61,-,66,63,65,65,,GAMSAT,Bsci,Local,None,Yes,0,Non-Flinders degree holder,No,No,FRACGP: General Practice
Medical Student,2025,University of Melbourne,No,1,University of Melbourne,University of Melbourne,FFP,7,-,N/A,N/A,N/A,N/A,517,MCAT,BSc,International,PhD,No,0,Non-Flinders degree holder,No,No,Guitar rock star
Medical Student,2025,Griffith University,No,1,Griffith University,Griffith University,CSP,6.95,-,65,79,70,71,,GAMSAT,Biomedical science,International,None,Yes,0,Non-Flinders degree holder,No,No,Guitar rock star
Medical Student,2025,University of Queensland,No,5,University of Melbourne,University of Queensland,CSP,7,-,65,73,63,69,,GAMSAT,Bachelor of Science,Local,Honours,No,0,Non-Flinders degree holder,No,No,FRANCZP: Psychiatry
Medical Student,2025,Flinders University,No,1,Flinders University,Flinders University,BMP,5.07,-,70,69,75,72,,GAMSAT,Engineering (Mech & Aero),Local,None,Yes,0,Parallel Rural Community Curriculum (PRCC),No,No,FACEM: Emergency medicine
Medical Student,2025,Deakin University,No,3,Griffith University,Griffith University,BMP,6.86,-,62,60,80,71,,GAMSAT,Bachelor of Science,Local,None,No,2,Non-Flinders degree holder,No,No,FANZCA: Anaesthesia
Medical Student,2025,University of Sydney,No,1,University of Sydney,University of Sydney,BMP,5.48,-,71,77,67,72,,GAMSAT,Commerce,Local,None,Yes,0,Non-Flinders degree holder,No,No,FRACP: General Paediatrics
Medical Student,2025,Griffith University,No,1,Griffith University,Griffith University,CSP,6.98,-,61,68,54,59,,GAMSAT,Radiation therapy,Local,Honours,Yes,8,Non-Flinders degree holder,No,No,FRANZCR: Radiation Oncology
Medical Student,2025,University of Notre Dame Sydney,No,1,University of Notre Dame Sydney,University of Sydney,CSP,6.33,-,57,71,72,68,,GAMSAT,Bachelor of Medical Science (Honours),Local,PhD,No,0,Non-Flinders degree holder,No,No,FCICM: Intensive Care Medicine
Medical Student,2025,Flinders University,No,2,Australian National University,Flinders University,FFP,5.87,-,60,55,80,49,,GAMSAT,Electronic Enginerring,International,Honours,No,0,Non-Flinders degree holder,No,No,Guitar rock star
Medical Student,2025,University of Melbourne,No,1,University of Melbourne,University of Melbourne,Other,6.75,-,N/A,N/A,N/A,N/A,,MCAT,Science,International,None,No,0,Non-Flinders degree holder,No,No,Guitar rock star
Medical Student,2025,University of Notre Dame Fremantle,Yes,1,University of Notre Dame Fremantle,University of Notre Dame Fremantle,BMP,6.41,-,67,72,56,65,,GAMSAT,Physiotherapy,Local,None,No,0,Non-Flinders degree holder,No,No,FACEM: Emergency medicine
Medical Student,2025,University of Melbourne,No,1,University of Sydney,University of Melbourne,FFP,6.96,-,59,68,83,70,,GAMSAT,Bachelor of Biomedicine,International,None,No,0,Non-Flinders degree holder,No,No,FRACGP: General Practice
Medical Student,2025,University of Queensland,No,3,University of Melbourne,University of Queensland,CSP,7,-,61,69,84,71,,GAMSAT,Bachelor of Biomedicine,Local,Honours,No,0,Non-Flinders degree holder,No,No,FRANZCO: Ophthalmology
Medical Student,2025,University of Melbourne,No,1,University of Melbourne,University of Melbourne,BMP,7,-,N/A,N/A,N/A,N/A,,Other,Psychology/Biomed,Local,Honours,Yes,0,Non-Flinders degree holder,No,Yes,FRACS: Urology
Medical Student,2025,University of Sydney,No,1,University of Sydney,University of Sydney,BMP,6.31,-,57,64,68,64,,GAMSAT,Bachelor of Pre-medicine,Local,None,Yes,0,Non-Flinders degree holder,No,No,FRANZCR: Diagnostic Radiology
Medical Student,2025,University of Sydney,No,1,University of Sydney,University of Sydney,CSP,5.5,-,65,55,65,63,,GAMSAT,Bachelor of Biomedical Science,Local,None,Yes,4,Non-Flinders degree holder,No,No,FACD: Dermatology
Medical Student,2025,Flinders University,No,1,Flinders University,Flinders University,BMP,6.03,-,61,59,70,65,,GAMSAT,Bachelor of Mechanical Engineering (Honours),International,None,Yes,0,Parallel Rural Community Curriculum (PRCC),No,No,FRANZCR: Diagnostic Radiology
Medical Student,2025,University of Wollongong,No,2,University of Sydney,University of Wollongong,BMP,6.62,-,63,79,73,72,,GAMSAT,University of Sydney,Local,Honours,No,0,Non-Flinders degree holder,No,No,FRACS: Neurosurgery Surgery
Medical Student,2025,University of Queensland,No,5,University of Melbourne,University of Queensland,BMP,7,-,49,49,49,65,,GAMSAT,B.Sc Honours,Local,Honours,No,2,Non-Flinders degree holder,No,No,FRACS: Neurosurgery Surgery
Medical Student,2025,Flinders University,No,6,University of Melbourne,Flinders University,CSP,7,-,65,64,91,78,,GAMSAT,BBmed,Local,None,No,0,Non-Flinders degree holder,No,No,FRACP: Paediatric Emergency Medicine
Medical Student,2025,University of Western Sydney,No,1,University of Western Sydney,University of Western Sydney,CSP,6.4,-,N/A,N/A,N/A,N/A,,Other,Medical Radiation Sciences,Local,None,No,8,Non-Flinders degree holder,No,No,FRANZCR: Diagnostic Radiology
Medical Student,2025,Flinders University,Yes,2,University of Sydney,University of Sydney,BMP,6.13,-,69,72,92,81,,GAMSAT,Bachelor of Vision Science,International,None,No,0,Flinders University degree holder,No,No,Guitar rock star
Medical Student,2025,University of Queensland,No,1,University of Queensland,University of Queensland,BMP,6.78,-,65,69,71,69,,GAMSAT,BCom/BSci,Local,None,No,0,Flinders University degree holder,No,No,Guitar rock star
Medical Student,2025,University of Melbourne,No,1,University of Melbourne,University of Melbourne,CSP,6.98,88.571,70,69,71,70,,GAMSAT,Bachelor of Science,Local,None,No,2,Non-Flinders degree holder,No,No,FRACS: Plastic and Reconstructive Surgery
Medical Student,2025,Monash University,Yes,1,Monash University,Monash University,CSP,4,92.275,N/A,N/A,N/A,N/A,,GAMSAT,Science,Local,None,No,0,Non-Flinders degree holder,No,No,Guitar rock star
Medical Student,2025,Monash University,No,2,University of Melbourne,Monash University,CSP,7,93,N/A,N/A,N/A,N/A,,GAMSAT,Biomedicine,Local,None,No,2,Non-Flinders degree holder,No,Yes,Guitar rock star
Medical Student,2025,Monash University,Yes,1,Monash University,Monash University,CSP,4.99,83,49,49,49,49,,GAMSAT,BSc,International,None,Yes,0,Non-Flinders degree holder,No,No,FRACP: Medical Oncology
Medical Student,2025,Monash University,Yes,2,University of Melbourne,Monash University,BMP,6.91,84.765,N/A,N/A,N/A,N/A,,GAMSAT,Biomed,Local,None,No,0,Non-Flinders degree holder,No,No,FACEM: Emergency medicine
Medical Student,2025,Monash University,Yes,1,Monash University,Monash University,BMP,6.5,80,60,84,60,49,,GAMSAT,Bachelor of Science,Local,Honours,Yes,6,Non-Flinders degree holder,No,No,FRACP: Infectious Diseases
Medical Student,2025,Monash University,Yes,1,Monash University,Monash University,CSP,6.98,~89,N/A,N/A,N/A,67,,GAMSAT,Biomed,Local,None,No,2,Non-Flinders degree holder,No,No,FACEM: Emergency medicine
Medical Student,2025,Monash University,Yes,1,Monash University,Monash University,CSP,6.98,87.55,N/A,N/A,N/A,N/A,,GAMSAT,Biomed,Local,None,No,0,Non-Flinders degree holder,No,No,Guitar rock star
Medical Student,2025,Monash University,Yes,1,Monash University,Monash University,CSP,6.98,-85,N/A,N/A,N/A,N/A,,GAMSAT,Bachelor of Biomedical science,Local,Honours,No,0,Non-Flinders degree holder,No,No,FRACP: General Paediatrics
Medical Student,2025,University of Queensland,No,1,University of Queensland,University of Queensland,BMP,6.78,-,60,74,73,69,,GAMSAT,BBiomedSci,Local,None,Yes,0,Non-Flinders degree holder,No,No,FRACP: General Paediatrics
Medical Student,2025,Griffith University,Yes,1,Griffith University,Griffith University,BMP,6.97,-,72,67,67,68,,GAMSAT,Bachelor of Psychology (Honours),Local,Honours,No,0,Flinders University degree holder,No,No,FRANCZP: Psychiatry
Medical Student,2025,University of Queensland,No,2,Griffith University,Griffith University,BMP,6.67,-,68,63,58,62,,GAMSAT,"Psychology, Exercise Science, and Nursing Science",Local,None,Yes,0,Non-Flinders degree holder,No,No,FRACP: Cardiology
Medical Student,2025,Monash University,Yes,1,Monash University,Monash University,BMP,6.5,79,N/A,N/A,N/A,N/A,,GAMSAT,Science,Local,None,Yes,0,Non-Flinders degree holder,No,No,FRANZCOG: Obstetrics and Gynaecology
Medical Student,2025,University of Sydney,No,1,University of Sydney,University of Melbourne,FFP,6.96,-,59,68,83,70,,GAMSAT,Bachelor of Biomedicine,International,None,No,0,Non-Flinders degree holder,No,No,FRACGP: General Practice
Medical Student,2025,Monash University,Yes,1,Monash University,Monash University,CSP,6.97,87.22,N/A,N/A,N/A,N/A,,GAMSAT,Bachelor of Science Advanced - Global Challenges (Honours),Local,None,No,0,Non-Flinders degree holder,No,No,FACEM: Emergency medicine
Medical Student,2025,Griffith University,No,4,University of Sydney,University of Queensland,CSP,6.63,-,61,75,82,75,,GAMSAT,Medical Science,Local,None,No,0,Non-Flinders degree holder,No,No,FRACP: Cardiology
Medical Student,2025,Deakin University,No,1,Deakin University,Deakin University,BMP,6.23,-,71,50,64,60,,GAMSAT,Biomedical Science,Local,None,Yes,6,Non-Flinders degree holder,No,No,FRACS: Plastic and Reconstructive Surgery
Medical Student,2025,University of Western Australia,No,1,University of Western Australia,University of Western Australia,CSP,6.83,-,58,67,77,70,,GAMSAT,Bachelor of Biomedical Science,Local,None,No,0,Non-Flinders degree holder,No,No,FANZCA: Anaesthesia
Medical Student,2025,Deakin University,No,1,Deakin University,University of Sydney,CSP,6.54,-,60,64,65,63,,GAMSAT,Music,Local,None,Yes,10,Non-Flinders degree holder,No,No,FACEM: Emergency medicine
Medical Student,2025,Griffith University,No,2,University of Queensland,University of Queensland,BMP,7,-,58,69,72,68,,GAMSAT,BPharm,Local,Honours,No,0,Non-Flinders degree holder,No,No,FRACGP: General Practice
Medical Student,2025,Griffith University,No,1,Griffith University,Griffith University,CSP,6.96,-,66,65,78,72,,GAMSAT,Biomedical Science,Local,None,No,0,Non-Flinders degree holder,No,No,FRACP: Endocrinology
Medical Student,2025,University of Sydney,No,1,University of Sydney,University of Notre Dame Sydney,BMP,7,-,57,59,68,68,,GAMSAT,"Pre-medicine, Science and Health",Local,None,Yes,0,Non-Flinders degree holder,No,No,FRACP: Paediatric Emergency Medicine
Medical Student,2025,University of Sydney,No,1,University of Sydney,University of Sydney,BMP,5.63,-,52,74,58,61,,GAMSAT,Bachelor of Biomedicine (Honours),Local,Honours,Yes,8,Non-Flinders degree holder,No,Yes,FRACP: Neurology
Medical Student,2025,University of Sydney,No,1,University of Sydney,Macquarie University,CSP,5.45,-,65,79,78,75,,GAMSAT,Science,Local,Honours,No,0,Non-Flinders degree holder,No,No,Guitar rock star
Medical Student,2025,Flinders University,No,1,University of Queensland,Flinders University,BMP,6.49,-,62,67,95,79,,GAMSAT,Bachelor of Mathematics,Local,None,No,0,Non-Flinders degree holder,No,No,FRCPA: Forensic Pathology
Medical Student,2025,Flinders University,No,1,Flinders University,Flinders University,BMP,6,-,65,61,61,62,,GAMSAT,Medical Science,Local,Honours,No,0,Flinders University degree holder,No,No,FRANZCOG: Obstetrics and Gynaecology
Medical Student,2025,Flinders University,Yes,1,Flinders University,Flinders University,CSP,6.41,-,62,68,63,64,,GAMSAT,Health Sciences,Local,None,No,0,Flinders University degree holder,No,No,FRACP: Neurology
Medical Student,2025,Flinders University,Yes,1,Flinders University,Flinders University,CSP,6.56,-,54,69,78,70,,GAMSAT,Bachelor of Biotechnology (Med B.tech),Local,None,No,2,Flinders University degree holder,No,No,Guitar rock star
Medical Student,2025,Flinders University,Yes,1,Flinders University,Flinders University,MRBS,6.15,-,59,75,68,67,,GAMSAT,Bachelor of Medical Science,Local,None,No,0,Flinders University degree holder,No,No,FACEM: Emergency medicine
Medical Student,2025,University of Sydney,No,1,University of Sydney,University of Sydney,BMP,5.67,-,58,52,66,61,,GAMSAT,Bachelor of Medical Mathematics,Local,None,Yes,4,Non-Flinders degree holder,No,No,FACEM: Emergency medicine
Medical Student,2025,University of Sydney,No,3,University of Melbourne,Griffith University,BMP,6.29,-,55,55,69,62,,GAMSAT,Physics,Local,None,Yes,4,Non-Flinders degree holder,No,Yes,Guitar rock star
Medical Student,2025,University of Sydney,No,1,University of Sydney,University of Wollongong,BMP,6.4,-,56,58,64,49,,GAMSAT,Biomedical Science,International,Honours,Yes,8,Non-Flinders degree holder,No,No,FRACP: Endocrinology
Medical Student,2025,University of Sydney,No,1,University of Sydney,University of Melbourne,CSP,6.25,-,69,78,88,78,,GAMSAT,Bachelor of Biomedicine,Local,Honours,No,0,Non-Flinders degree holder,No,Yes,FANZCA: Anaesthesia
Medical Student,2025,University of Sydney,No,1,University of Sydney,Griffith University,BMP,6.11,-,60,64,52,58,,GAMSAT,Bachelor of Medical Science,Local,None,Yes,0,Non-Flinders degree holder,No,No,FACEM: Emergency medicine
Medical Student,2025,University of Sydney,No,1,University of Sydney,University of Sydney,BMP,5,-,57,66,59,60,,GAMSAT,Medical Research,Local,None,Yes,0,Non-Flinders degree holder,No,No,FRACP: Neurology
Medical Student,2025,Flinders University,No,1,Flinders University,Flinders University,CSP,7,-,72,61,90,79,,GAMSAT,Bachelor of Psychology (honours),Local,Honours,No,10,Non-Flinders degree holder,No,No,FRACP: Neurology
Medical Student,2025,Flinders University,No,1,Flinders University,Flinders University,BMP,6,N/A,67,63,96,80,N/A,GAMSAT,B of Science,Local,Honours,No,0,Non-Flinders degree holder,No,No,FRACGP: General Practice
Medical Student,2025,Flinders University,Yes,1,Flinders University,Flinders University,BMP,5.86,-,N/A,N/A,N/A,62,,GAMSAT,Medical Science,Local,Honours,Yes,0,Parallel Rural Community Curriculum (PRCC),No,No,FACRRM: Rural and Remote Medicine (General Practice)
Medical Student,2025,University of Sydney,No,3,University of Queensland,University of Queensland,BMP,5.65,-,56,58,65,61,,GAMSAT,Bachelor of Health Sci,Local,None,Yes,8,Non-Flinders degree holder,No,Yes,FRACS: General Surgery
Medical Student,2025,University of Sydney,No,3,University of Queensland,University of Queensland,BMP,5.65,-,56,58,65,61,,GAMSAT,Bachelor of Health Sci,Local,None,Yes,8,Non-Flinders degree holder,No,Yes,FRACS: General Surgery
Medical Student,2025,University of Sydney,No,1,University of Queensland,University of Queensland,BMP,6.15,-,59,61,68,62,,GAMSAT,B Health Science,Local,None,Yes,0,Non-Flinders degree holder,No,No,FRACS: General Surgery
Medical Student,2025,Flinders University,Yes,1,Flinders University,Flinders University,CSP,6.35,-,61,88,53,63,,GAMSAT,Paramedic Science,Local,None,No,0,Flinders University degree holder,No,No,FRANZCOG: Obstetrics and Gynaecology
Medical Student,2025,University of Sydney,No,1,University of Sydney,Australian National University,BMP,5.81,-,50,64,66,61,,GAMSAT,Biomedicine,Local,None,Yes,0,Non-Flinders degree holder,No,No,FRACS: Plastic and Reconstructive Surgery