,uni,offer type,postgrad,gpa,gamsat,combo score
0,Australian National University,CSP,No,6.96,66.0,1.654285714
1,Australian National University,Other,No,6.63,71.0,1.657142857
2,Australian National University,CSP,No,6.83,73.0,1.705714286
3,Australian National University,CSP,No,6.54,74.0,1.674285714
4,Australian National University,Other,No,6.79,76.0,1.73
5,Australian National University,CSP,Yes,6.51,76.0,1.69
6,Australian National University,CSP,No,6.0,78.0,1.637142857
18,Deakin University,CSP,No,6.85,64.0,1.618571429
26,Deakin University,CSP,No,6.88,70.0,1.682857143
27,Deakin University,BMP,No,6.52,70.0,1.631428571
28,Deakin University,BMP,No,6.85,71.0,1.688571429
44,Flinders University,CSP,Yes,6.33,65.0,1.554285714
46,Flinders University,CSP,No,6.97,66.0,1.655714286
49,Flinders University,CSP,No,6.97,69.0,1.685714286
50,Flinders University,BMP,No,6.75,69.0,1.654285714
52,Flinders University,CSP,No,7.0,71.0,1.71
53,Flinders University,CSP,No,6.79,72.0,1.69
54,Flinders University,BMP,No,6.06,72.0,1.585714286
55,Flinders University,BMP,No,5.74,72.0,1.54
56,Flinders University,CSP,No,5.8,73.0,1.558571429
57,Flinders University,CSP,No,6.88,74.0,1.722857143
58,Flinders University,CSP,No,6.56,75.0,1.687142857
65,Griffith University,CSP,Yes,7.0,66.0,1.66
66,Griffith University,CSP,No,6.94,66.0,1.651428571
67,Griffith University,CSP,No,6.88,66.0,1.642857143
68,Griffith University,BMP,No,6.7,68.0,1.637142857
71,Griffith University,BMP,Yes,6.6,68.0,1.622857143
72,Griffith University,CSP,No,6.7,68.0,1.637142857
73,Griffith University,CSP,No,6.6,70.0,1.642857143
74,Griffith University,CSP,Yes,6.98,70.0,1.697142857
75,Griffith University,CSP,No,6.41,71.0,1.625714286
76,Griffith University,CSP,No,6.49,71.0,1.637142857
77,Griffith University,CSP,No,7.0,71.0,1.71
78,Griffith University,CSP,No,6.48,72.0,1.645714286
102,University of Melbourne,CSP,No,7.0,66.0,1.66
104,University of Melbourne,CSP,No,7.0,67.0,1.67
105,University of Melbourne,CSP,No,6.89,68.0,1.664285714
106,University of Melbourne,CSP,No,6.93,68.0,1.67
111,University of Melbourne,CSP,No,6.93,69.0,1.68
112,University of Melbourne,CSP,Yes,6.85,69.0,1.668571429
113,University of Melbourne,CSP,No,7.0,70.0,1.7
114,University of Melbourne,CSP,No,6.94,70.0,1.691428571
115,University of Melbourne,CSP,No,7.0,70.0,1.7
116,University of Melbourne,BMP,No,6.8,70.0,1.671428571
117,University of Melbourne,CSP,No,6.99,70.0,1.698571429
118,University of Melbourne,CSP,No,6.68,70.0,1.654285714
119,University of Melbourne,CSP,No,6.7,70.0,1.657142857
120,University of Melbourne,CSP,No,6.64,70.0,1.648571429
121,University of Melbourne,CSP,Yes,6.82,71.0,1.684285714
122,University of Melbourne,CSP,No,6.98,71.0,1.707142857
123,University of Melbourne,CSP,No,6.9,72.0,1.705714286
124,University of Melbourne,CSP,No,6.69,72.0,1.675714286
125,University of Melbourne,CSP,No,6.65,73.0,1.68
126,University of Melbourne,BMP,No,6.96,73.0,1.724285714
127,University of Melbourne,CSP,No,6.61,73.0,1.674285714
128,University of Melbourne,CSP,No,7.0,73.0,1.73
131,University of Melbourne,CSP,No,6.83,75.0,1.725714286
132,University of Melbourne,CSP,No,6.95,75.0,1.742857143
135,University of Melbourne,CSP,No,7.0,76.0,1.76
136,University of Melbourne,CSP,Yes,6.73,77.0,1.731428571
138,University of Melbourne,CSP,No,6.74,78.0,1.742857143
166,University of Notre Dame Fremantle,CSP,No,5.91,61.0,1.454285714
167,University of Notre Dame Fremantle,BMP,No,6.85,62.0,1.598571429
170,University of Notre Dame Fremantle,CSP,No,6.66,63.0,1.581428571
171,University of Notre Dame Fremantle,CSP,No,7.0,64.0,1.64
172,University of Notre Dame Fremantle,CSP,Yes,6.58,64.0,1.58
173,University of Notre Dame Fremantle,CSP,Yes,6.03,65.0,1.511428571
174,University of Notre Dame Fremantle,BMP,No,6.45,66.0,1.581428571
176,University of Notre Dame Fremantle,BMP,No,6.65,67.0,1.62
177,University of Notre Dame Fremantle,CSP,No,6.62,68.0,1.625714286
178,University of Notre Dame Fremantle,CSP,No,6.94,68.0,1.671428571
179,University of Notre Dame Fremantle,CSP,No,6.91,68.0,1.667142857
181,University of Notre Dame Fremantle,CSP,No,6.15,71.0,1.588571429
182,University of Notre Dame Fremantle,CSP,No,6.82,72.0,1.694285714
188,University of Notre Dame Sydney,CSP,No,6.68,62.0,1.574285714
196,University of Notre Dame Sydney,CSP,No,6.85,66.0,1.638571429
197,University of Notre Dame Sydney,CSP,No,6.5,67.0,1.598571429
198,University of Notre Dame Sydney,CSP,No,6.89,67.0,1.654285714
199,University of Notre Dame Sydney,BMP,No,6.4,67.0,1.584285714
202,University of Notre Dame Sydney,CSP,No,6.58,69.0,1.63
203,University of Notre Dame Sydney,CSP,No,6.1,69.0,1.561428571
206,University of Notre Dame Sydney,CSP,Yes,6.56,69.0,1.627142857
216,University of Queensland,CSP,No,7.0,64.0,1.64
217,University of Queensland,CSP,No,7.0,65.0,1.65
219,University of Queensland,CSP,No,6.93,65.0,1.64
220,University of Queensland,CSP,No,7.0,66.0,1.66
221,University of Queensland,CSP,No,6.88,67.0,1.652857143
222,University of Queensland,CSP,No,6.66,67.0,1.621428571
223,University of Queensland,CSP,No,7.0,67.0,1.67
224,University of Queensland,CSP,Yes,7.0,68.0,1.68
225,University of Queensland,BMP,No,7.0,68.0,1.68
226,University of Queensland,CSP,Yes,6.94,69.0,1.681428571
227,University of Queensland,CSP,No,7.0,69.0,1.69
228,University of Queensland,CSP,Yes,7.0,69.0,1.69
229,University of Queensland,BMP,Yes,7.0,70.0,1.7
230,University of Queensland,CSP,No,6.85,70.0,1.678571429
231,University of Queensland,CSP,Yes,7.0,70.0,1.7
232,University of Queensland,CSP,No,7.0,70.0,1.7
233,University of Queensland,CSP,No,7.0,71.0,1.71
234,University of Queensland,CSP,Yes,6.72,72.0,1.68
235,University of Queensland,BMP,No,6.88,72.0,1.702857143
236,University of Queensland,CSP,Yes,6.83,72.0,1.695714286
237,University of Queensland,CSP,No,6.83,74.0,1.715714286
238,University of Queensland,CSP,No,6.28,74.0,1.637142857
239,University of Queensland,CSP,No,6.88,75.0,1.732857143
240,University of Queensland,CSP,No,6.66,75.0,1.701428571
241,University of Queensland,CSP,No,6.83,78.0,1.755714286
257,University of Sydney,BMP,Yes,6.16,70.0,1.58
258,University of Sydney,BMP,No,6.3,70.0,1.6
260,University of Sydney,BMP,No,6.82,71.0,1.684285714
261,University of Sydney,BMP,No,5.71,71.0,1.525714286
262,University of Sydney,CSP,Yes,5.76,71.0,1.532857143
263,University of Sydney,CSP,No,5.26,71.0,1.461428571
264,University of Sydney,BMP,No,6.85,71.0,1.688571429
265,University of Sydney,CSP,No,6.56,71.0,1.647142857
266,University of Sydney,CSP,No,5.56,71.0,1.504285714
267,University of Sydney,BMP,No,6.68,71.0,1.664285714
268,University of Sydney,BMP,No,5.73,71.0,1.528571429
269,University of Sydney,CSP,No,5.8,71.0,1.538571429
270,University of Sydney,CSP,Yes,6.93,71.0,1.7
271,University of Sydney,CSP,No,5.63,72.0,1.524285714
272,University of Sydney,CSP,No,6.63,72.0,1.667142857
273,University of Sydney,CSP,No,6.38,72.0,1.631428571
274,University of Sydney,CSP,No,5.98,72.0,1.574285714
275,University of Sydney,CSP,No,6.36,72.0,1.628571429
276,University of Sydney,CSP,No,6.41,72.0,1.635714286
277,University of Sydney,CSP,No,6.57,72.0,1.658571429
278,University of Sydney,BMP,No,5.23,72.0,1.467142857
279,University of Sydney,CSP,Yes,6.94,72.0,1.711428571
280,University of Sydney,CSP,No,6.96,72.0,1.714285714
281,University of Sydney,CSP,No,6.44,72.0,1.64
283,University of Sydney,CSP,No,5.85,73.0,1.565714286
284,University of Sydney,CSP,No,6.22,73.0,1.618571429
285,University of Sydney,CSP,No,6.8,73.0,1.701428571
286,University of Sydney,CSP,No,6.71,73.0,1.688571429
287,University of Sydney,CSP,No,6.34,73.0,1.635714286
288,University of Sydney,CSP,No,6.22,73.0,1.618571429
289,University of Sydney,CSP,No,6.04,73.0,1.592857143
290,University of Sydney,CSP,No,6.25,73.0,1.622857143
291,University of Sydney,CSP,No,5.76,74.0,1.562857143
292,University of Sydney,CSP,No,6.63,74.0,1.687142857
294,University of Sydney,CSP,No,5.97,74.0,1.592857143
295,University of Sydney,CSP,No,6.81,74.0,1.712857143
296,University of Sydney,CSP,No,6.71,74.0,1.698571429
297,University of Sydney,CSP,No,5.99,75.0,1.605714286
298,University of Sydney,CSP,Yes,6.08,75.0,1.618571429
299,University of Sydney,CSP,No,6.2,76.0,1.645714286
300,University of Sydney,CSP,No,6.7,76.0,1.717142857
301,University of Sydney,CSP,No,6.78,76.0,1.728571429
302,University of Sydney,CSP,Yes,5.4,76.0,1.531428571
303,University of Sydney,CSP,No,6.13,76.0,1.635714286
304,University of Sydney,CSP,No,7.0,76.0,1.76
305,University of Sydney,CSP,No,6.56,77.0,1.707142857
306,University of Sydney,CSP,Yes,5.6,77.0,1.57
307,University of Sydney,CSP,No,6.92,77.0,1.758571429
308,University of Sydney,CSP,No,5.65,77.0,1.577142857
309,University of Sydney,CSP,No,7.0,78.0,1.78
310,University of Sydney,CSP,No,6.96,78.0,1.774285714
311,University of Sydney,CSP,No,6.83,78.0,1.755714286
312,University of Sydney,BMP,No,6.97,79.0,1.785714286
313,University of Sydney,CSP,No,6.09,79.0,1.66
314,University of Sydney,BMP,No,5.6,81.0,1.61
315,University of Sydney,CSP,No,6.63,81.0,1.757142857
316,University of Sydney,CSP,No,7.0,82.0,1.82
317,University of Sydney,CSP,No,6.6,90.0,1.842857143
363,University of Western Australia,BMP,No,7.0,66.0,1.66
365,University of Western Australia,BMP,No,6.82,68.0,1.654285714
366,University of Western Australia,CSP,No,6.89,69.0,1.674285714
367,University of Western Australia,CSP,No,6.92,73.0,1.718571429
368,University of Western Australia,BMP,No,6.94,73.0,1.721428571
369,University of Western Australia,CSP,No,6.84,75.0,1.727142857
370,University of Western Australia,CSP,No,7.0,77.0,1.77
371,University of Western Australia,CSP,No,6.97,77.0,1.765714286
373,University of Wollongong,CSP,No,6.37,59.0,1.5
374,University of Wollongong,CSP,Yes,6.77,61.0,1.577142857
375,University of Wollongong,BMP,No,6.64,61.0,1.558571429
376,University of Wollongong,CSP,No,6.19,65.0,1.534285714
377,University of Wollongong,BMP,No,6.96,65.0,1.644285714
389,Australian National University,Other,No,6.88,70.0,1.682857143
390,Australian National University,CSP,No,6.88,63.0,1.612857143
391,Australian National University,Other,No,6.65,70.0,1.65
392,Australian National University,CSP,No,6.95,65.0,1.642857143
393,Australian National University,Other,No,6.52,65.0,1.581428571
394,Australian National University,CSP,No,6.91,65.0,1.637142857
395,Australian National University,Other,No,6.53,67.0,1.602857143
396,Australian National University,CSP,No,6.74,67.0,1.632857143
398,Australian National University,CSP,No,6.73,67.0,1.631428571
399,Australian National University,CSP,No,6.75,63.0,1.594285714
400,Australian National University,BMP,No,6.46,70.0,1.622857143
401,Australian National University,CSP,No,6.83,64.0,1.615714286
402,Australian National University,CSP,No,6.7,65.0,1.607142857
412,Deakin University,CSP,No,6.88,65.0,1.632857143
413,Deakin University,CSP,No,6.74,71.0,1.672857143
415,Deakin University,CSP,No,6.93,66.0,1.65
416,Deakin University,CSP,No,6.64,72.0,1.668571429
418,Deakin University,CSP,No,6.46,73.0,1.652857143
419,Deakin University,BMP,No,6.97,66.0,1.655714286
421,Deakin University,BMP,Yes,7.0,63.0,1.63
423,Deakin University,CSP,No,6.95,66.0,1.652857143
424,Deakin University,CSP,No,6.98,66.0,1.657142857
425,Deakin University,CSP,No,6.8,68.0,1.651428571
429,Deakin University,CSP,No,6.96,67.0,1.664285714
430,Deakin University,BMP,No,6.78,68.0,1.648571429
437,Flinders University,Other,No,7.0,67.0,1.67
438,Flinders University,Other,No,6.79,63.0,1.6
439,Flinders University,CSP,No,6.29,68.0,1.578571429
440,Flinders University,CSP,No,5.83,64.0,1.472857143
441,Flinders University,CSP,No,6.7,67.0,1.627142857
442,Flinders University,CSP,No,5.23,71.0,1.457142857
443,Flinders University,Other,No,6.93,69.0,1.68
444,Flinders University,CSP,No,6.93,67.0,1.66
445,Flinders University,CSP,No,5.86,73.0,1.567142857
446,Flinders University,CSP,No,6.5,61.0,1.538571429
447,Flinders University,Other,No,6.13,69.0,1.565714286
448,Flinders University,Other,No,6.29,65.0,1.548571429
457,Griffith University,CSP,No,6.5,69.0,1.618571429
458,Griffith University,CSP,No,6.97,67.0,1.665714286
459,Griffith University,CSP,Yes,6.92,64.0,1.628571429
460,Griffith University,CSP,No,6.86,64.0,1.62
461,Griffith University,CSP,No,6.98,66.0,1.657142857
462,Griffith University,CSP,Yes,7.0,65.0,1.65
463,Griffith University,CSP,No,6.57,69.0,1.628571429
464,Griffith University,BMP,No,7.0,62.0,1.62
465,Griffith University,CSP,No,6.97,65.0,1.645714286
466,Griffith University,CSP,No,6.87,69.0,1.671428571
467,Griffith University,CSP,No,6.79,65.0,1.62
468,Griffith University,BMP,No,6.81,66.0,1.632857143
469,Griffith University,CSP,No,6.44,66.0,1.58
470,Griffith University,CSP,Yes,7.0,62.0,1.62
471,Griffith University,BMP,No,6.83,66.0,1.635714286
472,Griffith University,CSP,No,6.51,71.0,1.64
473,Griffith University,CSP,No,6.24,76.0,1.651428571
474,Griffith University,CSP,Yes,6.67,67.0,1.622857143
475,Griffith University,CSP,No,6.79,68.0,1.65
476,Griffith University,CSP,No,6.78,61.0,1.578571429
477,Griffith University,CSP,No,6.55,78.0,1.715714286
478,Griffith University,CSP,No,6.85,65.0,1.628571429
479,Griffith University,CSP,No,6.59,69.0,1.631428571
481,Griffith University,CSP,Yes,7.0,61.0,1.61
482,Griffith University,CSP,No,6.45,72.0,1.641428571
483,Griffith University,CSP,No,6.65,66.0,1.61
505,University of Melbourne,CSP,No,6.95,74.0,1.732857143
506,University of Melbourne,CSP,Yes,6.83,65.0,1.625714286
510,University of Melbourne,CSP,No,6.95,70.0,1.692857143
511,University of Melbourne,CSP,No,6.9,70.0,1.685714286
512,University of Melbourne,CSP,No,6.97,65.0,1.645714286
513,University of Melbourne,CSP,No,6.99,66.0,1.658571429
514,University of Melbourne,CSP,No,6.9,71.0,1.695714286
515,University of Melbourne,CSP,No,6.94,65.0,1.641428571
516,University of Melbourne,CSP,No,6.7,68.0,1.637142857
518,University of Melbourne,CSP,No,6.89,71.0,1.694285714
519,University of Melbourne,CSP,No,6.83,64.0,1.615714286
520,University of Melbourne,BMP,No,6.87,69.0,1.671428571
521,University of Melbourne,BMP,No,6.89,65.0,1.634285714
522,University of Melbourne,CSP,No,6.9,79.0,1.775714286
523,University of Melbourne,CSP,No,6.75,70.0,1.664285714
524,University of Melbourne,CSP,No,7.0,70.0,1.7
525,University of Melbourne,CSP,No,6.68,74.0,1.694285714
526,University of Melbourne,CSP,No,6.56,72.0,1.657142857
529,University of Melbourne,CSP,No,6.98,67.0,1.667142857
530,University of Melbourne,CSP,No,6.96,73.0,1.724285714
531,University of Melbourne,CSP,No,6.92,71.0,1.698571429
532,University of Melbourne,CSP,No,6.98,71.0,1.707142857
533,University of Melbourne,BMP,No,6.95,67.0,1.662857143
534,University of Melbourne,BMP,No,6.85,68.0,1.658571429
535,University of Melbourne,BMP,No,6.71,70.0,1.658571429
536,University of Melbourne,CSP,No,6.89,73.0,1.714285714
537,University of Melbourne,CSP,No,6.82,79.0,1.764285714
538,University of Melbourne,CSP,No,6.55,74.0,1.675714286
541,University of Melbourne,CSP,No,6.89,72.0,1.704285714
542,University of Melbourne,CSP,No,6.98,68.0,1.677142857
543,University of Melbourne,CSP,No,6.98,63.0,1.627142857
544,University of Melbourne,CSP,No,6.91,68.0,1.667142857
561,University of Notre Dame Fremantle,CSP,Yes,6.52,62.0,1.551428571
562,University of Notre Dame Fremantle,CSP,No,6.3,62.0,1.52
563,University of Notre Dame Fremantle,CSP,No,6.61,61.0,1.554285714
564,University of Notre Dame Fremantle,CSP,No,6.24,64.0,1.531428571
565,University of Notre Dame Fremantle,CSP,No,6.81,61.0,1.582857143
566,University of Notre Dame Fremantle,CSP,No,6.93,64.0,1.63
567,University of Notre Dame Fremantle,BMP,No,6.59,66.0,1.601428571
568,University of Notre Dame Fremantle,BMP,No,6.95,61.0,1.602857143
569,University of Notre Dame Fremantle,CSP,No,6.48,62.0,1.545714286
570,University of Notre Dame Fremantle,BMP,No,6.66,61.0,1.561428571
571,University of Notre Dame Fremantle,CSP,No,6.81,67.0,1.642857143
572,University of Notre Dame Fremantle,BMP,No,6.85,63.0,1.608571429
573,University of Notre Dame Fremantle,CSP,No,6.6,73.0,1.672857143
574,University of Notre Dame Fremantle,CSP,No,6.44,70.0,1.62
575,University of Notre Dame Fremantle,CSP,No,6.6,74.0,1.682857143
576,University of Notre Dame Fremantle,CSP,No,6.7,67.0,1.627142857
577,University of Notre Dame Fremantle,CSP,No,6.67,65.0,1.602857143
583,University of Notre Dame Sydney,CSP,No,6.54,67.0,1.604285714
586,University of Notre Dame Sydney,BMP,No,6.64,69.0,1.638571429
588,University of Notre Dame Sydney,BMP,No,6.96,63.0,1.624285714
589,University of Notre Dame Sydney,CSP,No,6.67,69.0,1.642857143
590,University of Notre Dame Sydney,CSP,No,6.89,58.0,1.564285714
594,University of Notre Dame Sydney,BMP,No,6.39,68.0,1.592857143
596,University of Notre Dame Sydney,CSP,No,7.0,58.0,1.58
599,University of Notre Dame Sydney,CSP,No,6.75,58.0,1.544285714
601,University of Notre Dame Sydney,CSP,No,6.44,67.0,1.59
602,University of Notre Dame Sydney,CSP,No,7.0,67.0,1.67
603,University of Notre Dame Sydney,CSP,No,6.04,70.0,1.562857143
604,University of Notre Dame Sydney,BMP,No,6.84,69.0,1.667142857
605,University of Notre Dame Sydney,CSP,No,6.56,66.0,1.597142857
608,University of Notre Dame Sydney,CSP,No,6.55,67.0,1.605714286
621,University of Queensland,CSP,No,6.3,68.0,1.58
622,University of Queensland,CSP,No,7.0,63.0,1.63
623,University of Queensland,CSP,No,6.04,67.0,1.532857143
624,University of Queensland,BMP,No,5.88,69.0,1.53
625,University of Queensland,CSP,No,6.69,71.0,1.665714286
626,University of Queensland,CSP,No,5.5,65.0,1.435714286
627,University of Queensland,CSP,No,6.63,68.0,1.627142857
628,University of Queensland,CSP,No,5.78,67.0,1.495714286
629,University of Queensland,CSP,No,6.56,68.0,1.617142857
630,University of Queensland,CSP,Yes,6.91,68.0,1.667142857
631,University of Queensland,BMP,No,6.4,72.0,1.634285714
632,University of Queensland,CSP,No,6.08,66.0,1.528571429
633,University of Queensland,CSP,Yes,6.81,67.0,1.642857143
634,University of Queensland,CSP,No,6.86,67.0,1.65
635,University of Queensland,CSP,No,6.95,72.0,1.712857143
636,University of Queensland,BMP,No,6.2,64.0,1.525714286
637,University of Queensland,CSP,No,6.72,68.0,1.64
638,University of Queensland,CSP,No,7.0,67.0,1.67
639,University of Queensland,CSP,No,7.0,67.0,1.67
651,University of Sydney,CSP,No,5.03,76.0,1.478571429
652,University of Sydney,CSP,No,6.52,71.0,1.641428571
653,University of Sydney,CSP,No,6.76,69.0,1.655714286
654,University of Sydney,CSP,No,6.95,88.0,1.872857143
655,University of Sydney,CSP,No,5.55,69.0,1.482857143
656,University of Sydney,CSP,No,5.8,69.0,1.518571429
657,University of Sydney,CSP,No,6.88,70.0,1.682857143
658,University of Sydney,CSP,No,5.2,70.0,1.442857143
659,University of Sydney,BMP,No,6.28,70.0,1.597142857
660,University of Sydney,CSP,No,6.66,72.0,1.671428571
661,University of Sydney,CSP,Yes,5.75,71.0,1.531428571
662,University of Sydney,CSP,No,5.3,69.0,1.447142857
663,University of Sydney,CSP,No,6.48,80.0,1.725714286
664,University of Sydney,CSP,No,5.96,69.0,1.541428571
665,University of Sydney,CSP,No,5.68,72.0,1.531428571
666,University of Sydney,CSP,No,6.33,75.0,1.654285714
667,University of Sydney,CSP,No,6.67,79.0,1.742857143
668,University of Sydney,CSP,No,5.4,71.0,1.481428571
669,University of Sydney,CSP,No,6.5,71.0,1.638571429
670,University of Sydney,CSP,Yes,5.88,70.0,1.54
671,University of Sydney,CSP,No,6.0,76.0,1.617142857
672,University of Sydney,BMP,No,7.0,69.0,1.69
673,University of Sydney,CSP,No,6.0,71.0,1.567142857
674,University of Sydney,CSP,No,5.21,74.0,1.484285714
675,University of Sydney,CSP,No,5.56,74.0,1.534285714
676,University of Sydney,CSP,No,6.96,73.0,1.724285714
677,University of Sydney,CSP,No,6.83,74.0,1.715714286
678,University of Sydney,BMP,No,5.82,70.0,1.531428571
679,University of Sydney,CSP,No,6.92,70.0,1.688571429
703,University of Western Australia,CSP,No,6.87,75.0,1.731428571
704,University of Western Australia,CSP,No,6.98,65.0,1.647142857
705,University of Western Australia,CSP,No,6.85,71.0,1.688571429
706,University of Western Australia,CSP,No,7.0,68.0,1.68
707,University of Western Australia,CSP,No,6.48,78.0,1.705714286
712,University of Wollongong,BMP,No,6.14,62.0,1.497142857
713,University of Wollongong,CSP,No,6.4,60.0,1.514285714
714,University of Wollongong,CSP,Yes,6.89,64.0,1.624285714
715,University of Wollongong,CSP,Yes,6.85,62.0,1.598571429
716,University of Wollongong,BMP,No,6.14,62.0,1.497142857
717,University of Wollongong,BMP,No,6.76,66.0,1.625714286
718,University of Wollongong,CSP,No,6.86,63.0,1.61
719,University of Wollongong,BMP,No,6.75,57.0,1.534285714
720,University of Wollongong,CSP,No,6.39,63.0,1.542857143
722,University of Wollongong,CSP,No,7.0,69.0,1.69
731,University of Queensland,BMP,Honours,6.87,66.0,1.641428571
732,University of Queensland,BMP,,5.34,72.0,1.482857143
733,University of Queensland,BMP,,7.0,71.0,1.71
734,University of Queensland,CSP,,6.97,79.0,1.785714286
735,University of Queensland,CSP,,6.15,75.0,1.628571429
736,University of Queensland,CSP,,6.22,75.0,1.638571429
737,University of Queensland,CSP,,6.78,76.0,1.728571429
738,University of Queensland,CSP,,6.64,71.0,1.658571429
739,University of Queensland,CSP,Honours,6.63,74.0,1.687142857
740,University of Queensland,CSP,Honours,6.0,74.0,1.597142857
741,University of Queensland,CSP,Masters (coursework),5.75,77.0,1.591428571
742,University of Queensland,CSP,,6.2,72.0,1.605714286
743,University of Queensland,CSP,Yes,6.86,76.0,1.74
744,University of Queensland,CSP,,6.05,73.0,1.594285714
745,University of Queensland,CSP,,5.95,74.0,1.59
746,University of Queensland,CSP,Honours,5.0,73.0,1.444285714
747,University of Queensland,CSP,,6.02,75.0,1.61
748,University of Queensland,CSP,,7.0,72.0,1.72
749,University of Queensland,CSP,Honours,6.98,77.0,1.767142857
750,University of Queensland,CSP,Honours,7.0,76.0,1.76
751,University of Queensland,CSP,,5.04,73.0,1.45
752,University of Queensland,CSP,,6.11,75.0,1.622857143
753,University of Queensland,CSP,,6.93,72.0,1.71
754,University of Queensland,CSP,,6.94,73.0,1.721428571
755,University of Queensland,CSP,,6.17,76.0,1.641428571
756,University of Queensland,CSP,Honours,5.4,74.0,1.511428571
757,University of Queensland,CSP,Honours,6.14,72.0,1.597142857
758,University of Queensland,CSP,Masters (coursework),5.21,68.0,1.424285714
759,University of Queensland,CSP,,6.6,72.0,1.662857143
767,University of Sydney,BMP,,6.56,66.0,1.597142857
768,University of Sydney,BMP,,6.54,70.0,1.634285714
769,University of Sydney,BMP,,5.88,70.0,1.54
770,University of Sydney,BMP,,6.71,71.0,1.668571429
771,University of Sydney,BMP,,5.88,70.0,1.54
772,University of Sydney,BMP,,6.65,80.0,1.75
773,University of Sydney,BMP,,6.91,72.0,1.707142857
774,University of Sydney,BMP,,5.25,74.0,1.49
776,University of Sydney,BMP,,6.0,72.0,1.577142857
777,University of Sydney,BMP,,5.31,68.0,1.438571429
778,University of Sydney,BMP,,5.33,68.0,1.441428571
779,University of Sydney,BMP,,6.39,73.0,1.642857143
780,University of Sydney,BMP,,6.26,68.0,1.574285714
781,University of Sydney,CSP,Honours,6.05,73.0,1.594285714
782,University of Sydney,CSP,,6.13,72.0,1.595714286
783,University of Sydney,CSP,Honours,6.57,72.0,1.658571429
784,University of Sydney,CSP,Honours,6.44,77.0,1.69
785,University of Sydney,CSP,Honours,5.08,72.0,1.445714286
786,University of Sydney,CSP,Honours,6.18,70.0,1.582857143
787,University of Sydney,CSP,Honours,5.5,69.0,1.475714286
789,University of Sydney,CSP,,6.01,76.0,1.618571429
790,University of Sydney,CSP,,6.11,72.0,1.592857143
791,University of Sydney,CSP,,6.81,74.0,1.712857143
792,University of Sydney,CSP,Honours,5.6,72.0,1.52
793,University of Sydney,CSP,Honours,5.1,69.0,1.418571429
794,University of Sydney,CSP,,6.96,72.0,1.714285714
795,University of Sydney,CSP,Honours,5.71,75.0,1.565714286
796,University of Sydney,CSP,,6.96,87.0,1.864285714
797,University of Sydney,CSP,,6.23,68.0,1.57
798,University of Sydney,CSP,,6.41,76.0,1.675714286
799,University of Sydney,CSP,,6.6,69.0,1.632857143
800,University of Sydney,CSP,,5.81,70.0,1.53
801,University of Sydney,CSP,,5.54,69.0,1.481428571
802,University of Sydney,CSP,Masters (coursework),5.5,70.0,1.485714286
803,University of Sydney,CSP,Honours,5.09,68.0,1.407142857
804,University of Sydney,CSP,,6.12,69.0,1.564285714
805,University of Sydney,CSP,,6.4,75.0,1.664285714
806,University of Sydney,CSP,,6.33,77.0,1.674285714
807,University of Sydney,CSP,,6.3,71.0,1.61
808,University of Sydney,CSP,,6.5,68.0,1.608571429
809,University of Sydney,CSP,Honours,6.91,72.0,1.707142857
810,University of Sydney,CSP,,6.0,74.0,1.597142857
811,University of Sydney,CSP,,6.18,78.0,1.662857143
812,University of Sydney,CSP,,5.52,73.0,1.518571429
813,University of Sydney,CSP,,5.31,69.0,1.448571429
814,University of Sydney,CSP,Honours,6.48,69.0,1.615714286
815,University of Sydney,CSP,Honours,6.84,75.0,1.727142857
816,University of Sydney,CSP,,6.24,75.0,1.641428571
817,University of Sydney,CSP,,6.53,73.0,1.662857143
818,University of Sydney,CSP,Honours,6.1,72.0,1.591428571
846,Australian National University,BMP,Honours,6.83,68.0,1.655714286
847,Australian National University,CSP,Honours,6.76,66.0,1.625714286
848,Australian National University,CSP,Masters (coursework),7.0,69.0,1.69
849,Australian National University,CSP,,6.92,71.0,1.698571429
850,Australian National University,CSP,Masters (coursework),6.57,71.0,1.648571429
851,Australian National University,CSP,Honours,6.43,72.0,1.638571429
852,Australian National University,CSP,Honours,6.57,73.0,1.668571429
853,Australian National University,CSP,,6.57,74.0,1.678571429
854,Australian National University,CSP,,6.79,70.0,1.67
855,Australian National University,CSP,,6.89,73.0,1.714285714
856,Australian National University,CSP,,6.87,72.0,1.701428571
857,Australian National University,CSP,Masters (coursework),6.35,74.0,1.647142857
858,Australian National University,CSP,Honours,6.82,70.0,1.674285714
859,Australian National University,CSP,Honours,6.65,66.0,1.61
860,Australian National University,CSP,Masters (coursework),6.7,66.0,1.617142857
861,Australian National University,CSP,,6.61,79.0,1.734285714
862,Australian National University,CSP,Honours,6.42,70.0,1.617142857
875,Deakin University,BMP,,6.77,66.0,1.627142857
876,Deakin University,BMP,Honours,6.96,66.0,1.654285714
877,Deakin University,BMP,,6.84,69.0,1.667142857
878,Deakin University,BMP,,6.8,69.0,1.661428571
879,Deakin University,BMP,,6.6,69.0,1.632857143
880,Deakin University,BMP,,6.81,71.0,1.682857143
881,Deakin University,BMP,,6.88,69.0,1.672857143
882,Deakin University,BMP,,6.69,76.0,1.715714286
883,Deakin University,BMP,,6.91,73.0,1.717142857
884,Deakin University,BMP,,6.95,65.0,1.642857143
885,Deakin University,BMP,,6.8,61.0,1.581428571
886,Deakin University,CSP,,6.85,63.0,1.608571429
887,Deakin University,CSP,,6.96,68.0,1.674285714
888,Deakin University,CSP,,6.81,71.0,1.682857143
889,Deakin University,CSP,,6.94,67.0,1.661428571
891,Deakin University,CSP,,6.78,69.0,1.658571429
892,Deakin University,CSP,,6.36,65.0,1.558571429
893,Deakin University,CSP,Masters (coursework),6.22,76.0,1.648571429
894,Deakin University,CSP,,6.59,69.0,1.631428571
895,Deakin University,CSP,,6.56,73.0,1.667142857
896,Deakin University,CSP,Honours,6.68,68.0,1.634285714
897,Deakin University,CSP,,6.79,63.0,1.6
898,Deakin University,CSP,Honours,6.67,68.0,1.632857143
899,Deakin University,CSP,,6.92,67.0,1.658571429
900,Deakin University,CSP,,7.0,69.0,1.69
901,Deakin University,CSP,,6.77,70.0,1.667142857
902,Deakin University,CSP,,6.91,70.0,1.687142857
903,Deakin University,CSP,,6.68,73.0,1.684285714
913,Flinders University,BMP,,6.16,62.0,1.5
914,Flinders University,BMP,PhD,6.8,60.0,1.571428571
915,Flinders University,BMP,,5.85,62.0,1.455714286
916,Flinders University,BMP,,6.22,62.0,1.508571429
917,Flinders University,CSP,,5.83,63.0,1.462857143
918,Flinders University,CSP,,6.07,66.0,1.527142857
919,Flinders University,CSP,Honours,6.52,66.0,1.591428571
920,Flinders University,CSP,Honours,6.27,65.0,1.545714286
923,Griffith University,BMP,,6.85,65.0,1.628571429
924,Griffith University,BMP,,6.73,69.0,1.651428571
925,Griffith University,CSP,,6.84,69.0,1.667142857
926,Griffith University,CSP,,6.82,69.0,1.664285714
927,Griffith University,CSP,,6.62,72.0,1.665714286
928,Griffith University,CSP,,7.0,69.0,1.69
929,Griffith University,CSP,,6.85,70.0,1.678571429
930,Griffith University,CSP,,6.91,70.0,1.687142857
931,Griffith University,CSP,,6.94,72.0,1.711428571
932,Griffith University,CSP,,7.0,65.0,1.65
933,Griffith University,CSP,Honours,6.94,61.0,1.601428571
934,Griffith University,CSP,,6.96,66.0,1.654285714
935,Griffith University,CSP,,6.79,69.0,1.66
936,Griffith University,CSP,Honours,6.98,67.0,1.667142857
937,Griffith University,CSP,Honours,6.7,72.0,1.677142857
938,Griffith University,CSP,,6.73,72.0,1.681428571
939,Griffith University,CSP,,6.94,70.0,1.691428571
940,Griffith University,CSP,Honours,7.0,72.0,1.72
941,Griffith University,CSP,,6.78,69.0,1.658571429
942,Griffith University,CSP,,7.0,64.0,1.64
943,Griffith University,CSP,PhD,7.0,68.0,1.68
944,Griffith University,CSP,,6.98,66.0,1.657142857
945,Griffith University,CSP,,6.9,69.0,1.675714286
946,Griffith University,CSP,,6.97,67.0,1.665714286
947,Griffith University,CSP,Masters (coursework),6.69,68.0,1.635714286
970,University of Melbourne,BMP,,6.37,70.0,1.61
971,University of Melbourne,BMP,,7.0,64.0,1.64
972,University of Melbourne,BMP,,6.66,66.0,1.611428571
973,University of Melbourne,BMP,,6.55,66.0,1.595714286
974,University of Melbourne,BMP,,6.77,73.0,1.697142857
975,University of Melbourne,BMP,,6.83,68.0,1.655714286
976,University of Melbourne,CSP,,6.43,77.0,1.688571429
977,University of Melbourne,CSP,Honours,6.84,66.0,1.637142857
979,University of Melbourne,CSP,,6.88,72.0,1.702857143
980,University of Melbourne,CSP,,6.88,71.0,1.692857143
981,University of Melbourne,CSP,,6.8,70.0,1.671428571
982,University of Melbourne,CSP,,6.99,80.0,1.798571429
983,University of Melbourne,CSP,,6.98,72.0,1.717142857
984,University of Melbourne,CSP,,6.81,71.0,1.682857143
985,University of Melbourne,CSP,,6.83,76.0,1.735714286
986,University of Melbourne,CSP,,6.98,76.0,1.757142857
987,University of Melbourne,CSP,Masters,6.82,75.0,1.724285714
988,University of Melbourne,CSP,,6.82,70.0,1.674285714
989,University of Melbourne,CSP,,6.96,69.0,1.684285714
990,University of Melbourne,CSP,,6.3,74.0,1.64
991,University of Melbourne,CSP,,6.56,73.0,1.667142857
992,University of Melbourne,CSP,,6.7,69.0,1.647142857
993,University of Melbourne,CSP,,7.0,69.0,1.69
994,University of Melbourne,CSP,,6.8,70.0,1.671428571
995,University of Melbourne,CSP,,7.0,74.0,1.74
996,University of Melbourne,CSP,,6.49,71.0,1.637142857
997,University of Melbourne,CSP,,6.84,73.0,1.707142857
998,University of Melbourne,CSP,,6.65,73.0,1.68
999,University of Melbourne,CSP,,6.83,73.0,1.705714286
1001,University of Melbourne,CSP,,6.88,78.0,1.762857143
1002,University of Melbourne,CSP,,6.87,74.0,1.721428571
1003,University of Melbourne,CSP,Honours,6.74,72.0,1.682857143
1004,University of Melbourne,CSP,,6.7,71.0,1.667142857
1005,University of Melbourne,CSP,,6.98,71.0,1.707142857
1006,University of Melbourne,CSP,Honours,6.78,70.0,1.668571429
1007,University of Melbourne,CSP,,6.87,70.0,1.681428571
1008,University of Melbourne,CSP,,6.94,68.0,1.671428571
1009,University of Melbourne,CSP,,6.96,69.0,1.684285714
1010,University of Melbourne,CSP,,6.98,74.0,1.737142857
1011,University of Melbourne,CSP,,6.8,67.0,1.641428571
1012,University of Melbourne,CSP,,6.59,73.0,1.671428571
1013,University of Melbourne,CSP,Honours,6.62,70.0,1.645714286
1014,University of Melbourne,CSP,,6.91,66.0,1.647142857
1015,University of Melbourne,CSP,,6.98,68.0,1.677142857
1016,University of Melbourne,CSP,,7.0,71.0,1.71
1017,University of Melbourne,CSP,,6.97,76.0,1.755714286
1018,University of Melbourne,CSP,,7.0,69.0,1.69
1019,University of Melbourne,CSP,,6.7,72.0,1.677142857
1020,University of Melbourne,CSP,Masters (coursework),6.95,71.0,1.702857143
1021,University of Melbourne,CSP,,6.55,70.0,1.635714286
1022,University of Melbourne,CSP,,6.94,75.0,1.741428571
1023,University of Melbourne,CSP,,6.9,68.0,1.665714286
1024,University of Melbourne,CSP,,6.62,71.0,1.655714286
1025,University of Melbourne,CSP,,6.71,72.0,1.678571429
1026,University of Melbourne,CSP,,6.8,70.0,1.671428571
1050,University of Notre Dame Fremantle,BMP,,6.13,66.0,1.535714286
1051,University of Notre Dame Fremantle,BMP,,6.38,56.0,1.471428571
1052,University of Notre Dame Fremantle,BMP,Masters (coursework),6.38,69.0,1.601428571
1053,University of Notre Dame Fremantle,BMP,Masters (coursework),6.63,65.0,1.597142857
1054,University of Notre Dame Fremantle,BMP,,6.62,68.0,1.625714286
1055,University of Notre Dame Fremantle,CSP,,6.71,69.0,1.648571429
1056,University of Notre Dame Fremantle,CSP,,6.94,66.0,1.651428571
1057,University of Notre Dame Fremantle,CSP,Honours,6.33,67.0,1.574285714
1058,University of Notre Dame Fremantle,CSP,Masters (coursework),6.22,65.0,1.538571429
1059,University of Notre Dame Fremantle,CSP,Honours,6.78,63.0,1.598571429
1060,University of Notre Dame Fremantle,CSP,,6.6,72.0,1.662857143
1061,University of Notre Dame Fremantle,CSP,PhD,6.22,66.0,1.548571429
1062,University of Notre Dame Fremantle,CSP,Honours,6.96,64.0,1.634285714
1063,University of Notre Dame Fremantle,CSP,Honours,6.65,69.0,1.64
1064,University of Notre Dame Fremantle,CSP,Honours,6.3,64.0,1.54
1065,University of Notre Dame Fremantle,CSP,Masters (coursework),6.7,66.0,1.617142857
1066,University of Notre Dame Fremantle,CSP,,6.17,66.0,1.541428571
1067,University of Notre Dame Fremantle,CSP,Honours,6.66,64.0,1.591428571
1068,University of Notre Dame Fremantle,CSP,,6.69,59.0,1.545714286
1069,University of Notre Dame Fremantle,CSP,Honours,6.56,58.0,1.517142857
1074,University of Notre Dame Sydney,BMP,,6.93,65.0,1.64
1075,University of Notre Dame Sydney,BMP,Masters (coursework),6.8,60.0,1.571428571
1076,University of Notre Dame Sydney,BMP,,6.92,62.0,1.608571429
1080,University of Notre Dame Sydney,CSP,,6.86,67.0,1.65
1081,University of Notre Dame Sydney,CSP,,6.84,69.0,1.667142857
1082,University of Notre Dame Sydney,CSP,Masters (coursework),6.35,67.0,1.577142857
1083,University of Notre Dame Sydney,CSP,Honours,6.91,68.0,1.667142857
1084,University of Notre Dame Sydney,CSP,Honours,6.62,65.0,1.595714286
1085,University of Notre Dame Sydney,CSP,,6.64,64.0,1.588571429
1086,University of Notre Dame Sydney,CSP,Honours,6.31,71.0,1.611428571
1087,University of Notre Dame Sydney,CSP,Honours,6.53,67.0,1.602857143
1089,University of Notre Dame Sydney,CSP,,6.42,67.0,1.587142857
1090,University of Notre Dame Sydney,CSP,,6.5,64.0,1.568571429
1105,University of Queensland,BMP,,6.2,74.0,1.625714286
1106,University of Queensland,BMP,,6.3,74.0,1.64
1107,University of Queensland,BMP,,6.67,74.0,1.692857143
1108,University of Queensland,BMP,,5.6,74.0,1.54
1109,University of Queensland,BMP,,6.79,73.0,1.7
1110,University of Queensland,BMP,,6.5,74.0,1.668571429
1111,University of Queensland,CSP,,5.09,75.0,1.477142857
1112,University of Queensland,CSP,,6.5,75.0,1.678571429
1113,University of Queensland,CSP,Honours,7.0,77.0,1.77
1114,University of Queensland,CSP,,7.0,74.0,1.74
1115,University of Queensland,CSP,,6.57,76.0,1.698571429
1116,University of Queensland,CSP,,6.87,77.0,1.751428571
1117,University of Queensland,CSP,,6.72,76.0,1.72
1118,University of Queensland,CSP,Masters (coursework),7.0,75.0,1.75
1119,University of Queensland,CSP,,6.8,76.0,1.731428571
1120,University of Queensland,CSP,Honours,6.0,75.0,1.607142857
1121,University of Queensland,CSP,,6.6,76.0,1.702857143
1122,University of Queensland,CSP,,5.26,76.0,1.511428571
1123,University of Queensland,CSP,,5.66,70.0,1.508571429
1124,University of Queensland,CSP,,6.94,70.0,1.691428571
1125,University of Queensland,CSP,,7.0,75.0,1.75
1126,University of Queensland,CSP,,6.8,76.0,1.731428571
1127,University of Queensland,CSP,,6.17,79.0,1.671428571
1128,University of Queensland,CSP,,6.7,74.0,1.697142857
1129,University of Queensland,CSP,Honours,7.0,73.0,1.73
1130,University of Queensland,CSP,,6.99,74.0,1.738571429
1131,University of Queensland,CSP,,6.9,74.0,1.725714286
1132,University of Queensland,CSP,,6.88,74.0,1.722857143
1133,University of Queensland,CSP,,6.78,77.0,1.738571429
1152,University of Sydney,BMP,Masters (coursework),5.5,69.0,1.475714286
1153,University of Sydney,CSP,,6.32,69.0,1.592857143
1154,University of Sydney,CSP,,6.97,80.0,1.795714286
1155,University of Sydney,CSP,,5.88,73.0,1.57
1156,University of Sydney,CSP,,7.0,69.0,1.69
1157,University of Sydney,CSP,,5.75,76.0,1.581428571
1158,University of Sydney,CSP,,5.39,72.0,1.49
1159,University of Sydney,CSP,,5.52,72.0,1.508571429
1160,University of Sydney,CSP,Masters (coursework),5.16,69.0,1.427142857
1161,University of Sydney,CSP,,6.8,74.0,1.711428571
1162,University of Sydney,CSP,,6.46,71.0,1.632857143
1163,University of Sydney,CSP,,5.27,69.0,1.442857143
1164,University of Sydney,CSP,Honours,6.15,72.0,1.598571429
1165,University of Sydney,CSP,,6.64,69.0,1.638571429
1166,University of Sydney,CSP,Honours,5.68,76.0,1.571428571
1167,University of Sydney,CSP,Masters (coursework),5.98,70.0,1.554285714
1168,University of Sydney,CSP,,7.0,74.0,1.74
1169,University of Sydney,CSP,,6.56,76.0,1.697142857
1170,University of Sydney,CSP,,6.57,73.0,1.668571429
1171,University of Sydney,CSP,,5.63,69.0,1.494285714
1172,University of Sydney,CSP,Masters,5.23,69.0,1.437142857
1173,University of Sydney,CSP,Honours,6.78,70.0,1.668571429
1174,University of Sydney,CSP,Honours,6.84,83.0,1.807142857
1175,University of Sydney,CSP,Honours,6.84,87.0,1.847142857
1176,University of Sydney,CSP,,5.39,69.0,1.46
1177,University of Sydney,CSP,,6.96,69.0,1.684285714
1178,University of Sydney,CSP,Honours,5.91,70.0,1.544285714
1179,University of Sydney,CSP,,6.63,74.0,1.687142857
1180,University of Sydney,CSP,,6.73,69.0,1.651428571
1181,University of Sydney,CSP,Honours,5.65,72.0,1.527142857
1182,University of Sydney,CSP,Masters (coursework),5.4,71.0,1.481428571
1183,University of Sydney,CSP,,7.0,70.0,1.7
1184,University of Sydney,CSP,,6.5,76.0,1.688571429
1185,University of Sydney,CSP,Honours,5.0,71.0,1.424285714
1186,University of Sydney,CSP,Honours,6.2,74.0,1.625714286
1187,University of Sydney,CSP,,6.69,69.0,1.645714286
1188,University of Sydney,CSP,,6.84,73.0,1.707142857
1200,University of Western Australia,BMP,,7.0,68.0,1.68
1201,University of Western Australia,BMP,,6.95,72.0,1.712857143
1202,University of Western Australia,BMP,,6.18,80.0,1.682857143
1203,University of Western Australia,CSP,,6.9,66.0,1.645714286
1204,University of Western Australia,CSP,,6.95,67.0,1.662857143
1205,University of Western Australia,CSP,Honours,6.85,77.0,1.748571429
1208,University of Wollongong,BMP,,6.59,67.0,1.611428571
1209,University of Wollongong,BMP,,6.66,62.0,1.571428571
1210,University of Wollongong,BMP,,6.25,67.0,1.562857143
1211,University of Wollongong,CSP,,6.58,64.0,1.58
1212,University of Wollongong,CSP,Masters (coursework),6.65,67.0,1.62
1228,Australian National University,CSP,,6.48,67.0,1.595714286
1229,Australian National University,CSP,YES,6.83,65.0,1.625714286
1230,Australian National University,CSP,YES,6.88,71.0,1.692857143
1231,Australian National University,CSP,,7.0,63.0,1.63
1232,Australian National University,CSP,,6.6,71.0,1.652857143
1233,Australian National University,CSP,YES,6.77,66.0,1.627142857
1234,Australian National University,CSP,,6.84,67.0,1.647142857
1235,Australian National University,CSP,,6.9,69.0,1.675714286
1236,Australian National University,CSP,YES,6.75,70.0,1.664285714
1237,Australian National University,CSP,,6.94,64.0,1.631428571
1238,Australian National University,CSP,YES,6.75,58.0,1.544285714
1239,Australian National University,CSP,,7.0,63.0,1.63
1240,Australian National University,CSP,,6.44,73.0,1.65
1241,Australian National University,CSP,,6.75,66.0,1.624285714
1242,Australian National University,CSP,,6.33,72.0,1.624285714
1243,Australian National University,CSP,,6.44,73.0,1.65
1244,Australian National University,CSP,,6.22,72.0,1.608571429
1245,Australian National University,CSP,YES,6.56,70.0,1.637142857
1246,Australian National University,CSP,,6.84,67.0,1.647142857
1247,Australian National University,CSP,YES,6.95,70.0,1.692857143
1255,Deakin University,BMP,,6.84,70.0,1.677142857
1256,Deakin University,BMP,,6.86,65.0,1.63
1257,Deakin University,BMP,,6.82,67.0,1.644285714
1258,Deakin University,CSP,,6.43,69.0,1.608571429
1259,Deakin University,CSP,,6.89,65.0,1.634285714
1260,Deakin University,CSP,,6.76,68.0,1.645714286
1261,Deakin University,CSP,,6.81,64.0,1.612857143
1262,Deakin University,CSP,,6.38,64.0,1.551428571
1263,Deakin University,CSP,,6.92,68.0,1.668571429
1264,Deakin University,CSP,YES,6.9,67.0,1.655714286
1265,Deakin University,CSP,,7.0,68.0,1.68
1266,Deakin University,CSP,,6.9,66.0,1.645714286
1267,Deakin University,CSP,,7.0,63.0,1.63
1268,Deakin University,CSP,,6.82,73.0,1.704285714
1269,Deakin University,CSP,,6.77,71.0,1.677142857
1270,Deakin University,CSP,,6.66,64.0,1.591428571
1271,Deakin University,CSP,,6.97,68.0,1.675714286
1272,Deakin University,CSP,,6.0,71.0,1.567142857
1273,Deakin University,CSP,YES,6.57,66.0,1.598571429
1274,Deakin University,CSP,,6.67,72.0,1.672857143
1275,Deakin University,CSP,,6.49,65.0,1.577142857
1276,Deakin University,CSP,,7.0,70.0,1.7
1277,Deakin University,CSP,,7.0,65.0,1.65
1278,Deakin University,CSP,,6.61,69.0,1.634285714
1279,Deakin University,CSP,,6.88,70.0,1.682857143
1280,Deakin University,CSP,,6.98,57.0,1.567142857
1281,Deakin University,CSP,,7.0,68.0,1.68
1282,Deakin University,CSP,,7.0,68.0,1.68
1283,Deakin University,CSP,,6.55,68.0,1.615714286
1284,Deakin University,CSP,,6.46,71.0,1.632857143
1285,Deakin University,CSP,,6.83,66.0,1.635714286
1286,Deakin University,CSP,,6.85,69.0,1.668571429
1287,Deakin University,CSP,,6.58,71.0,1.65
1297,Flinders University,CSP,,6.0,78.0,1.637142857
1298,Flinders University,CSP,,5.3,69.0,1.447142857
1299,Flinders University,CSP,,6.0,77.0,1.627142857
1300,Flinders University,CSP,,6.8,67.0,1.641428571
1301,Flinders University,CSP,,6.75,73.0,1.694285714
1302,Flinders University,Other,,5.5,65.0,1.435714286
1303,Flinders University,Other,YES,6.63,81.0,1.757142857
1304,Flinders University,Other,,6.0,63.0,1.487142857
1305,Flinders University,Other,,6.17,68.0,1.561428571
1306,Flinders University,Other,YES,6.2,61.0,1.495714286
1309,Griffith University,BMP,,6.28,72.0,1.617142857
1310,Griffith University,BMP,,6.52,71.0,1.641428571
1311,Griffith University,BMP,,6.77,66.0,1.627142857
1312,Griffith University,BMP,,6.63,68.0,1.627142857
1313,Griffith University,CSP,,6.87,65.0,1.631428571
1314,Griffith University,CSP,,6.88,66.0,1.642857143
1315,Griffith University,CSP,,6.76,67.0,1.635714286
1316,Griffith University,CSP,,6.8,68.0,1.651428571
1317,Griffith University,CSP,,6.39,70.0,1.612857143
1318,Griffith University,CSP,,6.95,71.0,1.702857143
1319,Griffith University,CSP,,6.67,68.0,1.632857143
1320,Griffith University,CSP,,7.0,62.0,1.62
1321,Griffith University,CSP,,6.88,67.0,1.652857143
1322,Griffith University,CSP,,6.68,72.0,1.674285714
1323,Griffith University,CSP,,6.62,69.0,1.635714286
1324,Griffith University,CSP,,6.9,67.0,1.655714286
1325,Griffith University,CSP,,6.67,68.0,1.632857143
1326,Griffith University,CSP,,6.21,71.0,1.597142857
1327,Griffith University,CSP,,6.94,66.0,1.651428571
1328,Griffith University,CSP,,6.92,68.0,1.668571429
1329,Griffith University,CSP,,7.0,66.0,1.66
1330,Griffith University,CSP,,6.67,68.0,1.632857143
1331,Griffith University,CSP,,6.96,66.0,1.654285714
1332,Griffith University,CSP,,6.83,67.0,1.645714286
1333,Griffith University,Other,,6.86,69.0,1.67
1334,Griffith University,Other,,6.71,67.0,1.628571429
1340,Monash University,BMP,,6.9,,0.985714286
1341,Monash University,CSP,,7.0,,1.0
1342,Monash University,CSP,,6.99,,0.998571429
1343,Monash University,CSP,,6.97,,0.995714286
1344,Monash University,CSP,,6.0,,0.857142857
1345,Monash University,CSP,YES,6.88,,0.982857143
1347,Monash University,CSP,,6.67,,0.952857143
1348,Monash University,CSP,,6.88,,0.982857143
1349,Monash University,CSP,,7.0,,1.0
1352,University of Melbourne,BMP,,6.97,72.0,1.715714286
1353,University of Melbourne,BMP,,6.4,76.0,1.674285714
1354,University of Melbourne,BMP,,6.75,69.0,1.654285714
1355,University of Melbourne,BMP,,6.96,71.0,1.704285714
1356,University of Melbourne,BMP,,6.96,69.0,1.684285714
1357,University of Melbourne,BMP,,6.93,74.0,1.73
1358,University of Melbourne,BMP,YES,6.9,69.0,1.675714286
1359,University of Melbourne,BMP,,6.75,68.0,1.644285714
1360,University of Melbourne,BMP,,6.74,70.0,1.662857143
1361,University of Melbourne,BMP,YES,6.97,71.0,1.705714286
1362,University of Melbourne,BMP,,6.75,70.0,1.664285714
1363,University of Melbourne,BMP,,6.84,71.0,1.687142857
1364,University of Melbourne,CSP,,6.85,70.0,1.678571429
1365,University of Melbourne,CSP,,6.67,78.0,1.732857143
1366,University of Melbourne,CSP,,7.0,74.0,1.74
1367,University of Melbourne,CSP,,6.98,78.0,1.777142857
1368,University of Melbourne,CSP,,6.49,76.0,1.687142857
1369,University of Melbourne,CSP,YES,6.64,73.0,1.678571429
1370,University of Melbourne,CSP,,6.94,75.0,1.741428571
1371,University of Melbourne,CSP,,7.0,77.0,1.77
1372,University of Melbourne,CSP,,6.91,70.0,1.687142857
1373,University of Melbourne,CSP,YES,6.67,73.0,1.682857143
1374,University of Melbourne,CSP,,6.76,70.0,1.665714286
1375,University of Melbourne,CSP,,6.51,81.0,1.74
1376,University of Melbourne,CSP,,6.93,72.0,1.71
1377,University of Melbourne,CSP,YES,6.32,74.0,1.642857143
1378,University of Melbourne,CSP,,6.81,67.0,1.642857143
1379,University of Melbourne,CSP,,6.96,69.0,1.684285714
1380,University of Melbourne,CSP,,6.38,77.0,1.681428571
1381,University of Melbourne,CSP,,6.71,76.0,1.718571429
1382,University of Melbourne,CSP,,6.6,70.0,1.642857143
1383,University of Melbourne,CSP,,6.39,73.0,1.642857143
1384,University of Melbourne,CSP,,6.58,70.0,1.64
1385,University of Melbourne,CSP,,6.72,71.0,1.67
1387,University of Melbourne,CSP,,6.81,69.0,1.662857143
1388,University of Melbourne,CSP,,6.84,74.0,1.717142857
1389,University of Melbourne,CSP,,7.0,71.0,1.71
1390,University of Melbourne,CSP,,6.97,71.0,1.705714286
1391,University of Melbourne,CSP,,6.75,70.0,1.664285714
1392,University of Melbourne,CSP,,6.94,70.0,1.691428571
1393,University of Melbourne,CSP,,6.89,75.0,1.734285714
1394,University of Melbourne,CSP,,7.0,69.0,1.69
1395,University of Melbourne,CSP,,6.92,72.0,1.708571429
1396,University of Melbourne,CSP,,6.96,70.0,1.694285714
1397,University of Melbourne,CSP,,7.0,71.0,1.71
1398,University of Melbourne,CSP,,6.98,69.0,1.687142857
1399,University of Melbourne,CSP,,6.88,68.0,1.662857143
1400,University of Melbourne,CSP,,6.85,68.0,1.658571429
1401,University of Melbourne,CSP,,6.86,67.0,1.65
1402,University of Melbourne,CSP,,6.95,76.0,1.752857143
1427,University of New England,CSP,,6.0,96.0,1.817142857
1428,University of Notre Dame Fremantle,BMP,,6.81,61.0,1.582857143
1429,University of Notre Dame Fremantle,BMP,,6.75,60.0,1.564285714
1430,University of Notre Dame Fremantle,BMP,,6.5,63.0,1.558571429
1431,University of Notre Dame Fremantle,BMP,,6.32,66.0,1.562857143
1432,University of Notre Dame Fremantle,CSP,,6.04,67.0,1.532857143
1433,University of Notre Dame Fremantle,CSP,,6.78,57.0,1.538571429
1434,University of Notre Dame Fremantle,CSP,,6.85,63.0,1.608571429
1435,University of Notre Dame Fremantle,CSP,,6.5,63.0,1.558571429
1436,University of Notre Dame Fremantle,CSP,YES,6.52,70.0,1.631428571
1437,University of Notre Dame Fremantle,CSP,,6.5,60.0,1.528571429
1438,University of Notre Dame Fremantle,CSP,,6.76,62.0,1.585714286
1439,University of Notre Dame Fremantle,CSP,,6.04,60.0,1.462857143
1440,University of Notre Dame Fremantle,CSP,,6.3,65.0,1.55
1441,University of Notre Dame Fremantle,CSP,,6.2,60.0,1.485714286
1442,University of Notre Dame Fremantle,CSP,,6.0,61.0,1.467142857
1443,University of Notre Dame Fremantle,CSP,YES,6.72,68.0,1.64
1444,University of Notre Dame Fremantle,CSP,YES,6.22,65.0,1.538571429
1455,University of Notre Dame Sydney,BMP,YES,6.11,63.0,1.502857143
1456,University of Notre Dame Sydney,BMP,,6.01,71.0,1.568571429
1457,University of Notre Dame Sydney,BMP,YES,6.8,64.0,1.611428571
1458,University of Notre Dame Sydney,BMP,,6.22,67.0,1.558571429
1459,University of Notre Dame Sydney,BMP,,6.94,69.0,1.681428571
1460,University of Notre Dame Sydney,CSP,,6.38,68.0,1.591428571
1461,University of Notre Dame Sydney,CSP,YES,6.31,65.0,1.551428571
1462,University of Notre Dame Sydney,CSP,,6.12,62.0,1.494285714
1463,University of Notre Dame Sydney,CSP,,6.69,64.0,1.595714286
1464,University of Notre Dame Sydney,CSP,,6.61,72.0,1.664285714
1465,University of Notre Dame Sydney,CSP,,6.79,60.0,1.57
1466,University of Notre Dame Sydney,CSP,YES,6.61,65.0,1.594285714
1467,University of Notre Dame Sydney,CSP,,5.97,69.0,1.542857143
1468,University of Notre Dame Sydney,CSP,,6.61,60.0,1.544285714
1469,University of Notre Dame Sydney,CSP,YES,6.89,60.0,1.584285714
1471,University of Notre Dame Sydney,CSP,,6.88,58.0,1.562857143
1490,University of Queensland,BMP,,6.56,74.0,1.677142857
1491,University of Queensland,BMP,,6.2,73.0,1.615714286
1492,University of Queensland,BMP,,5.21,73.0,1.474285714
1493,University of Queensland,BMP,YES,7.0,75.0,1.75
1494,University of Queensland,BMP,,6.0,73.0,1.587142857
1495,University of Queensland,BMP,,7.0,73.0,1.73
1496,University of Queensland,BMP,,6.55,73.0,1.665714286
1497,University of Queensland,CSP,,6.23,76.0,1.65
1498,University of Queensland,CSP,,6.63,81.0,1.757142857
1504,University of Sydney,CSP,YES,6.42,69.0,1.607142857
1505,University of Sydney,CSP,,6.1,68.0,1.551428571
1506,University of Sydney,CSP,,5.57,72.0,1.515714286
1507,University of Sydney,CSP,,6.97,71.0,1.705714286
1508,University of Sydney,CSP,,5.52,68.0,1.468571429
1509,University of Sydney,CSP,,6.08,77.0,1.638571429
1510,University of Sydney,CSP,,6.83,75.0,1.725714286
1511,University of Sydney,CSP,YES,6.72,68.0,1.64
1512,University of Sydney,CSP,,5.95,68.0,1.53
1513,University of Sydney,CSP,,5.87,76.0,1.598571429
1514,University of Sydney,CSP,YES,6.63,81.0,1.757142857
1515,University of Sydney,CSP,,7.0,73.0,1.73
1516,University of Sydney,CSP,,6.0,72.0,1.577142857
1517,University of Sydney,CSP,,6.82,70.0,1.674285714
1518,University of Sydney,CSP,,6.02,70.0,1.56
1519,University of Sydney,CSP,,5.6,71.0,1.51
1520,University of Sydney,CSP,,5.21,69.0,1.434285714
1521,University of Sydney,CSP,,6.75,76.0,1.724285714
1522,University of Sydney,CSP,,6.4,76.0,1.674285714
1523,University of Sydney,CSP,,6.4,70.0,1.614285714
1524,University of Sydney,CSP,,6.98,70.0,1.697142857
1525,University of Sydney,CSP,,5.21,71.0,1.454285714
1526,University of Sydney,CSP,,5.8,76.0,1.588571429
1527,University of Sydney,CSP,,5.0,73.0,1.444285714
1528,University of Sydney,CSP,,6.83,69.0,1.665714286
1529,University of Sydney,CSP,,6.76,75.0,1.715714286
1530,University of Sydney,CSP,,6.0,77.0,1.627142857
1531,University of Sydney,CSP,,6.0,75.0,1.607142857
1532,University of Sydney,CSP,,5.64,85.0,1.655714286
1533,University of Sydney,CSP,,5.6,68.0,1.48
1534,University of Sydney,CSP,,6.85,68.0,1.658571429
1535,University of Sydney,CSP,,7.0,84.0,1.84
1536,University of Sydney,CSP,,5.7,72.0,1.534285714
1537,University of Sydney,CSP,,6.5,72.0,1.648571429
1538,University of Sydney,CSP,YES,5.96,68.0,1.531428571
1539,University of Sydney,CSP,,5.62,70.0,1.502857143
1540,University of Sydney,CSP,,6.47,80.0,1.724285714
1541,University of Sydney,CSP,,5.86,72.0,1.557142857
1571,University of Western Australia,BMP,,6.29,72.0,1.618571429
1572,University of Western Australia,BMP,YES,6.56,69.0,1.627142857
1573,University of Western Australia,BMP,,6.92,67.0,1.658571429
1574,University of Western Australia,BMP,,6.7,68.0,1.637142857
1575,University of Western Australia,BMP,,6.67,68.0,1.632857143
1576,University of Western Australia,BMP,,6.98,67.0,1.667142857
1577,University of Western Australia,BMP,,6.81,66.0,1.632857143
1578,University of Western Australia,BMP,,6.81,68.0,1.652857143
1579,University of Western Australia,BMP,,6.42,70.0,1.617142857
1580,University of Western Australia,BMP,,6.95,70.0,1.692857143
1581,University of Western Australia,BMP,,6.79,65.0,1.62
1582,University of Western Australia,CSP,,6.7,68.0,1.637142857
1583,University of Western Australia,CSP,,6.96,63.0,1.624285714
1584,University of Western Australia,CSP,,7.0,67.0,1.67
1585,University of Western Australia,CSP,,6.7,68.0,1.637142857
1586,University of Western Australia,CSP,,7.0,70.0,1.7
1587,University of Western Australia,CSP,,6.94,74.0,1.731428571
1588,University of Western Australia,CSP,,6.96,68.0,1.674285714
1589,University of Western Australia,CSP,,6.69,68.0,1.635714286
1590,University of Western Australia,CSP,,6.98,75.0,1.747142857
1600,University of Wollongong,CSP,,6.86,60.0,1.58
1601,University of Wollongong,CSP,,6.18,61.0,1.492857143
1602,University of Wollongong,CSP,,6.5,55.0,1.478571429
1603,University of Wollongong,CSP,YES,6.8,65.0,1.621428571
1604,University of Wollongong,CSP,,6.5,55.0,1.478571429
1605,University of Wollongong,CSP,,6.5,55.0,1.478571429
1634,Australian National University,CSP,Honours,6.68,66.0,1.614285714
1635,Australian National University,CSP,Honours,6.7,66.0,1.617142857
1636,Australian National University,CSP,Honours,6.8,66.0,1.631428571
1637,Australian National University,CSP,Honours,6.98,66.0,1.657142857
1638,Australian National University,CSP,,6.25,66.0,1.552857142
1639,Australian National University,CSP,,6.31,68.0,1.581428571
1640,Australian National University,CSP,,6.38,68.0,1.591428571
1641,Australian National University,CSP,,6.79,64.0,1.61
1642,Australian National University,CSP,,6.6,68.0,1.622857142
1643,Australian National University,CSP,,6.83,65.0,1.625714285
1644,Australian National University,CSP,,6.7,67.0,1.627142857
1645,Australian National University,CSP,,6.7,69.0,1.647142857
1646,Australian National University,CSP,,6.96,69.0,1.684285714
1647,Australian National University,CSP,,6.96,69.0,1.684285714
1650,Australian National University,CSP,PhD,6.75,62.0,1.584285714
1651,Australian National University,CSP,PhD,7.0,66.0,1.66
1656,Deakin University,BMP,Masters (coursework),6.62,64.0,1.585714285
1657,Deakin University,BMP,,6.8,61.0,1.581428571
1658,Deakin University,BMP,,6.77,62.0,1.587142857
1659,Deakin University,BMP,,6.81,66.0,1.632857142
1660,Deakin University,CSP,Honours,6.41,69.0,1.605714285
1661,Deakin University,CSP,Honours,6.67,67.0,1.622857142
1662,Deakin University,CSP,Masters (coursework),6.96,67.0,1.664285714
1663,Deakin University,CSP,,6.55,63.0,1.565714285
1664,Deakin University,CSP,,6.99,58.0,1.578571428
1665,Deakin University,CSP,,6.75,62.0,1.584285714
1666,Deakin University,CSP,,6.66,65.0,1.601428571
1667,Deakin University,CSP,,6.82,64.0,1.614285714
1668,Deakin University,CSP,,6.96,63.0,1.624285714
1669,Deakin University,CSP,,6.7,67.0,1.627142857
1670,Deakin University,CSP,,6.74,67.0,1.632857142
1671,Deakin University,CSP,,6.88,65.0,1.632857142
1672,Deakin University,CSP,,6.93,70.0,1.69
1673,Deakin University,CSP,,7.0,69.0,1.69
1674,Deakin University,Othe,,6.8,60.0,1.571428571
1675,Deakin University,Othe,,6.35,70.0,1.607142857
1676,Deakin University,Othe,,6.9,63.0,1.615714285
1677,Deakin University,Othe,,6.88,64.0,1.622857142
1678,Deakin University,Othe,,6.86,65.0,1.63
1679,Deakin University,Othe,,6.77,68.0,1.647142857
1680,Deakin University,Othe,,6.96,67.0,1.664285714
1689,Flinders University,BMP,Honours,6.2,62.0,1.505714285
1691,Flinders University,CSP,,5.74,63.0,1.45
1692,Flinders University,CSP,,6.42,63.0,1.547142857
1693,Flinders University,CSP,,6.33,66.0,1.564285714
1694,Flinders University,CSP,,6.75,66.0,1.624285714
1695,Flinders University,CSP,,6.5,70.0,1.628571428
1696,Flinders University,CSP,,6.5,70.0,1.628571428
1697,Flinders University,CSP,,6.5,70.0,1.628571428
1698,Flinders University,CSP,,6.79,68.0,1.65
1699,Flinders University,CSP,,6.87,72.0,1.701428571
1700,Flinders University,CSP,,6.87,72.0,1.701428571
1701,Flinders University,CSP,,6.96,66.0,1.654285714
1702,Flinders University,Othe,Honours,5.8,66.0,1.488571428
1703,Flinders University,Othe,,5.7,60.0,1.414285714
1704,Flinders University,Othe,,6.33,64.0,1.544285714
1705,Flinders University,Othe,,6.32,67.0,1.572857142
1706,Flinders University,Othe,,6.68,70.0,1.654285714
1707,Flinders University,Othe,,6.68,70.0,1.654285714
1708,Flinders University,Othe,,6.68,70.0,1.654285714
1711,Griffith University,BMP,,6.94,61.0,1.601428571
1712,Griffith University,BMP,,6.82,69.0,1.664285714
1714,Griffith University,CSP,Honours,6.76,65.0,1.615714285
1715,Griffith University,CSP,Honours,6.55,69.0,1.625714285
1716,Griffith University,CSP,Honours,6.55,69.0,1.625714285
1717,Griffith University,CSP,,6.55,64.0,1.575714285
1718,Griffith University,CSP,,6.45,66.0,1.581428571
1719,Griffith University,CSP,,6.85,61.0,1.588571428
1720,Griffith University,CSP,,7.0,59.0,1.59
1721,Griffith University,CSP,,6.9,61.0,1.595714285
1722,Griffith University,CSP,,6.84,62.0,1.597142857
1723,Griffith University,CSP,,6.93,61.0,1.6
1724,Griffith University,CSP,,6.58,66.0,1.6
1725,Griffith University,CSP,,6.53,67.0,1.602857142
1726,Griffith University,CSP,,6.8,64.0,1.611428571
1727,Griffith University,CSP,,6.67,66.0,1.612857142
1728,Griffith University,CSP,,6.65,67.0,1.62
1729,Griffith University,CSP,,6.79,65.0,1.62
1730,Griffith University,CSP,,6.85,65.0,1.628571428
1731,Griffith University,CSP,,6.81,66.0,1.632857142
1732,Griffith University,CSP,,6.85,67.0,1.648571428
1733,Griffith University,CSP,,6.93,67.0,1.66
1734,Griffith University,CSP,,6.88,69.0,1.672857142
1735,Griffith University,CSP,PhD,7.0,61.0,1.61
1736,Griffith University,Othe,,6.68,65.0,1.604285714
1737,Griffith University,Othe,,6.9,62.0,1.605714285
1738,Griffith University,Othe,,6.98,65.0,1.647142857
1739,Griffith University,Othe,,6.98,66.0,1.657142857
1741,Monash University,BMP,Honours,6.45,63.0,1.551428571
1742,Monash University,BMP,Honours,5.99,70.0,1.555714285
1743,Monash University,BMP,Honours,6.59,67.0,1.611428571
1744,Monash University,BMP,,6.15,69.0,1.568571428
1745,Monash University,CSP,,5.73,69.0,1.508571428
1746,Monash University,CSP,,6.5,60.0,1.528571428
1747,Monash University,CSP,,5.95,69.0,1.54
1748,Monash University,CSP,,6.19,69.0,1.574285714
1749,Monash University,CSP,,6.0,72.0,1.577142857
1750,Monash University,CSP,,6.32,68.0,1.582857142
1751,Monash University,CSP,,6.32,68.0,1.582857142
1752,Monash University,CSP,,6.0,74.0,1.597142857
1753,Monash University,CSP,,6.38,70.0,1.611428571
1754,Monash University,CSP,,6.14,75.0,1.627142857
1755,Monash University,CSP,,6.26,74.0,1.634285714
1756,Monash University,CSP,,6.85,72.0,1.698571428
1766,University of Melbourne,BMP,Honours,6.8,67.0,1.641428571
1768,University of Melbourne,BMP,,6.33,67.0,1.574285714
1769,University of Melbourne,BMP,,6.36,68.0,1.588571428
1770,University of Melbourne,BMP,,6.84,63.0,1.607142857
1771,University of Melbourne,BMP,,6.7,67.0,1.627142857
1772,University of Melbourne,BMP,,6.8,67.0,1.641428571
1773,University of Melbourne,BMP,,6.74,68.0,1.642857142
1774,University of Melbourne,BMP,,6.99,65.0,1.648571428
1775,University of Melbourne,BMP,,6.7,70.0,1.657142857
1776,University of Melbourne,BMP,,6.85,68.0,1.658571428
1777,University of Melbourne,BMP,,7.0,66.0,1.66
1778,University of Melbourne,BMP,,6.94,68.0,1.671428571
1779,University of Melbourne,BMP,,6.77,72.0,1.687142857
1780,University of Melbourne,BMP,,6.77,72.0,1.687142857
1781,University of Melbourne,CSP,Masters (coursework),6.66,72.0,1.671428571
1783,University of Melbourne,CSP,,6.99,60.0,1.598571428
1784,University of Melbourne,CSP,,7.0,60.0,1.6
1785,University of Melbourne,CSP,,6.64,69.0,1.638571428
1786,University of Melbourne,CSP,,6.44,72.0,1.64
1787,University of Melbourne,CSP,,6.9,66.0,1.645714285
1788,University of Melbourne,CSP,,6.85,67.0,1.648571428
1789,University of Melbourne,CSP,,6.72,69.0,1.65
1790,University of Melbourne,CSP,,6.53,72.0,1.652857142
1791,University of Melbourne,CSP,,6.68,70.0,1.654285714
1792,University of Melbourne,CSP,,6.68,70.0,1.654285714
1793,University of Melbourne,CSP,,6.62,71.0,1.655714285
1794,University of Melbourne,CSP,,6.78,69.0,1.658571428
1795,University of Melbourne,CSP,,6.3,76.0,1.66
1796,University of Melbourne,CSP,,6.78,70.0,1.668571428
1797,University of Melbourne,CSP,,6.94,68.0,1.671428571
1798,University of Melbourne,CSP,,6.98,68.0,1.677142857
1799,University of Melbourne,CSP,,6.8,73.0,1.701428571
1800,University of Melbourne,CSP,,6.88,72.0,1.702857142
1801,University of Melbourne,CSP,,6.97,71.0,1.705714285
1802,University of Melbourne,CSP,,6.86,73.0,1.71
1803,University of Melbourne,CSP,,6.98,72.0,1.717142857
1804,University of Melbourne,CSP,,6.57,78.0,1.718571428
1805,University of Melbourne,CSP,,6.99,72.0,1.718571428
1806,University of Melbourne,CSP,,6.9,74.0,1.725714285
1807,University of Melbourne,CSP,,6.93,74.0,1.73
1808,University of Melbourne,CSP,,6.97,74.0,1.735714285
1809,University of Melbourne,CSP,,6.91,75.0,1.737142857
1810,University of Melbourne,CSP,,6.91,75.0,1.737142857
1811,University of Melbourne,CSP,,6.89,76.0,1.744285714
1812,University of Melbourne,CSP,,6.9,76.0,1.745714285
1813,University of Melbourne,CSP,,7.0,75.0,1.75
1814,University of Melbourne,CSP,,6.96,76.0,1.754285714
1815,University of Melbourne,CSP,,7.0,77.0,1.77
1816,University of Melbourne,CSP,,7.0,77.0,1.77
1842,University of Notre Dame Fremantle,BMP,,6.9,60.0,1.585714285
1843,University of Notre Dame Fremantle,BMP,,6.87,63.0,1.611428571
1844,University of Notre Dame Fremantle,CSP,Honours,5.8,69.0,1.518571428
1845,University of Notre Dame Fremantle,CSP,Honours,6.8,62.0,1.591428571
1846,University of Notre Dame Fremantle,CSP,Honours,6.9,61.0,1.595714285
1848,University of Notre Dame Fremantle,CSP,Masters (coursework),6.19,66.0,1.544285714
1849,University of Notre Dame Fremantle,CSP,Masters (coursework),6.88,66.0,1.642857142
1850,University of Notre Dame Fremantle,CSP,,6.48,61.0,1.535714285
1851,University of Notre Dame Fremantle,CSP,,6.47,62.0,1.544285714
1852,University of Notre Dame Fremantle,CSP,,6.48,64.0,1.565714285
1853,University of Notre Dame Fremantle,CSP,,6.72,63.0,1.59
1854,University of Notre Dame Fremantle,CSP,,6.8,62.0,1.591428571
1863,University of Notre Dame Sydney,BMP,Honours,6.47,63.0,1.554285714
1864,University of Notre Dame Sydney,CSP,Honours,6.21,65.0,1.537142857
1865,University of Notre Dame Sydney,CSP,Honours,6.21,65.0,1.537142857
1866,University of Notre Dame Sydney,CSP,Honours,6.9,62.0,1.605714285
1867,University of Notre Dame Sydney,CSP,Masters (research),6.71,64.0,1.598571428
1868,University of Notre Dame Sydney,CSP,,6.59,58.0,1.521428571
1869,University of Notre Dame Sydney,CSP,,6.59,58.0,1.521428571
1870,University of Notre Dame Sydney,CSP,,6.22,65.0,1.538571428
1871,University of Notre Dame Sydney,CSP,,6.22,65.0,1.538571428
1872,University of Notre Dame Sydney,CSP,,6.56,62.0,1.557142857
1873,University of Notre Dame Sydney,CSP,,6.44,65.0,1.57
1874,University of Notre Dame Sydney,CSP,,6.76,62.0,1.585714285
1875,University of Notre Dame Sydney,CSP,,6.64,65.0,1.598571428
1876,University of Notre Dame Sydney,CSP,,6.59,66.0,1.601428571
1877,University of Notre Dame Sydney,CSP,,6.82,66.0,1.634285714
1904,University of Queensland,BMP,Honours,6.0,68.0,1.537142857
1905,University of Queensland,BMP,Honours,6.48,69.0,1.615714285
1906,University of Queensland,BMP,Honours,6.7,68.0,1.637142857
1907,University of Queensland,BMP,,5.63,70.0,1.504285714
1908,University of Queensland,BMP,,5.64,70.0,1.505714285
1909,University of Queensland,BMP,,6.19,69.0,1.574285714
1910,University of Queensland,BMP,,6.25,69.0,1.582857142
1911,University of Queensland,BMP,,6.29,69.0,1.588571428
1912,University of Queensland,BMP,,6.79,69.0,1.66
1913,University of Queensland,BMP,,6.96,68.0,1.674285714
1914,University of Queensland,BMP,,7.0,68.0,1.68
1915,University of Queensland,CSP,Honours,6.54,74.0,1.674285714
1916,University of Queensland,CSP,Honours,6.54,74.0,1.674285714
1917,University of Queensland,CSP,Masters (coursework),6.8,74.0,1.711428571
1918,University of Queensland,CSP,,5.2,70.0,1.442857142
1919,University of Queensland,CSP,,6.2,60.0,1.485714285
1920,University of Queensland,CSP,,5.4,72.0,1.491428571
1921,University of Queensland,CSP,,5.4,72.0,1.491428571
1922,University of Queensland,CSP,,5.77,73.0,1.554285714
1923,University of Queensland,CSP,,6.0,72.0,1.577142857
1924,University of Queensland,CSP,,6.2,72.0,1.605714285
1925,University of Queensland,CSP,,6.76,70.0,1.665714285
1926,University of Queensland,CSP,,6.7,71.0,1.667142857
1927,University of Queensland,CSP,,6.56,74.0,1.677142857
1928,University of Queensland,CSP,,6.8,76.0,1.731428571
1929,University of Queensland,CSP,,6.4,95.0,1.864285714
1930,University of Queensland,CSP,PhD,7.0,79.0,1.79
1945,University of Sydney,BMP,Honours,6.3,72.0,1.62
1946,University of Sydney,BMP,,5.5,67.0,1.455714285
1947,University of Sydney,BMP,,5.56,69.0,1.484285714
1948,University of Sydney,BMP,,5.61,71.0,1.511428571
1949,University of Sydney,BMP,,5.61,71.0,1.511428571
1950,University of Sydney,BMP,,6.0,67.0,1.527142857
1951,University of Sydney,BMP,,5.32,78.0,1.54
1952,University of Sydney,BMP,,5.32,78.0,1.54
1953,University of Sydney,BMP,,5.92,70.0,1.545714285
1954,University of Sydney,BMP,,6.23,70.0,1.59
1955,University of Sydney,BMP,,6.23,70.0,1.59
1956,University of Sydney,BMP,,6.72,68.0,1.64
1957,University of Sydney,CSP,Honours,6.22,68.0,1.568571428
1958,University of Sydney,CSP,Honours,5.94,72.0,1.568571428
1959,University of Sydney,CSP,Honours,6.35,72.0,1.627142857
1960,University of Sydney,CSP,Honours,6.24,74.0,1.631428571
1961,University of Sydney,CSP,Honours,6.74,69.0,1.652857142
1962,University of Sydney,CSP,Honours,6.56,72.0,1.657142857
1963,University of Sydney,CSP,Honours,6.41,76.0,1.675714285
1964,University of Sydney,CSP,Masters (coursework),6.08,68.0,1.548571428
1965,University of Sydney,CSP,,5.21,68.0,1.424285714
1966,University of Sydney,CSP,,5.5,68.0,1.465714285
1967,University of Sydney,CSP,,5.12,74.0,1.471428571
1968,University of Sydney,CSP,,5.47,69.0,1.471428571
1969,University of Sydney,CSP,,5.7,69.0,1.504285714
1970,University of Sydney,CSP,,6.02,66.0,1.52
1971,University of Sydney,CSP,,5.35,76.0,1.524285714
1972,University of Sydney,CSP,,5.56,73.0,1.524285714
1973,University of Sydney,CSP,,5.5,74.0,1.525714285
1974,University of Sydney,CSP,,5.94,68.0,1.528571428
1975,University of Sydney,CSP,,5.83,70.0,1.532857142
1976,University of Sydney,CSP,,5.81,71.0,1.54
1977,University of Sydney,CSP,,5.77,74.0,1.564285714
1978,University of Sydney,CSP,,5.7,76.0,1.574285714
1979,University of Sydney,CSP,,6.27,70.0,1.595714285
1980,University of Sydney,CSP,,6.07,74.0,1.607142857
1981,University of Sydney,CSP,,6.58,67.0,1.61
1982,University of Sydney,CSP,,6.64,68.0,1.628571428
1983,University of Sydney,CSP,,6.65,68.0,1.63
1984,University of Sydney,CSP,,6.35,74.0,1.647142857
1985,University of Sydney,CSP,,6.81,68.0,1.652857142
1986,University of Sydney,CSP,,6.61,72.0,1.664285714
1987,University of Sydney,CSP,,6.7,72.0,1.677142857
1988,University of Sydney,CSP,,6.04,82.0,1.682857142
1989,University of Sydney,CSP,,6.94,70.0,1.691428571
1990,University of Sydney,CSP,,7.0,75.0,1.75
1991,University of Sydney,CSP,,6.94,79.0,1.781428571
1992,University of Sydney,CSP,,6.94,79.0,1.781428571
1993,University of Sydney,CSP,PhD,5.64,82.0,1.625714285
2017,University of Western Australia,BMP,Honours,6.73,65.0,1.611428571
2018,University of Western Australia,BMP,Honours,6.66,68.0,1.631428571
2019,University of Western Australia,BMP,Honours,6.78,67.0,1.638571428
2020,University of Western Australia,BMP,,6.65,60.0,1.55
2021,University of Western Australia,BMP,,6.2,68.0,1.565714285
2022,University of Western Australia,BMP,,6.77,63.0,1.597142857
2023,University of Western Australia,BMP,,6.71,64.0,1.598571428
2024,University of Western Australia,BMP,,7.0,60.0,1.6
2025,University of Western Australia,BMP,,6.83,63.0,1.605714285
2026,University of Western Australia,BMP,,6.46,70.0,1.622857142
2027,University of Western Australia,BMP,,6.98,63.0,1.627142857
2028,University of Western Australia,BMP,,6.74,67.0,1.632857142
2029,University of Western Australia,BMP,,6.55,70.0,1.635714285
2030,University of Western Australia,BMP,,6.5,72.0,1.648571428
2031,University of Western Australia,BMP,,6.65,70.0,1.65
2032,University of Western Australia,CSP,Honours,6.49,70.0,1.627142857
2033,University of Western Australia,CSP,,6.83,63.0,1.605714285
2034,University of Western Australia,CSP,,6.75,66.0,1.624285714
2035,University of Western Australia,CSP,,6.69,70.0,1.655714285
2036,University of Western Australia,CSP,,6.73,70.0,1.661428571
2037,University of Western Australia,CSP,,6.69,73.0,1.685714285
2038,University of Western Australia,CSP,,7.0,70.0,1.7
2047,University of Wollongong,BMP,,5.78,60.0,1.425714285
2048,University of Wollongong,CSP,Honours,5.75,60.0,1.421428571
2049,University of Wollongong,CSP,Honours,6.09,66.0,1.53
2050,University of Wollongong,CSP,Masters (coursework),6.5,55.0,1.478571428
2051,University of Wollongong,CSP,,6.3,57.0,1.47
2052,University of Wollongong,CSP,,6.83,61.0,1.585714285
2053,University of Wollongong,CSP,PhD,6.51,63.0,1.56
2071,Australian National University,BMP,,5.88,81.0,1.65
2072,Australian National University,BMP,,6.44,67.0,1.59
2073,Australian National University,CSP,,6.93,69.0,1.68
2074,Australian National University,CSP,,6.95,68.0,1.672857143
2075,Australian National University,CSP,,7.0,66.0,1.66
2076,Australian National University,CSP,,6.8,67.0,1.641428571
2077,Australian National University,CSP,,6.82,66.0,1.634285714
2078,Australian National University,CSP,,6.79,66.0,1.63
2079,Australian National University,CSP,,6.91,64.0,1.627142857
2080,Australian National University,CSP,,6.54,69.0,1.624285714
2081,Australian National University,CSP,,6.42,69.0,1.607142857
2082,Australian National University,CSP,,6.67,65.0,1.602857143
2083,Australian National University,CSP,,6.43,68.0,1.598571429
2084,Australian National University,CSP,,6.82,62.0,1.594285714
2085,Australian National University,CSP,,6.06,71.0,1.575714286
2086,Australian National University,CSP,,6.53,62.0,1.552857143
2091,Deakin University,BMP,,6.67,67.0,1.622857143
2092,Deakin University,BMP,,6.57,63.0,1.568571429
2093,Deakin University,BMP,,6.71,61.0,1.568571429
2094,Deakin University,BMP,,5.75,70.0,1.521428571
2098,Deakin University,CSP,,6.75,69.0,1.654285714
2099,Deakin University,CSP,,6.7,68.0,1.637142857
2100,Deakin University,CSP,,6.69,67.0,1.625714286
2101,Deakin University,CSP,,6.81,65.0,1.622857143
2102,Deakin University,CSP,,6.91,63.0,1.617142857
2103,Deakin University,CSP,,6.98,62.0,1.617142857
2104,Deakin University,CSP,Yes,6.94,61.0,1.601428571
2105,Deakin University,CSP,,6.91,61.0,1.597142857
2106,Deakin University,CSP,,6.69,64.0,1.595714286
2107,Deakin University,CSP,,6.18,71.0,1.592857143
2108,Deakin University,CSP,,6.29,68.0,1.578571429
2109,Deakin University,CSP,,6.71,62.0,1.578571429
2110,Deakin University,CSP,,6.7,61.0,1.567142857
2111,Deakin University,CSP,,6.7,61.0,1.567142857
2112,Deakin University,CSP,,6.74,60.0,1.562857143
2113,Deakin University,CSP,,6.25,66.0,1.552857143
2114,Deakin University,CSP,,6.1,66.0,1.531428571
2115,Deakin University,CSP,,6.59,59.0,1.531428571
2116,Deakin University,Other,,6.73,72.0,1.681428571
2117,Deakin University,Other,,6.97,65.0,1.645714286
2118,Deakin University,Other,,6.97,65.0,1.645714286
2119,Deakin University,Other,,6.8,65.0,1.621428571
2120,Deakin University,Other,,6.7,66.0,1.617142857
2121,Deakin University,Other,,6.55,68.0,1.615714286
2122,Deakin University,Other,,6.79,64.0,1.61
2123,Deakin University,Other,,6.75,64.0,1.604285714
2124,Deakin University,Other,,6.69,64.0,1.595714286
2125,Deakin University,Other,,6.78,62.0,1.588571429
2126,Deakin University,Other,,6.89,60.0,1.584285714
2127,Deakin University,Other,,6.5,65.0,1.578571429
2134,Flinders University,BMP,,6.72,60.0,1.56
2135,Flinders University,BMP,,6.57,60.0,1.538571429
2136,Flinders University,BMP,,5.37,70.0,1.467142857
2137,Flinders University,CSP,,6.95,67.0,1.662857143
2138,Flinders University,CSP,,6.99,65.0,1.648571429
2139,Flinders University,CSP,,6.4,73.0,1.644285714
2140,Flinders University,CSP,Yes,6.89,65.0,1.634285714
2141,Flinders University,CSP,,6.7,65.0,1.607142857
2142,Flinders University,CSP,,6.56,66.0,1.597142857
2143,Flinders University,CSP,,6.44,67.0,1.59
2144,Flinders University,CSP,,6.35,68.0,1.587142857
2145,Flinders University,CSP,Yes,6.63,62.0,1.567142857
2146,Flinders University,CSP,,6.4,65.0,1.564285714
2147,Flinders University,CSP,,6.2,67.0,1.555714286
2148,Flinders University,CSP,,6.0,68.0,1.537142857
2149,Flinders University,CSP,,6.02,66.0,1.52
2150,Flinders University,CSP,,5.75,64.0,1.461428571
2156,Griffith University,BMP,,6.75,66.0,1.624285714
2157,Griffith University,BMP,,6.65,64.0,1.59
2158,Griffith University,BMP,,6.65,63.0,1.58
2159,Griffith University,BMP,,6.81,60.0,1.572857143
2160,Griffith University,CSP,,6.89,67.0,1.654285714
2161,Griffith University,CSP,,6.7,68.0,1.637142857
2162,Griffith University,CSP,,6.96,62.0,1.614285714
2163,Griffith University,CSP,,6.6,67.0,1.612857143
2164,Griffith University,CSP,,6.76,64.0,1.605714286
2165,Griffith University,CSP,,6.92,61.0,1.598571429
2166,Griffith University,CSP,,6.99,58.0,1.578571429
2167,Griffith University,CSP,,6.68,62.0,1.574285714
2172,Monash University,CSP,,6.35,80.0,1.707142857
2173,Monash University,CSP,,6.79,69.0,1.66
2174,Monash University,CSP,,6.73,68.0,1.641428571
2175,Monash University,CSP,,6.74,67.0,1.632857143
2176,Monash University,CSP,,6.3,72.0,1.62
2177,Monash University,CSP,,6.46,69.0,1.612857143
2178,Monash University,CSP,,6.19,71.0,1.594285714
2179,Monash University,CSP,,6.3,69.0,1.59
2180,Monash University,CSP,,6.3,68.0,1.58
2181,Monash University,CSP,,6.02,70.0,1.56
2182,Monash University,CSP,,5.91,70.0,1.544285714
2183,Monash University,CSP,,5.7,68.0,1.494285714
2184,Monash University,CSP,,5.69,68.0,1.492857143
2190,University of Melbourne,BMP,,6.76,75.0,1.715714286
2191,University of Melbourne,BMP,,6.96,68.0,1.674285714
2192,University of Melbourne,BMP,,6.72,71.0,1.67
2193,University of Melbourne,BMP,,6.76,69.0,1.655714286
2194,University of Melbourne,BMP,,6.73,68.0,1.641428571
2195,University of Melbourne,BMP,,6.9,65.0,1.635714286
2196,University of Melbourne,BMP,,6.67,67.0,1.622857143
2197,University of Melbourne,BMP,,6.8,65.0,1.621428571
2198,University of Melbourne,BMP,,6.8,64.0,1.611428571
2199,University of Melbourne,BMP,,6.48,68.0,1.605714286
2202,University of Melbourne,CSP,,7.0,77.0,1.77
2203,University of Melbourne,CSP,,7.0,76.0,1.76
2204,University of Melbourne,CSP,,6.98,74.0,1.737142857
2205,University of Melbourne,CSP,,6.92,74.0,1.728571429
2206,University of Melbourne,CSP,,6.98,73.0,1.727142857
2207,University of Melbourne,CSP,,6.74,76.0,1.722857143
2208,University of Melbourne,CSP,,6.77,75.0,1.717142857
2209,University of Melbourne,CSP,,6.96,72.0,1.714285714
2210,University of Melbourne,CSP,,6.95,72.0,1.712857143
2211,University of Melbourne,CSP,,6.73,75.0,1.711428571
2212,University of Melbourne,CSP,,6.85,73.0,1.708571429
2213,University of Melbourne,CSP,,6.84,72.0,1.697142857
2214,University of Melbourne,CSP,,6.88,71.0,1.692857143
2215,University of Melbourne,CSP,,6.77,72.0,1.687142857
2216,University of Melbourne,CSP,,6.69,73.0,1.685714286
2217,University of Melbourne,CSP,,6.95,69.0,1.682857143
2218,University of Melbourne,CSP,,6.65,73.0,1.68
2219,University of Melbourne,CSP,,6.99,68.0,1.678571429
2220,University of Melbourne,CSP,,6.83,70.0,1.675714286
2221,University of Melbourne,CSP,,6.88,69.0,1.672857143
2222,University of Melbourne,CSP,,6.89,68.0,1.664285714
2223,University of Melbourne,CSP,,6.85,67.0,1.648571429
2224,University of Melbourne,CSP,,6.74,68.0,1.642857143
2225,University of Melbourne,CSP,,6.67,68.0,1.632857143
2226,University of Melbourne,CSP,,6.66,68.0,1.631428571
2227,University of Melbourne,CSP,,6.35,70.0,1.607142857
2228,University of Melbourne,CSP,,6.7,65.0,1.607142857
2229,University of Melbourne,CSP,,6.75,64.0,1.604285714
2235,University of Melbourne,MRBS,,6.98,78.0,1.777142857
2236,University of Melbourne,Other,,6.8,67.0,1.641428571
2247,University of Newcastle,BMP,,5.0,96.0,1.674285714
2248,University of Notre Dame Fremantle,BMP,,6.41,61.0,1.525714286
2249,University of Notre Dame Fremantle,BMP,,6.0,66.0,1.517142857
2250,University of Notre Dame Fremantle,BMP,,5.97,59.0,1.442857143
2251,University of Notre Dame Fremantle,BMP,,5.8,61.0,1.438571429
2252,University of Notre Dame Fremantle,CSP,,6.93,70.0,1.69
2253,University of Notre Dame Fremantle,CSP,,6.23,74.0,1.63
2254,University of Notre Dame Fremantle,CSP,,6.85,62.0,1.598571429
2255,University of Notre Dame Fremantle,CSP,,6.99,59.0,1.588571429
2256,University of Notre Dame Fremantle,CSP,,6.6,62.0,1.562857143
2257,University of Notre Dame Fremantle,CSP,,6.86,58.0,1.56
2258,University of Notre Dame Fremantle,CSP,,6.69,60.0,1.555714286
2259,University of Notre Dame Fremantle,CSP,,6.4,64.0,1.554285714
2260,University of Notre Dame Fremantle,CSP,,6.58,60.0,1.54
2261,University of Notre Dame Fremantle,CSP,,6.1,66.0,1.531428571
2262,University of Notre Dame Fremantle,CSP,,6.14,64.0,1.517142857
2263,University of Notre Dame Fremantle,CSP,,6.66,55.0,1.501428571
2264,University of Notre Dame Fremantle,CSP,,6.37,59.0,1.5
2265,University of Notre Dame Fremantle,CSP,,6.12,60.0,1.474285714
2273,University of Notre Dame Sydney,BMP,,6.75,60.0,1.564285714
2274,University of Notre Dame Sydney,BMP,,6.7,59.0,1.547142857
2275,University of Notre Dame Sydney,BMP,,6.9,53.0,1.515714286
2276,University of Notre Dame Sydney,BMP,,6.2,58.0,1.465714286
2277,University of Notre Dame Sydney,CSP,,6.99,61.0,1.608571429
2278,University of Notre Dame Sydney,CSP,,6.5,66.0,1.588571429
2279,University of Notre Dame Sydney,CSP,,6.29,68.0,1.578571429
2280,University of Notre Dame Sydney,CSP,,6.53,63.0,1.562857143
2281,University of Notre Dame Sydney,CSP,,6.64,60.0,1.548571429
2282,University of Notre Dame Sydney,CSP,,6.72,58.0,1.54
2283,University of Notre Dame Sydney,CSP,,6.27,64.0,1.535714286
2284,University of Notre Dame Sydney,CSP,,6.54,59.0,1.524285714
2285,University of Notre Dame Sydney,CSP,,6.37,60.0,1.51
2286,University of Notre Dame Sydney,CSP,,6.21,59.0,1.477142857
2287,University of Notre Dame Sydney,CSP,,6.14,58.0,1.457142857
2307,University of Queensland,BMP,,6.51,73.0,1.66
2308,University of Queensland,BMP,,6.95,65.0,1.642857143
2309,University of Queensland,BMP,,6.47,69.0,1.614285714
2310,University of Queensland,BMP,,6.28,66.0,1.557142857
2311,University of Queensland,BMP,,5.9,69.0,1.532857143
2312,University of Queensland,BMP,,5.5,66.0,1.445714286
2313,University of Queensland,CSP,,6.7,85.0,1.807142857
2314,University of Queensland,CSP,Yes,7.0,78.0,1.78
2315,University of Queensland,CSP,,7.0,73.0,1.73
2316,University of Queensland,CSP,,6.83,75.0,1.725714286
2317,University of Queensland,CSP,,7.0,71.0,1.71
2318,University of Queensland,CSP,,6.5,78.0,1.708571429
2319,University of Queensland,CSP,,7.0,70.0,1.7
2321,University of Queensland,CSP,,6.48,76.0,1.685714286
2322,University of Queensland,CSP,,6.8,71.0,1.681428571
2323,University of Queensland,CSP,,6.61,72.0,1.664285714
2324,University of Queensland,CSP,,6.89,68.0,1.664285714
2325,University of Queensland,CSP,,6.6,72.0,1.662857143
2326,University of Queensland,CSP,,6.81,69.0,1.662857143
2327,University of Queensland,CSP,,6.23,77.0,1.66
2328,University of Queensland,CSP,Yes,7.0,66.0,1.66
2329,University of Queensland,CSP,Yes,7.0,66.0,1.66
2331,University of Queensland,CSP,,6.5,72.0,1.648571429
2332,University of Queensland,CSP,,6.5,72.0,1.648571429
2333,University of Queensland,CSP,,6.7,69.0,1.647142857
2334,University of Queensland,CSP,,6.3,74.0,1.64
2335,University of Queensland,CSP,,6.68,68.0,1.634285714
2336,University of Queensland,CSP,,6.38,72.0,1.631428571
2337,University of Queensland,CSP,,6.48,69.0,1.615714286
2338,University of Queensland,CSP,,6.15,73.0,1.608571429
2339,University of Queensland,CSP,,6.5,68.0,1.608571429
2340,University of Queensland,CSP,,6.5,67.0,1.598571429
2341,University of Queensland,CSP,,6.11,72.0,1.592857143
2342,University of Queensland,CSP,,6.25,70.0,1.592857143
2343,University of Queensland,CSP,,6.45,66.0,1.581428571
2344,University of Queensland,CSP,,6.4,66.0,1.574285714
2345,University of Queensland,CSP,,6.1,69.0,1.561428571
2346,University of Queensland,CSP,,6.1,69.0,1.561428571
2347,University of Queensland,CSP,,6.31,66.0,1.561428571
2348,University of Queensland,CSP,,5.9,71.0,1.552857143
2349,University of Queensland,CSP,,6.24,66.0,1.551428571
2350,University of Queensland,CSP,,5.6,75.0,1.55
2351,University of Queensland,CSP,,5.88,71.0,1.55
2352,University of Queensland,CSP,,5.75,72.0,1.541428571
2353,University of Queensland,CSP,,6.03,68.0,1.541428571
2354,University of Queensland,CSP,,6.07,67.0,1.537142857
2355,University of Queensland,CSP,,6.0,67.0,1.527142857
2356,University of Queensland,CSP,,5.5,74.0,1.525714286
2357,University of Queensland,CSP,,5.7,71.0,1.524285714
2358,University of Queensland,CSP,,5.74,69.0,1.51
2359,University of Queensland,CSP,,5.24,73.0,1.478571429
2360,University of Queensland,CSP,,5.23,73.0,1.477142857
2361,University of Queensland,CSP,,5.5,69.0,1.475714286
2362,University of Queensland,CSP,,5.11,74.0,1.47
2363,University of Queensland,CSP,,5.35,70.0,1.464285714
2364,University of Queensland,CSP,,5.45,68.0,1.458571429
2365,University of Queensland,CSP,,5.1,72.0,1.448571429
2381,University of Sydney,BMP,,6.84,72.0,1.697142857
2382,University of Sydney,BMP,,6.6,71.0,1.652857143
2383,University of Sydney,BMP,,6.44,72.0,1.64
2384,University of Sydney,BMP,,7.0,64.0,1.64
2385,University of Sydney,BMP,,6.58,69.0,1.63
2386,University of Sydney,BMP,Yes,6.65,65.0,1.6
2387,University of Sydney,BMP,,6.0,70.0,1.557142857
2388,University of Sydney,BMP,,6.03,69.0,1.551428571
2389,University of Sydney,BMP,,5.88,71.0,1.55
2390,University of Sydney,BMP,,5.94,70.0,1.548571429
2391,University of Sydney,BMP,,6.0,69.0,1.547142857
2392,University of Sydney,BMP,,5.9,69.0,1.532857143
2393,University of Sydney,BMP,,5.4,71.0,1.481428571
2394,University of Sydney,BMP,Yes,5.5,69.0,1.475714286
2395,University of Sydney,BMP,,5.35,70.0,1.464285714
2396,University of Sydney,BMP,,5.04,74.0,1.46
2397,University of Sydney,BMP,,5.25,69.0,1.44
2398,University of Sydney,BMP,,5.0,70.0,1.414285714
2400,University of Sydney,CSP,,7.0,77.0,1.77
2401,University of Sydney,CSP,,6.3,85.0,1.75
2402,University of Sydney,CSP,,6.4,80.0,1.714285714
2403,University of Sydney,CSP,,6.35,80.0,1.707142857
2404,University of Sydney,CSP,,6.84,73.0,1.707142857
2405,University of Sydney,CSP,,6.96,71.0,1.704285714
2406,University of Sydney,CSP,,6.8,73.0,1.701428571
2407,University of Sydney,CSP,,6.29,80.0,1.698571429
2408,University of Sydney,CSP,,6.56,76.0,1.697142857
2409,University of Sydney,CSP,,6.92,70.0,1.688571429
2410,University of Sydney,CSP,,6.0,83.0,1.687142857
2411,University of Sydney,CSP,,6.0,83.0,1.687142857
2412,University of Sydney,CSP,,6.77,71.0,1.677142857
2413,University of Sydney,CSP,,6.61,72.0,1.664285714
2414,University of Sydney,CSP,,6.76,69.0,1.655714286
2415,University of Sydney,CSP,,6.75,69.0,1.654285714
2416,University of Sydney,CSP,,6.67,70.0,1.652857143
2417,University of Sydney,CSP,,6.5,72.0,1.648571429
2418,University of Sydney,CSP,,6.71,69.0,1.648571429
2419,University of Sydney,CSP,,6.52,71.0,1.641428571
2420,University of Sydney,CSP,,6.19,75.0,1.634285714
2421,University of Sydney,CSP,,6.49,70.0,1.627142857
2422,University of Sydney,CSP,,6.48,69.0,1.615714286
2423,University of Sydney,CSP,,6.23,71.0,1.6
2424,University of Sydney,CSP,,6.0,72.0,1.577142857
2425,University of Sydney,CSP,,5.89,73.0,1.571428571
2426,University of Sydney,CSP,,6.0,71.0,1.567142857
2427,University of Sydney,CSP,,5.85,70.0,1.535714286
2428,University of Sydney,CSP,,5.7,72.0,1.534285714
2429,University of Sydney,CSP,,5.83,70.0,1.532857143
2430,University of Sydney,CSP,,5.89,69.0,1.531428571
2431,University of Sydney,CSP,,5.67,72.0,1.53
2432,University of Sydney,CSP,,5.4,75.0,1.521428571
2433,University of Sydney,CSP,,5.67,71.0,1.52
2434,University of Sydney,CSP,,5.53,71.0,1.5
2435,University of Sydney,CSP,,5.3,74.0,1.497142857
2436,University of Sydney,CSP,,5.55,69.0,1.482857143
2437,University of Sydney,CSP,,5.23,73.0,1.477142857
2438,University of Sydney,CSP,Yes,6.0,62.0,1.477142857
2439,University of Sydney,CSP,,5.25,69.0,1.44
2440,University of Sydney,CSP,,5.06,69.0,1.412857143
2471,University of Tasmania,CSP,Yes,7.0,99.0,1.99
2472,University of Western Australia,BMP,,6.75,68.0,1.644285714
2473,University of Western Australia,BMP,,6.33,71.0,1.614285714
2474,University of Western Australia,BMP,,6.73,65.0,1.611428571
2475,University of Western Australia,BMP,,6.96,61.0,1.604285714
2476,University of Western Australia,BMP,,6.89,60.0,1.584285714
2477,University of Western Australia,BMP,,6.64,62.0,1.568571429
2478,University of Western Australia,BMP,,6.9,58.0,1.565714286
2479,University of Western Australia,BMP,,6.35,64.0,1.547142857
2480,University of Western Australia,BMP,,6.4,62.0,1.534285714
2481,University of Western Australia,CSP,,6.9,70.0,1.685714286
2482,University of Western Australia,CSP,,6.92,67.0,1.658571429
2483,University of Western Australia,CSP,,6.61,71.0,1.654285714
2484,University of Western Australia,CSP,,6.71,69.0,1.648571429
2485,University of Western Australia,CSP,,6.76,68.0,1.645714286
2486,University of Western Australia,CSP,,6.87,65.0,1.631428571
2487,University of Western Australia,CSP,,6.79,66.0,1.63
2488,University of Western Australia,CSP,,6.7,67.0,1.627142857
2489,University of Western Australia,CSP,,6.69,66.0,1.615714286
2490,University of Western Australia,CSP,,6.63,66.0,1.607142857
2491,University of Western Australia,CSP,,6.43,66.0,1.578571429
2492,University of Western Australia,CSP,,6.35,66.0,1.567142857
2497,University of Wollongong,BMP,,6.2,61.0,1.495714286
2499,University of Wollongong,CSP,,6.8,57.0,1.541428571
2500,University of Wollongong,CSP,,6.58,59.0,1.53
2501,University of Wollongong,CSP,,6.42,60.0,1.517142857
2502,University of Wollongong,CSP,,6.0,65.0,1.507142857
2522,Flinders University,BMP,,6.17,62.0,1.501428571
2523,Flinders University,CSP,Honours,6.25,67.0,1.562857143
2529,Flinders University,CSP,,6.92,60.0,1.588571429
2532,Flinders University,CSP,Honours,5.98,62.0,1.474285714
2533,Flinders University,CSP,Honours,6.55,68.0,1.615714286
2536,Flinders University,CSP,,6.25,72.0,1.612857143
2545,Deakin University,CSP,Honours,6.73,73.0,1.691428571
2547,University of Wollongong,Unknown,Masters,6.08,64.0,1.508571429
2548,University of Western Australia,BMP,,6.97,71.0,1.705714286
2551,University of Wollongong,Unknown,Masters,6.49,64.0,1.567142857
2553,University of Western Australia,CSP,,6.83,74.0,1.715714286
2554,University of Notre Dame Fremantle,BMP,,6.8,64.0,1.611428571
2556,University of Notre Dame Fremantle,CSP,Honours,6.72,65.0,1.61
2560,University of Notre Dame Fremantle,BMP,,6.76,73.0,1.695714286
2565,University of Notre Dame Sydney,CSP,,6.91,64.0,1.627142857
2566,University of Queensland,CSP,,6.14,73.0,1.607142857
2568,University of Wollongong,BMP,,6.8,69.0,1.661428571
2569,Deakin University,CSP,Honours,6.89,64.0,1.624285714
2572,University of Notre Dame Sydney,CSP,Honours,6.87,62.0,1.601428571
2573,University of Notre Dame Fremantle,CSP,Honours,6.74,66.0,1.622857143
2574,University of Notre Dame Fremantle,CSP,Masters,6.73,57.0,1.531428571
2575,University of Notre Dame Sydney,BMP,Honours,6.22,66.0,1.548571429
2576,University of Notre Dame Sydney,CSP,Honours,6.55,67.0,1.605714286
2579,University of Notre Dame Fremantle,CSP,,6.88,64.0,1.622857143
2580,Deakin University,CSP,Honours,6.91,70.0,1.687142857
2581,University of Notre Dame Sydney,CSP,,7.0,66.0,1.66
2585,University of Wollongong,CSP,,6.81,59.0,1.562857143
2586,University of Notre Dame Sydney,CSP,,6.45,59.0,1.511428571
2591,University of Western Australia,CSP,,7.0,67.0,1.67
2593,University of Western Australia,CSP,Honours,6.81,71.0,1.682857143
2594,University of Western Australia,CSP,PhD,7.0,73.0,1.73
2595,University of Notre Dame Fremantle,CSP,Honours,6.15,72.0,1.598571429
2596,University of Notre Dame Fremantle,CSP,Honours,6.76,65.0,1.615714286
2598,University of Notre Dame Fremantle,BMP,,6.94,66.0,1.651428571
2601,University of Western Australia,CSP,,6.88,75.0,1.732857143
2603,Flinders University,CSP,Masters,5.8,68.0,1.508571429
2608,University of Notre Dame Fremantle,CSP,,6.74,67.0,1.632857143
2609,University of Notre Dame Fremantle,CSP,,6.93,75.0,1.74
2614,University of Western Australia,CSP,,6.88,70.0,1.682857143
2619,Australian National University,BMP,Honours,6.85,64.0,1.618571429
2620,University of Notre Dame Sydney,BMP,Honours,6.24,67.0,1.561428571
2621,Australian National University,CSP,Honours,6.76,75.0,1.715714286
2624,University of Notre Dame Sydney,CSP,,6.04,62.0,1.482857143
2626,Australian National University,BMP,,6.9,67.0,1.655714286
2627,University of Notre Dame Fremantle,CSP,Honours,6.83,65.0,1.625714286
2628,University of Western Australia,CSP,PhD,7.0,74.0,1.74
2630,University of Notre Dame Fremantle,CSP,,6.21,64.0,1.527142857
2631,University of Notre Dame Sydney,CSP,Honours,7.0,59.0,1.59
2632,University of Notre Dame Fremantle,CSP,Honours,6.32,59.0,1.492857143
2639,University of Melbourne,CSP,,6.94,69.0,1.681428571
2640,University of Melbourne,BMP,,6.93,71.0,1.7
2641,University of Melbourne,CSP,,6.98,70.0,1.697142857
2642,University of Melbourne,CSP,,6.96,73.0,1.724285714
2643,University of Melbourne,CSP,,7.0,69.0,1.69
2644,University of Melbourne,CSP,,6.96,72.0,1.714285714
2647,University of Melbourne,CSP,,6.9,72.0,1.705714286
2648,University of Melbourne,CSP,,6.59,71.0,1.651428571
2649,University of Melbourne,CSP,,6.83,66.0,1.635714286
2650,University of Melbourne,CSP,,6.93,75.0,1.74
2651,University of Melbourne,CSP,,6.96,68.0,1.674285714
2655,University of Melbourne,CSP,,6.62,70.0,1.645714286
2656,University of Melbourne,CSP,,6.89,73.0,1.714285714
2657,University of Melbourne,CSP,,6.93,74.0,1.73
2658,Australian National University,CSP,Honours,6.73,70.0,1.661428571
2660,University of Melbourne,CSP,,6.89,73.0,1.714285714
2661,University of Melbourne,BMP,,6.78,69.0,1.658571429
2662,Australian National University,CSP,Honours,6.86,65.0,1.63
2663,University of Melbourne,CSP,,6.69,73.0,1.685714286
2664,University of Melbourne,CSP,,7.0,74.0,1.74
2665,University of Melbourne,BMP,,6.99,74.0,1.738571429
2668,University of Notre Dame Fremantle,CSP,,5.9,64.0,1.482857143
2669,University of Melbourne,CSP,,6.61,70.0,1.644285714
2670,University of Melbourne,CSP,,6.72,68.0,1.64
2672,University of Wollongong,CSP,Honours,6.52,63.0,1.561428571
2673,University of Melbourne,CSP,,6.87,68.0,1.661428571
2674,University of Melbourne,CSP,Honours,6.95,66.0,1.652857143
2675,University of Melbourne,CSP,,7.0,66.0,1.66
2676,University of Melbourne,CSP,,6.69,71.0,1.665714286
2677,Deakin University,CSP,Honours,6.57,76.0,1.698571429
2678,University of Melbourne,CSP,,6.65,73.0,1.68
2679,University of Sydney,BMP,Honours,6.13,71.0,1.585714286
2684,University of Notre Dame Sydney,CSP,,6.98,69.0,1.687142857
2685,University of Melbourne,CSP,,7.0,65.0,1.65
2686,University of Melbourne,CSP,,6.95,75.0,1.742857143
2690,Australian National University,CSP,Honours,6.78,70.0,1.668571429
2691,University of Melbourne,CSP,Honours,6.6,65.0,1.592857143
2692,University of Melbourne,CSP,Honours,6.57,73.0,1.668571429
2693,University of Melbourne,CSP,,7.0,68.0,1.68
2694,University of Melbourne,CSP,,6.63,74.0,1.687142857
2695,University of Melbourne,CSP,,6.96,71.0,1.704285714
2696,University of Notre Dame Sydney,CSP,Honours,6.83,56.0,1.535714286
2698,University of Queensland,CSP,,6.92,80.0,1.788571429
2699,University of Melbourne,CSP,,6.77,70.0,1.667142857
2700,University of Melbourne,CSP,,6.96,76.0,1.754285714
2701,University of Western Australia,CSP,,6.75,68.0,1.644285714
2702,Australian National University,CSP,,6.25,72.0,1.612857143
2704,University of Notre Dame Sydney,CSP,Honours,6.66,64.0,1.591428571
2709,Australian National University,CSP,Honours,6.71,68.0,1.638571429
2710,University of Notre Dame Fremantle,BMP,,5.43,66.0,1.435714286
2712,University of Melbourne,CSP,,6.89,71.0,1.694285714
2713,University of Melbourne,CSP,,6.79,67.0,1.64
2718,University of Notre Dame Fremantle,CSP,Honours,6.69,68.0,1.635714286
2719,University of Wollongong,CSP,Honours,6.33,65.0,1.554285714
2720,University of Western Australia,CSP,,6.81,68.0,1.652857143
2722,University of Melbourne,CSP,,6.92,71.0,1.698571429
2725,University of Sydney,FFp,,6.7,65.0,1.607142857
2727,University of Melbourne,CSP,Honours,6.68,69.0,1.644285714
2728,University of Western Australia,CSP,,6.83,72.0,1.695714286
2729,University of Melbourne,CSP,Honours,6.65,79.0,1.74
2730,University of Queensland,CSP,,6.5,74.0,1.668571429
2733,University of Melbourne,BMP,,6.77,70.0,1.667142857
2734,University of Melbourne,CSP,,6.98,74.0,1.737142857
2735,University of Notre Dame Fremantle,BMP,,6.33,58.0,1.484285714
2736,University of Notre Dame Fremantle,CSP,,6.96,55.0,1.544285714
2737,Griffith University,CSP,,6.96,66.0,1.654285714
2738,Griffith University,BMP,Masters,7.0,65.0,1.65
2739,Griffith University,CSP,,6.78,67.0,1.638571429
2740,Griffith University,CSP,,6.73,71.0,1.671428571
2741,Griffith University,BMP,,7.0,68.0,1.68
2742,Griffith University,CSP,,6.73,70.0,1.661428571
2743,Griffith University,CSP,,7.0,67.0,1.67
2744,Griffith University,CSP,Honours,6.96,67.0,1.664285714
2746,Griffith University,CSP,PhD,7.0,66.0,1.66
2747,Griffith University,CSP,Masters,6.94,71.0,1.701428571
2750,Griffith University,CSP,,6.96,66.0,1.654285714
2754,Griffith University,CSP,,6.98,70.0,1.697142857
2755,Griffith University,CSP,,6.95,67.0,1.662857143
2758,Griffith University,CSP,Honours,6.9,67.0,1.655714286
2759,Griffith University,CSP,,6.89,69.0,1.674285714
2760,Griffith University,CSP,,6.82,70.0,1.674285714
2761,Griffith University,CSP,,6.98,71.0,1.707142857
2762,Griffith University,CSP,,6.9,69.0,1.675714286
2764,Griffith University,CSP,,6.98,66.0,1.657142857
2765,University of Melbourne,CSP,,6.93,74.0,1.73
2767,University of Wollongong,CSP,Honours,6.04,66.0,1.522857143
2769,Australian National University,CSP,Honours,6.5,70.0,1.628571429
