,Timestamp,Rurality,University,Final Combo,GPA,GAMSAT,Raw Combo,CASPer Quartile,ANU Bonuses,Deakin Bonus,MQ Bonus,Deakin RTS Tier,Unimelb GAM,UNDF Bonuses,UNDS Bonuses,UQ MP/RMP Tier + Location,UoW Bonuses,Notes,Outlier
0,"=SORT(V2:AO, 2, TRUE, 3, TRUE, 4, FALSE,18,FALSE)",Non-Rural,Australian National University,1.8225,7,82.25,1.8225,4th,0,0,0,,,,,,,0,
1,31/08/2024 14:01:00,Non-Rural,Australian National University,1.81678571428571,6.995,81.75,1.81678571428571,2nd,0,0,0,,,,,,,0,
2,30/08/2024 13:20:28,Non-Rural,Australian National University,1.77107142857143,6.885,78.75,1.77107142857143,N/A,0,0,0,,,,,,,0,
3,30/08/2024 11:32:04,Non-Rural,Australian National University,1.7575,7,75.75,1.7575,N/A,0,0,0,,,,,,,0,
4,30/08/2024 16:51:05,Non-Rural,Australian National University,1.73210571428571,6.917,71,1.69814285714286,4th,2,0,0,,,,,,,3,
5,30/08/2024 20:51:38,Non-Rural,Australian National University,1.73157142857143,6.906,74.5,1.73157142857143,1st,0,0,0,,,,None,,,0,
6,30/08/2024 12:34:30,Non-Rural,Australian National University,1.72821428571429,6.2,84.25,1.72821428571429,N/A,0,0,0,,Yes,,,,,0,
7,01/09/2024 14:44:30,Non-Rural,Australian National University,1.72001142857143,6.869,70.5,1.68628571428571,N/A,2,0,0,,,,,,,0,
8,30/08/2024 15:19:15,Non-Rural,Australian National University,1.71321428571429,6.97,71.75,1.71321428571429,N/A,0,0,0,,No,,,,,0,N/A
9,30/08/2024 12:36:39,Non-Rural,Australian National University,1.70456571428571,6.903,68.5,1.67114285714286,2nd,2,0,0,,,,,,,0,
10,30/08/2024 16:51:44,Non-Rural,Australian National University,1.70107142857143,6.885,71.75,1.70107142857143,4th,0,0,0,,,,,,,0,
11,04/09/2024 21:21:15,Non-Rural,Australian National University,1.69720714285714,6.66,71.25,1.66392857142857,1st,2,0,0,,,,,,,0,
12,30/08/2024 12:00:25,Non-Rural,Australian National University,1.69400142857143,6.778,69.25,1.66078571428571,1st,2,0,0,,,,None,,,0,
13,02/09/2024 14:29:13,Non-Rural,Deakin University,1.82161,6.972,72.25,1.7185,4th,0,6,0,Did not apply,,,,,,0,
14,03/09/2024 10:20:31,Non-Rural,Deakin University,1.82088,6.708,66.75,1.62578571428571,N/A,0,12,0,Did not apply,,,,,,0,
15,31/08/2024 10:32:09,Non-Rural,Deakin University,1.77697142857143,6.583,67.5,1.61542857142857,1st,0,10,0,Did not apply,,,None,,,0,
16,30/08/2024 11:30:56,Non-Rural,Deakin University,1.77552,6.573,70.5,1.644,N/A,0,8,0,Did not apply,No,,,,,0,
17,30/08/2024 18:52:45,Non-Rural,Deakin University,1.77330428571429,6.583,73.25,1.67292857142857,N/A,0,6,0,Did not apply,,,,,,0,
18,31/08/2024 18:17:40,Non-Rural,Deakin University,1.76520285714286,6.792,69.5,1.66528571428571,N/A,0,6,0,Did not apply,,,,,,0,
19,30/08/2024 12:32:21,Non-Rural,Deakin University,1.76293142857143,6.917,67.5,1.66314285714286,N/A,0,6,0,Did not apply,,,,,,0,
20,30/08/2024 17:01:46,Non-Rural,Deakin University,1.75808571428571,6.85,68,1.65857142857143,3rd,0,6,0,Did not apply,No,,None,,,0,
21,30/08/2024 16:25:58,Non-Rural,Deakin University,1.75654285714286,6.8,65.5,1.62642857142857,N/A,0,8,0,Did not apply,,,,,,0,
22,30/08/2024 13:00:24,Non-Rural,Deakin University,1.74543428571429,6.833,64,1.61614285714286,4th,0,8,0,Did not apply,,,,,,0,
23,30/08/2024 12:21:41,Non-Rural,Deakin University,1.74412285714286,6.667,66.25,1.61492857142857,N/A,0,8,0,Did not apply,,,,,,0,
24,01/09/2024 21:54:19,Non-Rural,Deakin University,1.74185142857143,6.929,68.5,1.67485714285714,4th,0,4,0,Did not apply,No,,,,,0,
25,30/08/2024 11:27:35,Non-Rural,Deakin University,1.73531428571429,6.5,74,1.66857142857143,2nd,0,4,0,Did not apply,,,,,,0,
26,02/09/2024 23:40:56,Non-Rural,Deakin University,1.73397714285714,6.771,70,1.66728571428571,N/A,0,4,0,Did not apply,,,,,,0,Nope
27,30/08/2024 11:49:46,Non-Rural,Deakin University,1.73145,6.93,70.75,1.6975,4th,0,2,0,Did not apply,No,,,,,2,
28,30/08/2024 11:40:16,Non-Rural,Deakin University,1.73132142857143,6.66,62.25,1.57392857142857,3rd,0,10,0,Did not apply,,,,,,0,
29,31/08/2024 02:34:19,Non-Rural,Deakin University,1.73075285714286,6.792,66.25,1.63278571428571,3rd,0,6,0,Did not apply,Yes,,,,,0,
30,30/08/2024 17:36:35,Non-Rural,Deakin University,1.72875428571429,6.824,72,1.69485714285714,N/A,0,2,0,Did not apply,No,,,,,0,
31,30/08/2024 12:48:16,Non-Rural,Deakin University,1.72761428571429,6.7,64.25,1.59964285714286,3rd,0,8,0,Did not apply,Yes,,,,,0,
32,30/08/2024 20:06:02,Non-Rural,Deakin University,1.72715142857143,6.837,62.25,1.59921428571429,4th,0,8,0,Did not apply,,,,,,0,
33,30/08/2024 11:58:09,Non-Rural,Deakin University,1.72543428571429,6.906,67.25,1.65907142857143,2nd,0,4,0,Did not apply,,,,,Toowoomba,0,
34,30/08/2024 12:55:56,Non-Rural,Deakin University,1.72045714285714,6.75,69,1.65428571428571,N/A,0,4,0,Did not apply,No,,,Tier 3,,2,
35,31/08/2024 14:39:08,Non-Rural,Deakin University,1.71377142857143,6.95,65.5,1.64785714285714,3rd,0,4,0,Did not apply,,,,,,2,
36,31/08/2024 01:36:33,Non-Rural,Deakin University,1.71005714285714,6.925,65.5,1.64428571428571,2nd,0,4,0,Did not apply,,,None,,,0,
37,30/08/2024 18:37:44,Non-Rural,Deakin University,1.71000714285714,6.76,64.75,1.61321428571429,3rd,0,6,0,Did not apply,,,,,,0,
38,03/09/2024 09:34:59,Non-Rural,Deakin University,1.70902285714286,6.667,63,1.58242857142857,4th,0,8,0,Did not apply,,,,,,0,
39,30/08/2024 20:42:21,Non-Rural,Deakin University,1.70825142857143,6.802,61,1.58171428571429,3rd,0,8,0,Did not apply,,,,,,0,
40,30/08/2024 12:07:21,Non-Rural,Deakin University,1.70753142857143,5.963,79,1.64185714285714,3rd,0,4,0,Did not apply,No,,None,,,0,
41,30/08/2024 13:28:09,Non-Rural,Deakin University,1.70558571428571,6.735,71,1.67214285714286,4th,0,2,0,Did not apply,No,,,,,0,
42,30/08/2024 14:34:51,Non-Rural,Deakin University,1.702,6.979,70.5,1.702,N/A,0,0,0,Did not apply,,,,,,0,
43,30/08/2024 17:33:57,Non-Rural,Deakin University,1.69812,6.979,60.5,1.602,4th,0,6,0,Did not apply,,,,,,0,
44,30/08/2024 11:28:31,Non-Rural,Griffith University,1.80071428571429,6.655,85,1.80071428571429,N/A,0,0,0,,,,,,,0,
45,05/09/2024 15:13:42,Non-Rural,Griffith University,1.75264285714286,6.756,78.75,1.75264285714286,N/A,0,0,0,,,,,,,0,
46,30/08/2024 11:26:21,Non-Rural,Griffith University,1.70657142857143,6.906,72,1.70657142857143,N/A,0,0,0,,,,,,,0,
47,30/08/2024 12:25:54,Non-Rural,Griffith University,1.70571428571429,6.9,72,1.70571428571429,4th,0,0,0,,,,,,,0,
48,30/08/2024 11:34:55,Non-Rural,Griffith University,1.6995,6.979,70.25,1.6995,N/A,0,0,0,,,,,,,0,thanks for the help r/gamsat! (no worries! -Luke)
49,30/08/2024 11:27:01,Non-Rural,Griffith University,1.68107142857143,6.99,68.25,1.68107142857143,N/A,0,0,0,,,,,,,0,
50,05/09/2024 18:14:53,Non-Rural,Griffith University,1.68,6.86,70,1.68,4th,0,0,0,,,,,,,0,
51,30/08/2024 20:16:44,Non-Rural,Griffith University,1.67585714285714,6.656,72.5,1.67585714285714,4th,0,0,0,,,,,,,0,
52,30/08/2024 11:46:37,Non-Rural,Griffith University,1.67392857142857,6.625,72.75,1.67392857142857,4th,0,0,0,,,,,,,0,
53,09/09/2024 18:19:12,Non-Rural,Griffith University,1.67285714285714,6.95,68,1.67285714285714,1st,0,0,0,Did not apply,No,,,,,0,
54,30/08/2024 14:08:45,Non-Rural,Griffith University,1.6725,6.23,78.25,1.6725,N/A,0,0,0,,,,,,,0,
55,30/08/2024 11:32:50,Non-Rural,Griffith University,1.66978571428571,6.911,68.25,1.66978571428571,3rd,0,0,0,,,,,,,0,
56,30/08/2024 11:46:30,Non-Rural,Griffith University,1.66964285714286,6.49,74.25,1.66964285714286,N/A,0,0,0,,,,,,,0,
57,30/08/2024 11:26:07,Non-Rural,Griffith University,1.663,6.741,70,1.663,3rd,0,0,0,,Yes,,,,,0,
58,31/08/2024 10:38:01,Non-Rural,Griffith University,1.662,6.979,66.5,1.662,3rd,0,0,0,,,,,,,0,
59,30/08/2024 12:08:44,Non-Rural,Griffith University,1.65728571428571,6.771,69,1.65728571428571,N/A,0,2,0,Did not apply,No,,,,,0,
60,05/09/2024 08:59:01,Non-Rural,Griffith University,1.65292857142857,6.688,69.75,1.65292857142857,4th,0,0,0,Did not apply,,,,,,0,
61,03/09/2024 12:42:40,Non-Rural,Griffith University,1.65214285714286,6.77,68.5,1.65214285714286,4th,0,4,0,Did not apply,No,,,,,0,
62,31/08/2024 10:33:49,Non-Rural,Griffith University,1.65178571428571,6.89,66.75,1.65178571428571,N/A,0,0,0,,,,,,,0,
63,30/08/2024 23:28:22,Non-Rural,Griffith University,1.65,7,65,1.65,N/A,0,0,0,,,,,,,0,GAM (financial disadvantage + personal difficulties)
64,30/08/2024 12:00:36,Non-Rural,Griffith University,1.64864285714286,6.938,65.75,1.64864285714286,N/A,0,2,0,Did not apply,Yes,,,,,0,
65,30/08/2024 11:30:54,Non-Rural,Griffith University,1.64457142857143,6.927,65.5,1.64457142857143,N/A,0,0,0,,,,,,,0,
66,04/09/2024 16:14:14,Non-Rural,Macquarie University,1.79392857142857,6.87,81.25,1.79392857142857,N/A,0,0,0,,,,,,,0,
67,31/08/2024 14:27:25,Non-Rural,Macquarie University,1.67587142857143,6.87,66.5,1.64642857142857,N/A,0,0,3,,,,,,,0,
68,30/08/2024 11:37:11,Non-Rural,Macquarie University,1.65642857142857,6.625,71,1.65642857142857,1st,0,0,0,,,,,,,0,
69,30/08/2024 11:30:14,Non-Rural,Macquarie University,1.6525,7,65.25,1.6525,3rd,0,0,0,,,,None,,,0,
70,30/08/2024 11:26:32,Non-Rural,Macquarie University,1.6475,7,64.75,1.6475,3rd,0,0,0,,,,,,,2,
71,30/08/2024 11:30:45,Non-Rural,Macquarie University,1.64285714285714,6.67,69,1.64285714285714,3rd,0,0,0,,,,None,,,0,
72,30/08/2024 19:12:51,Non-Rural,Macquarie University,1.63885714285714,6.887,65.5,1.63885714285714,2nd,0,0,0,,,,,,,0,
73,30/08/2024 12:03:16,Non-Rural,Macquarie University,1.63585714285714,6.901,65,1.63585714285714,3rd,0,0,0,,,,,,,0,
74,31/08/2024 17:47:50,Non-Rural,Macquarie University,1.63578571428571,6.813,66.25,1.63578571428571,3rd,0,2,0,Did not apply,,None,None,,,0,
75,01/09/2024 09:56:08,Non-Rural,Macquarie University,1.625,6.65,67.5,1.625,3rd,0,0,0,,No,,,,,0,
76,03/09/2024 12:36:57,Non-Rural,Macquarie University,1.62235714285714,6.719,66.25,1.62235714285714,4th,0,0,0,,,,,,,1,
77,30/08/2024 16:37:39,Non-Rural,Macquarie University,1.61642857142857,6.8,64.5,1.61642857142857,2nd,0,0,0,,,,,,,1,
78,30/08/2024 13:41:06,Non-Rural,Macquarie University,1.61392857142857,6.45,69.25,1.61392857142857,2nd,0,0,0,,,None,None,,,0,
79,30/08/2024 13:01:59,Non-Rural,Macquarie University,1.61227857142857,6.115,71.25,1.58607142857143,N/A,0,0,3,,,,,,,0,
80,30/08/2024 12:44:57,Non-Rural,The University of Melbourne,1.8023,6.713,84.33,1.8023,N/A,0,0,0,,No,,,,,0,
81,31/08/2024 00:30:27,Non-Rural,The University of Melbourne,1.79142857142857,6.8,82,1.79142857142857,N/A,0,0,0,,No,,,,,0,
82,04/09/2024 11:53:17,Non-Rural,The University of Melbourne,1.78142857142857,6.94,79,1.78142857142857,N/A,0,0,0,,No,,,,,0,
83,31/08/2024 10:05:20,Non-Rural,The University of Melbourne,1.78,7,78,1.78,N/A,0,0,0,,No,,,,,0,
84,24/09/2024 11:39:48,Non-Rural,The University of Melbourne,1.7767,7,77.67,1.7767,N/A,0,0,0,,No,,,,,0,
85,30/08/2024 15:31:06,Non-Rural,The University of Melbourne,1.77044285714286,6.84,79.33,1.77044285714286,N/A,0,0,0,,No,,,,,0,
86,30/08/2024 17:41:43,Non-Rural,The University of Melbourne,1.7633,7,76.33,1.7633,N/A,0,0,0,,No,,,,,0,
87,03/09/2024 10:26:50,Non-Rural,The University of Melbourne,1.75498571428571,6.988,75.67,1.75498571428571,4th,0,0,0,,No,,,,,0,
88,30/08/2024 17:16:47,Non-Rural,The University of Melbourne,1.74955714285714,6.81,77.67,1.74955714285714,N/A,0,0,0,,No,,,,,0,
89,30/08/2024 12:58:32,Non-Rural,The University of Melbourne,1.7433,7,74.33,1.7433,N/A,0,0,0,,No,,,,,0,
90,30/08/2024 23:04:17,Non-Rural,The University of Melbourne,1.7433,7,74.33,1.7433,N/A,0,0,0,,No,,,,,0,
91,01/09/2024 20:38:48,Non-Rural,The University of Melbourne,1.74214285714286,6.875,76,1.74214285714286,4th,0,0,0,,No,,,,,0,
92,30/08/2024 15:10:08,Non-Rural,The University of Melbourne,1.74,6.3,84,1.74,N/A,0,0,0,,No,,,,,0,
93,31/08/2024 22:12:21,Non-Rural,The University of Melbourne,1.73715714285714,6.677,78.33,1.73715714285714,4th,0,0,0,,No,,,,,0,
94,30/08/2024 22:45:16,Non-Rural,The University of Melbourne,1.73571428571429,6.9,75,1.73571428571429,N/A,0,0,0,,No,,,,,0,
95,02/09/2024 10:02:38,Non-Rural,The University of Melbourne,1.7333,7,73.33,1.7333,N/A,0,0,0,,No,,,,,0,
96,30/08/2024 12:49:42,Non-Rural,The University of Melbourne,1.73,7,73,1.73,N/A,0,0,0,,No,,,,,0,
97,30/08/2024 15:16:38,Non-Rural,The University of Melbourne,1.72901428571429,6.83,75.33,1.72901428571429,N/A,0,0,0,,No,,,,,0,
98,30/08/2024 12:39:24,Non-Rural,The University of Melbourne,1.7283,6.895,74.33,1.7283,N/A,0,0,0,,No,,,,,0,
99,30/08/2024 13:11:53,Non-Rural,The University of Melbourne,1.72615714285714,6.95,73.33,1.72615714285714,N/A,0,0,0,,No,,,,,0,
100,30/08/2024 12:39:52,Non-Rural,The University of Melbourne,1.72027142857143,6.955,72.67,1.72027142857143,N/A,0,0,0,,No,,,,,0,
101,30/08/2024 12:55:59,Non-Rural,The University of Melbourne,1.71701428571429,6.746,75.33,1.71701428571429,4th,0,0,0,,No,,,,,0,
102,30/08/2024 13:17:55,Non-Rural,The University of Melbourne,1.71701428571429,6.886,73.33,1.71701428571429,N/A,0,0,0,,Yes,,,,,0,
103,31/08/2024 11:53:30,Non-Rural,The University of Melbourne,1.71612857142857,6.786,74.67,1.71612857142857,N/A,0,0,0,,Yes,,,,,0,
104,31/08/2024 04:13:35,Non-Rural,The University of Melbourne,1.71541428571429,6.641,76.67,1.71541428571429,N/A,0,0,0,,No,,,,,0,
105,30/08/2024 14:01:54,Non-Rural,The University of Melbourne,1.71444285714286,6.938,72.33,1.71444285714286,N/A,0,0,0,,Yes,,,,,0,
106,31/08/2024 08:01:16,Non-Rural,The University of Melbourne,1.71342857142857,6.814,74,1.71342857142857,N/A,0,0,0,,No,,,,,0,
107,30/08/2024 12:49:39,Non-Rural,The University of Melbourne,1.708,6.986,71,1.708,3rd,0,0,0,,Yes,,,,,0,
108,30/08/2024 13:03:36,Non-Rural,The University of Melbourne,1.70672857142857,6.604,76.33,1.70672857142857,N/A,0,0,0,,Yes,,,,,0,
109,01/09/2024 15:54:52,Non-Rural,The University of Melbourne,1.70544285714286,6.875,72.33,1.70544285714286,N/A,0,0,0,,No,,,,,0,
110,30/08/2024 13:29:10,Non-Rural,The University of Melbourne,1.70541428571429,6.921,71.67,1.70541428571429,N/A,0,0,0,,No,,,,,0,"2nd application, interviewed last yr at unimelb"
111,01/09/2024 19:13:31,Non-Rural,The University of Melbourne,1.70312857142857,6.975,70.67,1.70312857142857,4th,0,0,0,,Yes,,,,,0,
112,02/09/2024 15:07:02,Non-Rural,The University of Melbourne,1.70285714285714,6.95,71,1.70285714285714,N/A,0,0,0,,No,,,,,0,
113,05/09/2024 21:57:44,Non-Rural,The University of Melbourne,1.70285714285714,6.95,71,1.70285714285714,N/A,0,0,0,,Yes,,,,,0,
114,30/08/2024 22:57:22,Non-Rural,The University of Melbourne,1.7017,6.895,71.67,1.7017,4th,0,0,0,,Yes,,,,,0,
115,30/08/2024 14:22:33,Non-Rural,The University of Melbourne,1.70142857142857,6.73,74,1.70142857142857,N/A,0,0,0,,No,,,,,0,
116,30/08/2024 15:00:30,Non-Rural,The University of Melbourne,1.7,6.79,73,1.7,N/A,0,0,0,,No,,,,,0,
117,30/08/2024 13:22:17,Non-Rural,The University of Melbourne,1.69971428571429,6.858,72,1.69971428571429,N/A,0,0,0,,No,,,,,0,
118,30/08/2024 13:33:11,Non-Rural,The University of Melbourne,1.6967,7,69.67,1.6967,3rd,0,0,0,,No,,,,,0,
119,31/08/2024 01:09:16,Non-Rural,The University of Melbourne,1.6933,7,69.33,1.6933,4th,0,0,0,,No,,,,,0,No
120,30/08/2024 13:22:40,Non-Rural,The University of Melbourne,1.69241428571429,6.9,70.67,1.69241428571429,N/A,0,0,0,,Yes,,,,,0,
121,30/08/2024 23:35:46,Non-Rural,The University of Melbourne,1.69142857142857,6.94,70,1.69142857142857,N/A,0,0,0,,No,,,,,0,
122,30/08/2024 13:55:24,Non-Rural,The University of Melbourne,1.69,7,69,1.69,4th,0,0,0,,Yes,,,,,0,
123,30/08/2024 16:27:39,Non-Rural,The University of Melbourne,1.69,7,69,1.69,N/A,0,0,0,,No,,,,,0,
124,30/08/2024 14:02:25,Non-Rural,The University of Melbourne,1.68901428571429,6.9,70.33,1.68901428571429,N/A,0,0,0,,No,,,,,0,
125,30/08/2024 17:55:38,Non-Rural,The University of Melbourne,1.687,6.629,74,1.687,N/A,0,0,0,,Yes,,,,,0,
126,30/08/2024 14:20:03,Non-Rural,The University of Melbourne,1.68615714285714,6.88,70.33,1.68615714285714,N/A,0,0,0,,No,,,,,0,n/a
127,30/08/2024 12:55:56,Non-Rural,The University of Melbourne,1.686,6.762,72,1.686,N/A,0,0,0,,Yes,,,,,0,
128,30/08/2024 12:43:44,Non-Rural,The University of Melbourne,1.68598571428571,6.925,69.67,1.68598571428571,2nd,0,0,0,,No,,,,,0,
129,30/08/2024 15:35:11,Non-Rural,The University of Melbourne,1.68584285714286,6.854,70.67,1.68584285714286,N/A,0,0,0,,No,,,,,0,
130,30/08/2024 13:07:41,Non-Rural,The University of Melbourne,1.68571428571429,6.9,70,1.68571428571429,N/A,0,0,0,,No,,,,,0,
131,04/09/2024 08:21:55,Non-Rural,The University of Melbourne,1.68271428571429,6.809,71,1.68271428571429,4th,0,0,0,,No,,,,,0,
132,30/08/2024 12:43:42,Non-Rural,The University of Melbourne,1.68258571428571,6.925,69.33,1.68258571428571,N/A,0,0,0,,No,,,,,0,
133,30/08/2024 15:33:21,Non-Rural,The University of Melbourne,1.68241428571429,6.97,68.67,1.68241428571429,4th,0,0,0,,No,,,,,0,
134,30/08/2024 12:43:24,Non-Rural,The University of Melbourne,1.68141428571429,6.963,68.67,1.68141428571429,4th,0,0,0,,No,,,,,0,
135,30/08/2024 12:47:23,Non-Rural,The University of Melbourne,1.68,7,68,1.68,3rd,0,0,0,,No,,,,,0,
136,30/08/2024 22:45:55,Non-Rural,The University of Melbourne,1.67857142857143,6.85,70,1.67857142857143,4th,0,0,0,,No,,,,,0,
137,01/09/2024 13:27:44,Non-Rural,The University of Melbourne,1.67571428571429,6.9,69,1.67571428571429,4th,0,0,0,,No,,,,,0,
138,30/08/2024 14:00:06,Non-Rural,The University of Melbourne,1.67455714285714,6.775,70.67,1.67455714285714,4th,0,0,0,,No,,,,,0,
139,31/08/2024 20:41:47,Non-Rural,The University of Melbourne,1.67441428571429,6.704,71.67,1.67441428571429,N/A,0,0,0,,Yes,,,,,0,
140,30/08/2024 13:04:17,Non-Rural,The University of Melbourne,1.67371428571429,6.886,69,1.67371428571429,N/A,0,0,0,,No,,,,,0,
141,30/08/2024 17:58:41,Non-Rural,The University of Melbourne,1.67072857142857,6.632,72.33,1.67072857142857,N/A,0,0,0,,No,,,,,0,
142,31/08/2024 04:13:57,Non-Rural,The University of Melbourne,1.66972857142857,6.905,68.33,1.66972857142857,2nd,0,0,0,,No,,,,,0,
143,02/09/2024 00:31:48,Non-Rural,The University of Melbourne,1.66812857142857,6.31,76.67,1.66812857142857,N/A,0,0,0,,No,,,,,0,
144,30/08/2024 16:51:58,Non-Rural,The University of Melbourne,1.66785714285714,6.425,75,1.66785714285714,4th,0,0,0,,Yes,,,,,0,
145,30/08/2024 13:27:48,Non-Rural,The University of Melbourne,1.66758571428571,6.4,75.33,1.66758571428571,4th,0,0,0,,No,,,,,0,
146,03/09/2024 21:54:00,Non-Rural,The University of Melbourne,1.66714285714286,6.98,67,1.66714285714286,4th,0,0,0,,No,,,,,0,
147,30/08/2024 14:24:00,Non-Rural,The University of Melbourne,1.6667,7,66.67,1.6667,4th,0,0,0,,No,,,,,0,
148,30/08/2024 12:51:23,Non-Rural,The University of Melbourne,1.6663,6.811,69.33,1.6663,4th,0,0,0,,No,,,,,0,
149,30/08/2024 14:29:45,Non-Rural,The University of Melbourne,1.66587142857143,6.808,69.33,1.66587142857143,4th,0,0,0,,No,,,,,0,
150,30/08/2024 12:48:22,Non-Rural,The University of Melbourne,1.66572857142857,6.667,71.33,1.66572857142857,N/A,0,0,0,,No,,,,,0,"i am just as surprised as you are. if accepted, it will likely be FFP"
151,30/08/2024 14:06:54,Non-Rural,The University of Melbourne,1.45344285714286,6.021,59.33,1.45344285714286,N/A,0,0,0,,Yes,,,,,0,
152,05/09/2024 15:56:33,Non-Rural,The University of Notre Dame Fremantle,1.67285714285714,6.67,72,1.67285714285714,4th,0,0,0,,,WA Res,,,,0,
153,05/09/2024 16:01:04,Non-Rural,The University of Notre Dame Fremantle,1.67255714285714,6.691,71.67,1.67255714285714,2nd,0,0,0,,,None,,,,0,
154,30/08/2024 22:30:34,Non-Rural,The University of Notre Dame Fremantle,1.66687142857143,6.885,68.33,1.66687142857143,4th,0,0,0,,,WA Res,,,,0,
155,30/08/2024 18:31:26,Non-Rural,The University of Notre Dame Fremantle,1.6633,7,66.33,1.6633,3rd,0,0,0,,,WA Res,,,,0,
156,31/08/2024 10:41:36,Non-Rural,The University of Notre Dame Fremantle,1.66227142857143,6.969,66.67,1.66227142857143,2nd,0,0,0,,,WA Res,,,,0,
157,01/09/2024 11:18:37,Non-Rural,The University of Notre Dame Fremantle,1.65312857142857,6.625,70.67,1.65312857142857,4th,0,0,0,,,WA Res,,,,0,
158,30/08/2024 12:12:24,Non-Rural,The University of Notre Dame Fremantle,1.64012857142857,6.604,69.67,1.64012857142857,3rd,0,0,0,,,None,,,Toowoomba,0,
159,30/08/2024 11:55:35,Non-Rural,The University of Notre Dame Fremantle,1.63471428571429,6.893,65,1.63471428571429,3rd,0,0,0,Did not apply,,None,None,Tier 3,,2,
160,30/08/2024 15:55:05,Non-Rural,The University of Notre Dame Fremantle,1.63387142857143,6.724,67.33,1.63387142857143,3rd,0,0,0,,,None,,,,0,
161,31/08/2024 14:51:42,Non-Rural,The University of Notre Dame Fremantle,1.63214285714286,6.875,65,1.63214285714286,4th,0,0,0,,,WA Res,,,,1,
162,30/08/2024 11:42:51,Non-Rural,The University of Notre Dame Fremantle,1.62955714285714,6.6,68.67,1.62955714285714,3rd,0,2,0,Did not apply,,None,None,,,0,
163,30/08/2024 12:32:13,Non-Rural,The University of Notre Dame Fremantle,1.62901428571429,6.9,64.33,1.62901428571429,4th,0,0,0,,,WA Res,,,Toowoomba,0,
164,30/08/2024 12:11:19,Non-Rural,The University of Notre Dame Fremantle,1.62814285714286,6.917,64,1.62814285714286,4th,0,0,0,,,None,,Tier 3,,0,
165,30/08/2024 11:34:35,Non-Rural,The University of Notre Dame Fremantle,1.62812857142857,6.59,68.67,1.62812857142857,4th,0,0,0,Did not apply,No,WA Res,,,,1,
166,30/08/2024 15:44:13,Non-Rural,The University of Notre Dame Fremantle,1.62571428571429,6.97,63,1.62571428571429,3rd,0,0,0,,,None,None,,,0,
167,10/09/2024 17:53:07,Non-Rural,The University of Notre Dame Fremantle,1.62544285714286,6.665,67.33,1.62544285714286,3rd,0,0,0,,,None,None,,,0,
168,30/08/2024 18:17:29,Non-Rural,The University of Notre Dame Fremantle,1.62312857142857,6.695,66.67,1.62312857142857,3rd,0,0,0,,No,None,None,,,1,
169,30/08/2024 12:05:35,Non-Rural,The University of Notre Dame Fremantle,1.61971428571429,6.438,70,1.61971428571429,3rd,0,0,0,,,None,,,,0,
170,01/09/2024 23:57:49,Non-Rural,The University of Notre Dame Fremantle,1.61844285714286,6.896,63.33,1.61844285714286,4th,0,0,0,,,None,,,,0,
171,20/09/2024 10:59:40,Non-Rural,The University of Notre Dame Fremantle,1.61641428571429,6.648,66.67,1.61641428571429,4th,0,0,0,,No,None,,,,0,
172,31/08/2024 20:28:26,Non-Rural,The University of Notre Dame Fremantle,1.6133,7,61.33,1.6133,4th,0,0,0,,,None,,,,0,
173,30/08/2024 17:27:35,Non-Rural,The University of Notre Dame Fremantle,1.61327142857143,6.906,62.67,1.61327142857143,4th,0,0,0,,,WA Res,,,,0,
174,30/08/2024 13:09:15,Non-Rural,The University of Notre Dame Fremantle,1.60615714285714,6.6,66.33,1.60615714285714,3rd,0,0,0,,,WA Res,,,,0,No
175,31/08/2024 12:48:14,Non-Rural,The University of Notre Dame Fremantle,1.60472857142857,6.73,64.33,1.60472857142857,4th,0,4,0,Did not apply,No,None,None,,,0,
176,30/08/2024 13:57:17,Non-Rural,The University of Notre Dame Fremantle,1.60385714285714,6.677,65,1.60385714285714,3rd,0,0,0,,,WA Res,,,,1,
177,30/08/2024 12:01:23,Non-Rural,The University of Notre Dame Fremantle,1.60028571428571,6.792,63,1.60028571428571,4th,0,0,0,,Yes,None,,,,1,
178,30/08/2024 11:30:18,Non-Rural,The University of Notre Dame Fremantle,1.59927142857143,6.948,60.67,1.59927142857143,4th,0,0,0,,,None,,,,0,
179,31/08/2024 16:13:39,Non-Rural,The University of Notre Dame Fremantle,1.59615714285714,6.81,62.33,1.59615714285714,4th,0,0,0,,No,None,,,,0,
180,30/08/2024 19:22:06,Non-Rural,The University of Notre Dame Fremantle,1.59257142857143,6.808,62,1.59257142857143,4th,0,2,0,Did not apply,,None,None,,,0,
181,30/08/2024 11:31:10,Non-Rural,The University of Notre Dame Fremantle,1.59044285714286,6.56,65.33,1.59044285714286,4th,0,0,0,Did not apply,No,None,None,,,0,
182,30/08/2024 14:02:17,Non-Rural,The University of Notre Dame Fremantle,1.59042857142857,6.443,67,1.59042857142857,4th,0,0,0,,,WA Res,,,,0,
183,30/08/2024 12:40:23,Non-Rural,The University of Notre Dame Fremantle,1.59014285714286,6.371,68,1.59014285714286,4th,0,0,0,,,WA Res,,,Toowoomba,2,"I got a rejection from UOW, but the other universities haven't said anything to me."
184,01/09/2024 11:25:20,Non-Rural,The University of Notre Dame Fremantle,1.58857142857143,6.15,71,1.58857142857143,1st,0,0,0,,,None,,Tier 3,,0,
185,31/08/2024 22:52:00,Non-Rural,The University of Notre Dame Fremantle,1.58812857142857,6.59,64.67,1.58812857142857,4th,0,0,0,,,WA Res,,,,0,
186,17/09/2024 23:05:16,Non-Rural,The University of Notre Dame Fremantle,1.58698571428571,6.582,64.67,1.58698571428571,4th,0,0,0,,,None,None,,,2,
187,30/08/2024 17:19:19,Non-Rural,The University of Notre Dame Fremantle,1.58544285714286,6.385,67.33,1.58544285714286,4th,0,0,0,,,WA Res,,,,0,
188,30/08/2024 12:21:28,Non-Rural,The University of Notre Dame Fremantle,1.58055714285714,6.677,62.67,1.58055714285714,4th,0,0,0,,,WA Res,,,,0,
189,30/08/2024 21:12:20,Non-Rural,The University of Notre Dame Fremantle,1.57885714285714,6.712,62,1.57885714285714,4th,0,0,0,,,WA Res,,,,4,
190,30/08/2024 11:39:55,Non-Rural,The University of Notre Dame Fremantle,1.56701428571429,5.486,78.33,1.56701428571429,4th,2,4,0,Did not apply,,None,None,,,0,mature age student and career scientist/research
191,30/08/2024 11:37:36,Non-Rural,The University of Notre Dame Fremantle,1.55758571428571,6.4,64.33,1.55758571428571,4th,0,0,0,,,WA Res,,,,0,
192,30/08/2024 16:41:29,Non-Rural,The University of Notre Dame Fremantle,1.55758571428571,6.61,61.33,1.55758571428571,4th,0,0,0,,,WA Res,,,,0,
193,04/09/2024 13:59:45,Non-Rural,The University of Notre Dame Sydney,1.7937,6.979,79.67,1.7937,4th,0,0,0,,,,None,,,0,
194,31/08/2024 00:30:18,Non-Rural,The University of Notre Dame Sydney,1.74,7,74,1.74,4th,0,0,0,,,,None,,,0,
195,30/08/2024 12:50:07,Non-Rural,The University of Notre Dame Sydney,1.73215714285714,6.852,75.33,1.73215714285714,3rd,0,0,0,,,,None,,,0,
196,30/08/2024 11:30:46,Non-Rural,The University of Notre Dame Sydney,1.72714285714286,6.91,74,1.72714285714286,4th,0,0,0,,,,None,,,0,
197,30/08/2024 12:07:35,Non-Rural,The University of Notre Dame Sydney,1.7167,7,71.67,1.7167,4th,0,0,0,,,,None,,,0,
198,02/09/2024 11:16:13,Non-Rural,The University of Notre Dame Sydney,1.71527142857143,6.99,71.67,1.71527142857143,4th,0,0,0,,,,None,,,0,
199,30/08/2024 11:39:57,Non-Rural,The University of Notre Dame Sydney,1.71257142857143,6.948,72,1.71257142857143,4th,0,0,0,,,,None,,,1,
200,30/08/2024 12:37:35,Non-Rural,The University of Notre Dame Sydney,1.70841428571429,6.802,73.67,1.70841428571429,4th,0,0,0,,,,None,,,0,
201,05/09/2024 23:45:21,Non-Rural,The University of Notre Dame Sydney,1.70527142857143,6.78,73.67,1.70527142857143,4th,0,0,0,,,,None,,,0,"unweighted gpa was 6.760, weighted 6.844"
202,07/09/2024 17:06:59,Non-Rural,The University of Notre Dame Sydney,1.70101428571429,6.844,72.33,1.70101428571429,4th,0,0,0,,,,None,,,0,
203,31/08/2024 14:56:53,Non-Rural,The University of Notre Dame Sydney,1.69098571428571,6.75,72.67,1.69098571428571,4th,0,0,0,,,,None,,,0,
204,30/08/2024 23:55:30,Non-Rural,The University of Notre Dame Sydney,1.69001428571429,6.837,71.33,1.69001428571429,4th,0,0,0,,,,None,,,0,
205,30/08/2024 12:51:04,Non-Rural,The University of Notre Dame Sydney,1.68987142857143,6.906,70.33,1.68987142857143,3rd,0,0,0,,,,None,,,0,
206,30/08/2024 14:52:03,Non-Rural,The University of Notre Dame Sydney,1.67571428571429,6.9,69,1.67571428571429,4th,0,0,0,,,,None,,,0,
207,30/08/2024 11:28:05,Non-Rural,The University of Notre Dame Sydney,1.67542857142857,6.618,73,1.67542857142857,2nd,0,0,0,,,,None,,,0,
208,30/08/2024 11:27:35,Non-Rural,The University of Notre Dame Sydney,1.67244285714286,6.854,69.33,1.67244285714286,3rd,0,0,0,,,,None,,,0,
209,31/08/2024 08:40:49,Non-Rural,The University of Notre Dame Sydney,1.67101428571429,6.984,67.33,1.67101428571429,4th,0,0,0,,,,None,,,0,
210,30/08/2024 19:00:17,Non-Rural,The University of Notre Dame Sydney,1.67084285714286,6.889,68.67,1.67084285714286,3rd,0,0,0,,,,None,,,0,
211,30/08/2024 11:37:29,Non-Rural,The University of Notre Dame Sydney,1.66858571428571,6.757,70.33,1.66858571428571,4th,0,0,0,,,,None,,,0,
212,30/08/2024 18:19:25,Non-Rural,The University of Notre Dame Sydney,1.667,6.979,67,1.667,4th,0,0,0,,,,None,,,0,
213,30/08/2024 14:32:06,Non-Rural,The University of Notre Dame Sydney,1.66044285714286,6.84,68.33,1.66044285714286,1st,0,0,0,,,,None,,,0,
214,30/08/2024 16:58:09,Non-Rural,The University of Notre Dame Sydney,1.65758571428571,6.82,68.33,1.65758571428571,4th,0,0,0,,,,None,,,1,
215,01/09/2024 16:26:11,Non-Rural,The University of Notre Dame Sydney,1.65527142857143,6.99,65.67,1.65527142857143,4th,0,0,0,,,,None,,,0,
216,30/08/2024 14:30:24,Non-Rural,The University of Notre Dame Sydney,1.65527142857143,6.71,69.67,1.65527142857143,1st,0,0,0,,,,None,,,1,
217,17/09/2024 17:37:48,Non-Rural,The University of Notre Dame Sydney,1.65472857142857,6.87,67.33,1.65472857142857,4th,0,0,0,,,,None,,,0,No
218,31/08/2024 11:40:34,Non-Rural,The University of Notre Dame Sydney,1.65472857142857,6.38,74.33,1.65472857142857,2nd,0,0,0,,,,None,,,0,
219,30/08/2024 17:07:33,Non-Rural,The University of Notre Dame Sydney,1.6533,7,65.33,1.6533,3rd,0,0,0,Did not apply,Yes,,None,,,0,
220,30/08/2024 13:55:20,Non-Rural,The University of Notre Dame Sydney,1.65142857142857,6.8,68,1.65142857142857,3rd,0,0,0,,No,,None,,,0,
221,30/08/2024 21:50:19,Non-Rural,The University of Notre Dame Sydney,1.6513,6.636,70.33,1.6513,3rd,0,0,0,,,,None,,,1,
222,30/08/2024 12:18:49,Non-Rural,The University of Notre Dame Sydney,1.65098571428571,6.75,68.67,1.65098571428571,4th,0,0,0,,No,,None,,,1,
223,31/08/2024 15:09:33,Non-Rural,The University of Notre Dame Sydney,1.65044285714286,6.7,69.33,1.65044285714286,3rd,0,0,0,,,,None,,,0,
224,30/08/2024 11:28:51,Non-Rural,The University of Notre Dame Sydney,1.64812857142857,6.8,67.67,1.64812857142857,3rd,0,0,0,,,,None,,,2,
225,30/08/2024 19:09:11,Non-Rural,The University of Notre Dame Sydney,1.6473,6.958,65.33,1.6473,4th,0,0,0,,,,None,,,3,
226,30/08/2024 23:52:02,Non-Rural,The University of Notre Dame Sydney,1.64714285714286,6.7,69,1.64714285714286,3rd,0,0,0,,,,None,,,0,
227,30/08/2024 11:40:39,Non-Rural,The University of Notre Dame Sydney,1.647,6.979,65,1.647,4th,0,0,0,Did not apply,No,,None,,,0,
228,30/08/2024 11:56:41,Non-Rural,The University of Notre Dame Sydney,1.64598571428571,6.575,70.67,1.64598571428571,3rd,0,0,0,,,,None,,,0,
229,30/08/2024 12:29:57,Non-Rural,The University of Notre Dame Sydney,1.64527142857143,6.5,71.67,1.64527142857143,4th,2,0,0,,,,None,,,0,
230,19/09/2024 21:55:02,Non-Rural,The University of Notre Dame Sydney,1.64484285714286,6.917,65.67,1.64484285714286,4th,0,0,0,,,,None,,,0,
231,30/08/2024 12:33:27,Non-Rural,The University of Notre Dame Sydney,1.64385714285714,6.607,70,1.64385714285714,3rd,0,0,0,Did not apply,Yes,,None,,,0,
232,02/09/2024 17:24:36,Non-Rural,The University of Notre Dame Sydney,1.64215714285714,6.712,68.33,1.64215714285714,4th,0,0,0,,,,None,,,0,
233,30/08/2024 15:45:31,Non-Rural,The University of Notre Dame Sydney,1.63901428571429,6.76,67.33,1.63901428571429,4th,0,0,0,,,,None,,,0,
234,30/08/2024 11:25:55,Non-Rural,The University of Notre Dame Sydney,1.63785714285714,6.635,69,1.63785714285714,4th,0,0,0,,,,None,,,0,
235,01/09/2024 15:07:29,Non-Rural,The University of Notre Dame Sydney,1.63714285714286,6.77,67,1.63714285714286,4th,0,0,0,,,,None,,,0,
236,01/09/2024 12:13:49,Non-Rural,The University of Notre Dame Sydney,1.63285714285714,6.67,68,1.63285714285714,4th,0,0,0,,,,None,,,0,N/A
237,30/08/2024 15:40:25,Non-Rural,The University of Notre Dame Sydney,1.63141428571429,6.823,65.67,1.63141428571429,4th,0,0,0,Did not apply,No,,None,,,1,
238,30/08/2024 15:22:26,Non-Rural,The University of Notre Dame Sydney,1.63,7,63,1.63,4th,0,0,0,,,,None,,,0,
239,30/08/2024 12:19:25,Non-Rural,The University of Notre Dame Sydney,1.62955714285714,6.6,68.67,1.62955714285714,4th,0,0,0,,,,None,,,0,
240,30/08/2024 16:05:36,Non-Rural,The University of Notre Dame Sydney,1.6273,6.188,74.33,1.6273,3rd,0,0,0,,,,None,,,0,
241,30/08/2024 11:30:20,Non-Rural,The University of Notre Dame Sydney,1.62715714285714,6.677,67.33,1.62715714285714,4th,0,0,0,,,,None,,,0,
242,31/08/2024 09:49:39,Non-Rural,The University of Notre Dame Sydney,1.62715714285714,6.607,68.33,1.62715714285714,4th,0,0,0,,No,,None,,,0,
243,01/09/2024 06:13:36,Non-Rural,The University of Notre Dame Sydney,1.62627142857143,6.927,63.67,1.62627142857143,4th,0,0,0,,,,HDR,,,0,
244,30/08/2024 15:52:27,Non-Rural,The University of Notre Dame Sydney,1.626,6.902,64,1.626,4th,0,0,0,Did not apply,No,,None,,,0,
245,30/08/2024 12:09:59,Non-Rural,The University of Notre Dame Sydney,1.62401428571429,6.655,67.33,1.62401428571429,4th,0,0,0,,,,None,,,0,I'm sad :(
246,30/08/2024 11:41:17,Non-Rural,The University of Notre Dame Sydney,1.62387142857143,6.304,72.33,1.62387142857143,4th,0,0,0,Did not apply,Yes,,None,,,0,
247,01/09/2024 16:30:49,Non-Rural,The University of Notre Dame Sydney,1.62342857142857,6.814,65,1.62342857142857,4th,0,0,0,,,,None,,,1,
248,30/08/2024 20:27:17,Non-Rural,The University of Notre Dame Sydney,1.62027142857143,6.885,63.67,1.62027142857143,4th,0,0,0,,,,None,,,0,
249,30/08/2024 11:34:03,Non-Rural,The University of Notre Dame Sydney,1.61942857142857,6.646,67,1.61942857142857,4th,0,0,0,,,,None,,,0,
250,12/09/2024 08:32:46,Non-Rural,The University of Notre Dame Sydney,1.61658571428571,6.743,65.33,1.61658571428571,4th,0,0,0,,,,None,,,0,
251,30/08/2024 12:26:47,Non-Rural,The University of Notre Dame Sydney,1.61587142857143,6.458,69.33,1.61587142857143,4th,0,0,0,Did not apply,,,None,,,0,
252,30/08/2024 19:16:50,Non-Rural,The University of Notre Dame Sydney,1.6153,6.594,67.33,1.6153,4th,0,0,0,,,,None,,,0,
253,31/08/2024 11:05:01,Non-Rural,The University of Notre Dame Sydney,1.61301428571429,6.438,69.33,1.61301428571429,4th,0,0,0,,,,None,,,0,
254,30/08/2024 11:58:00,Non-Rural,The University of Notre Dame Sydney,1.61241428571429,6.69,65.67,1.61241428571429,4th,0,0,0,,,,None,,,0,
255,01/09/2024 12:19:32,Non-Rural,The University of Notre Dame Sydney,1.61128571428571,6.729,65,1.61128571428571,4th,0,0,0,Did not apply,No,,None,,,0,
256,31/08/2024 01:39:37,Non-Rural,The University of Notre Dame Sydney,1.61044285714286,6.84,63.33,1.61044285714286,4th,0,0,0,,,,None,,,0,
257,30/08/2024 11:33:43,Non-Rural,The University of Notre Dame Sydney,1.60641428571429,5.948,75.67,1.60641428571429,3rd,0,0,0,,,,None,,,0,
258,30/08/2024 13:11:33,Non-Rural,The University of Notre Dame Sydney,1.60541428571429,6.501,67.67,1.60541428571429,4th,0,0,0,,,,None,,,0,"I did the UND Graduate Diploma of Health and Medical Sciences. (Received 6HDs, 2Ds)"
259,30/08/2024 14:23:49,Non-Rural,The University of Notre Dame Sydney,1.60244285714286,6.854,62.33,1.60244285714286,2nd,0,0,0,,,,None,,,1,
260,30/08/2024 11:54:45,Non-Rural,The University of Notre Dame Sydney,1.60098571428571,6.75,63.67,1.60098571428571,4th,0,0,0,,,,None,,,0,Did very well in CASPer IMO
261,30/08/2024 13:09:02,Non-Rural,The University of Notre Dame Sydney,1.58428571428571,6.33,68,1.58428571428571,4th,0,0,0,,,,None,,,0,4th qrt Casper
262,03/09/2024 14:44:58,Non-Rural,The University of Notre Dame Sydney,1.5833,6.3,68.33,1.5833,4th,0,0,0,,,,None,,,1,
263,30/08/2024 12:10:07,Non-Rural,The University of Notre Dame Sydney,1.57801428571429,6.333,67.33,1.57801428571429,4th,0,0,0,,,,None,,,0,Pre-med
264,30/08/2024 12:46:42,Non-Rural,The University of Notre Dame Sydney,1.56955714285714,6.25,67.67,1.56955714285714,4th,0,0,0,,,,None,,,0,I did the Graduate Diploma in Health and Medical Science and made deen's list with gives you an interview.
265,30/08/2024 15:06:26,Non-Rural,The University of Notre Dame Sydney,1.4733,6.3,57.33,1.4733,2nd,0,0,0,,,,None,,,0,
266,30/08/2024 13:31:26,Non-Rural,The University of Queensland (Greater Brisbane),1.80642857142857,6.975,81,1.80642857142857,N/A,0,0,0,,,,,,,0,
267,30/08/2024 16:53:56,Non-Rural,The University of Queensland (Greater Brisbane),1.7933,7,79.33,1.7933,N/A,0,0,0,,,,,,,0,
268,30/08/2024 11:46:01,Non-Rural,The University of Queensland (Greater Brisbane),1.76444285714286,6.938,77.33,1.76444285714286,N/A,0,0,0,,,,,,,0,
269,30/08/2024 11:37:36,Non-Rural,The University of Queensland (Greater Brisbane),1.72998571428571,6.813,75.67,1.72998571428571,N/A,0,0,0,,,,,,,0,
270,30/08/2024 14:32:39,Non-Rural,The University of Queensland (Greater Brisbane),1.7267,7,72.67,1.7267,4th,0,0,0,,,,,,,0,
271,30/08/2024 13:56:33,Non-Rural,The University of Queensland (Greater Brisbane),1.72,7,72,1.72,N/A,0,0,0,,,,,,,0,
272,30/08/2024 17:37:35,Non-Rural,The University of Queensland (Greater Brisbane),1.7107,6.958,71.67,1.7107,N/A,0,0,0,,,,,,,0,
273,31/08/2024 16:59:40,Non-Rural,The University of Queensland (Greater Brisbane),1.6967,7,69.67,1.6967,N/A,0,0,0,,,,,,,1,
274,30/08/2024 14:07:01,Non-Rural,The University of Queensland (Greater Brisbane),1.6933,7,69.33,1.6933,4th,0,4,0,Did not apply,,None,None,,,0,
275,30/08/2024 11:59:30,Non-Rural,The University of Queensland (Greater Brisbane),1.69,7,69,1.69,4th,0,0,0,,,,,,,0,
276,31/08/2024 10:18:53,Non-Rural,The University of Queensland (Greater Brisbane),1.68758571428571,6.68,73.33,1.68758571428571,N/A,0,0,0,,,,,,,0,
277,30/08/2024 12:53:51,Non-Rural,The University of Queensland (Greater Brisbane),1.6867,7,68.67,1.6867,N/A,0,0,0,,,,,,,0,
278,30/08/2024 21:56:26,Non-Rural,The University of Queensland (Greater Brisbane),1.67741428571429,6.865,69.67,1.67741428571429,N/A,0,0,0,,,,,,,0,
279,30/08/2024 21:49:07,Non-Rural,The University of Queensland (Greater Brisbane),1.6767,7,67.67,1.6767,2nd,0,0,0,,,,,,,0,
280,30/08/2024 13:50:29,Non-Rural,The University of Queensland (Greater Brisbane),1.67444285714286,6.938,68.33,1.67444285714286,N/A,0,0,0,,,,,,,0,
281,30/08/2024 22:10:18,Non-Rural,The University of Queensland (Greater Brisbane),1.67142857142857,6.87,69,1.67142857142857,2nd,0,0,0,,No,,,,,0,
282,01/09/2024 12:38:54,Non-Rural,The University of Queensland (Greater Brisbane),1.66512857142857,6.569,72.67,1.66512857142857,2nd,0,0,0,,,,None,,,0,
283,30/08/2024 15:42:10,Non-Rural,The University of Queensland (Greater Brisbane),1.66444285714286,6.868,68.33,1.66444285714286,2nd,0,0,0,,,,None,,,0,
284,30/08/2024 16:32:58,Non-Rural,The University of Queensland (Greater Brisbane),1.6633,6.65,71.33,1.6633,4th,0,0,0,Did not apply,No,,,,,0,
285,31/08/2024 19:16:06,Non-Rural,The University of Queensland (Greater Brisbane),1.66285714285714,6.6,72,1.66285714285714,N/A,0,0,0,,,,,,,0,
286,30/08/2024 13:05:33,Non-Rural,The University of Queensland (Greater Brisbane),1.66,7,66,1.66,4th,0,0,0,,,,,,,0,
287,31/08/2024 15:51:41,Non-Rural,The University of Queensland (Greater Brisbane),1.66,7,66,1.66,N/A,0,0,0,,,,,,,0,
288,30/08/2024 18:01:14,Non-Rural,The University of Queensland (Greater Brisbane),1.65814285714286,6.917,67,1.65814285714286,N/A,0,0,0,,,,,,,0,
289,30/08/2024 12:10:03,Non-Rural,The University of Queensland (Greater Brisbane),1.6567,7,65.67,1.6567,N/A,0,0,0,,No,,,,,0,
290,30/08/2024 16:35:31,Non-Rural,The University of Queensland (Greater Brisbane),1.65571428571429,6.9,67,1.65571428571429,3rd,0,0,0,Did not apply,Yes,,None,,,0,
291,01/09/2024 15:47:36,Non-Rural,The University of Queensland (Greater Brisbane),1.6517,6.685,69.67,1.6517,3rd,0,0,0,,No,,,,,0,
292,30/08/2024 12:06:39,Non-Rural,The University of Queensland (Greater Brisbane),1.64901428571429,6.2,76.33,1.64901428571429,N/A,0,0,0,,,,,,,0,
293,30/08/2024 12:02:22,Non-Rural,The University of Queensland (Greater Brisbane),1.6433,7,64.33,1.6433,3rd,0,0,0,,,,,,,0,
294,30/08/2024 22:08:20,Non-Rural,The University of Queensland (Greater Brisbane),1.6433,7,64.33,1.6433,3rd,0,0,0,,,,None,,,0,
295,31/08/2024 22:53:53,Non-Rural,The University of Queensland (Greater Brisbane),1.64241428571429,6.69,68.67,1.64241428571429,4th,0,0,0,,,,,,,0,
296,30/08/2024 13:02:31,Non-Rural,The University of Queensland (Greater Brisbane),1.64,7,64,1.64,N/A,0,0,0,,No,,,,,0,Received an email from Melbourne asking for information about my PhD so I could be considered for interview re-ranking.
297,30/08/2024 13:15:41,Non-Rural,The University of Queensland (Greater Brisbane),1.64,7,64,1.64,N/A,0,0,0,,,,,,,0,
298,30/08/2024 13:22:49,Non-Rural,The University of Queensland (Greater Brisbane),1.63798571428571,6.589,69.67,1.63798571428571,4th,0,0,0,,,,,,,1,
299,30/08/2024 20:55:51,Non-Rural,The University of Queensland (Greater Brisbane),1.63472857142857,6.8,66.33,1.63472857142857,2nd,0,0,0,,,,None,,,0,
300,01/09/2024 10:45:14,Non-Rural,The University of Queensland (Greater Brisbane),1.63312857142857,6.345,72.67,1.63312857142857,3rd,0,0,0,,,,,,,2,Applied RMP- recieved GB interview -Luke
301,30/08/2024 12:08:31,Non-Rural,The University of Queensland (Greater Brisbane),1.63,7,63,1.63,1st,0,0,0,,,,None,,,0,
302,30/08/2024 12:10:06,Non-Rural,The University of Queensland (Greater Brisbane),1.63,7,63,1.63,N/A,0,0,0,,,,,,,0,
303,30/08/2024 12:17:26,Non-Rural,The University of Queensland (Greater Brisbane),1.63,7,63,1.63,2nd,0,0,0,Did not apply,No,,,,,0,"First Class Honours, 2% ANU bonus"
304,30/08/2024 14:16:17,Non-Rural,The University of Queensland (Greater Brisbane),1.63,7,63,1.63,3rd,0,8,0,Did not apply,,,,,,0,
305,30/08/2024 19:01:21,Non-Rural,The University of Queensland (Greater Brisbane),1.63,6.86,65,1.63,N/A,0,0,0,Did not apply,,,,,Toowoomba,0,1st class honours
306,30/08/2024 15:35:27,Non-Rural,The University of Queensland (RMP/DDMP),1.71,7,71,1.71,1st,0,0,0,,,,,Tier 3,Rockhampton,2,
307,31/08/2024 13:59:55,Non-Rural,The University of Queensland (RMP/DDMP),1.69,7,69,1.69,3rd,0,0,0,,,,,Tier 3,Toowoomba,0,
308,30/08/2024 21:28:39,Non-Rural,The University of Queensland (RMP/DDMP),1.69,6.93,70,1.69,N/A,0,0,0,,,,,Tier 3,Toowoomba,0,
309,07/09/2024 12:55:25,Non-Rural,The University of Queensland (RMP/DDMP),1.69,7,69,1.69,2nd,0,0,0,,,,,Tier 3,Bundaberg,0,
310,04/09/2024 23:00:46,Non-Rural,The University of Queensland (RMP/DDMP),1.6867,7,68.67,1.6867,N/A,0,0,0,,,,,Tier 3,Toowoomba,0,
311,30/08/2024 12:29:04,Non-Rural,The University of Queensland (RMP/DDMP),1.6833,7,68.33,1.6833,3rd,0,0,0,,,,,Tier 3,Toowoomba,1,
312,30/08/2024 13:50:35,Non-Rural,The University of Queensland (RMP/DDMP),1.6767,7,67.67,1.6767,4th,0,0,0,,,,,Tier 3,Bundaberg,0,
313,30/08/2024 11:30:54,Non-Rural,The University of Queensland (RMP/DDMP),1.6733,7,67.33,1.6733,4th,0,0,0,,,,,Tier 3,Toowoomba,0,
314,30/08/2024 12:16:31,Non-Rural,The University of Queensland (RMP/DDMP),1.67101428571429,6.844,69.33,1.67101428571429,4th,0,0,0,,,,,Tier 3,Toowoomba,0,
315,30/08/2024 11:28:02,Non-Rural,The University of Queensland (RMP/DDMP),1.67,7,67,1.67,1st,0,0,0,,,,,Tier 3,Rockhampton,0,
316,30/08/2024 12:06:11,Non-Rural,The University of Queensland (RMP/DDMP),1.66758571428571,6.75,70.33,1.66758571428571,4th,0,0,0,,,,,Tier 3,Toowoomba,0,
317,30/08/2024 23:16:59,Non-Rural,The University of Queensland (RMP/DDMP),1.66428571428571,6.96,67,1.66428571428571,4th,0,0,0,,,,,Tier 3,Toowoomba,0,
318,30/08/2024 14:02:09,Non-Rural,The University of Queensland (RMP/DDMP),1.6567,7,65.67,1.6567,N/A,0,0,0,,,,,Tier 3,Toowoomba,0,
319,30/08/2024 11:28:41,Non-Rural,The University of Queensland (RMP/DDMP),1.65187142857143,6.92,66.33,1.65187142857143,N/A,0,0,0,,,,,Tier 3,Toowoomba,0,
320,30/08/2024 11:45:02,Non-Rural,The University of Queensland (RMP/DDMP),1.6517,6.825,67.67,1.6517,4th,0,0,0,,No,,,Tier 3,Toowoomba,0,
321,02/09/2024 08:38:31,Non-Rural,The University of Queensland (RMP/DDMP),1.65098571428571,6.75,68.67,1.65098571428571,3rd,0,0,0,,,,,Tier 3,Bundaberg,1,First-class standalone honours
322,30/08/2024 13:09:25,Non-Rural,The University of Queensland (RMP/DDMP),1.65,7,65,1.65,2nd,0,0,0,,,None,,Tier 3,Toowoomba,1,
323,06/09/2024 10:03:08,Non-Rural,The University of Queensland (RMP/DDMP),1.65,7,65,1.65,4th,0,0,0,,Yes,,,Tier 3,Toowoomba,0,
324,30/08/2024 11:48:26,Non-Rural,The University of Queensland (RMP/DDMP),1.64527142857143,6.99,64.67,1.64527142857143,4th,0,0,0,,,,,Tier 3,Toowoomba,0,MSc (research)
325,30/08/2024 12:58:55,Non-Rural,The University of Queensland (RMP/DDMP),1.6433,7,64.33,1.6433,3rd,0,0,0,,,,,Tier 3,Toowoomba,0,
326,30/08/2024 13:53:19,Non-Rural,The University of Queensland (RMP/DDMP),1.64315714285714,6.789,67.33,1.64315714285714,2nd,0,0,0,,No,,None,Tier 3,Rockhampton,0,
327,03/09/2024 16:16:29,Non-Rural,The University of Queensland (RMP/DDMP),1.64101428571429,6.844,66.33,1.64101428571429,3rd,0,0,0,,,,,Tier 3,Rockhampton,0,
328,23/09/2024 11:05:41,Non-Rural,The University of Queensland (RMP/DDMP),1.64044285714286,6.77,67.33,1.64044285714286,N/A,0,0,0,,,,,Tier 3,Toowoomba,1,
329,03/09/2024 10:34:59,Non-Rural,The University of Queensland (RMP/DDMP),1.64,7,64,1.64,2nd,0,0,0,,,,,Tier 3,Toowoomba,0,
330,30/08/2024 12:22:08,Non-Rural,The University of Queensland (RMP/DDMP),1.63758571428571,6.89,65.33,1.63758571428571,1st,0,0,0,,,,,Tier 3,Toowoomba,0,
331,02/09/2024 15:17:11,Non-Rural,The University of Queensland (RMP/DDMP),1.63714285714286,6.7,68,1.63714285714286,N/A,0,0,0,Did not apply,No,,,Tier 3,Toowoomba,0,
332,30/08/2024 13:21:05,Non-Rural,The University of Queensland (RMP/DDMP),1.6367,7,63.67,1.6367,4th,0,0,0,,,,,Tier 3,,0,
333,02/09/2024 01:23:45,Non-Rural,The University of Western Australia,1.80814285714286,6.917,82,1.80814285714286,3rd,0,0,0,,,,,,,0,
334,30/08/2024 16:47:39,Non-Rural,The University of Western Australia,1.7325,7,73.25,1.7325,3rd,0,0,0,,,,,,,0,
335,30/08/2024 16:29:14,Non-Rural,The University of Western Australia,1.72364285714286,6.833,74.75,1.72364285714286,4th,0,0,0,,,,,,,0,Non WA resident
336,30/08/2024 13:40:21,Non-Rural,The University of Western Australia,1.69328571428571,6.708,73.5,1.69328571428571,4th,0,0,0,,,,,,,0,
337,30/08/2024 15:13:48,Non-Rural,The University of Western Australia,1.692,6.979,69.5,1.692,3rd,0,0,0,,,,,,,0,
338,30/08/2024 12:40:00,Non-Rural,The University of Western Australia,1.6865,6.958,69.25,1.6865,4th,0,0,0,,,,,,,0,
339,02/09/2024 15:11:56,Non-Rural,The University of Western Australia,1.68642857142857,6.8,71.5,1.68642857142857,N/A,0,0,0,,,,,,,0,
340,30/08/2024 13:26:40,Non-Rural,The University of Western Australia,1.68514285714286,6.896,70,1.68514285714286,3rd,0,0,0,,,,,,,0,
341,17/09/2024 23:01:51,Non-Rural,The University of Western Australia,1.68357142857143,6.5,75.5,1.68357142857143,N/A,0,0,0,,,,,,,0,PhD
342,30/08/2024 14:39:50,Non-Rural,The University of Western Australia,1.6825,7,68.25,1.6825,1st,0,0,0,,,,,,,0,"I applied to UWA only, CSP and BMP. The GPA I submitted is the weighted GEMSAS calculated GPA"
343,31/08/2024 22:26:13,Non-Rural,The University of Western Australia,1.68107142857143,6.99,68.25,1.68107142857143,N/A,0,0,0,,,,,,,0,
344,30/08/2024 15:55:07,Non-Rural,The University of Western Australia,1.67878571428571,6.904,69.25,1.67878571428571,4th,0,0,0,,,,,,,0,
345,01/09/2024 10:28:59,Non-Rural,The University of Western Australia,1.67421428571429,6.802,70.25,1.67421428571429,4th,0,0,0,,,,,,,0,
346,30/08/2024 13:03:31,Non-Rural,The University of Western Australia,1.67207142857143,6.542,73.75,1.67207142857143,3rd,0,0,0,,,,None,,,0,
347,30/08/2024 15:39:42,Non-Rural,The University of Western Australia,1.66821428571429,6.83,69.25,1.66821428571429,N/A,0,0,0,,,,,,,0,
348,30/08/2024 13:04:28,Non-Rural,The University of Western Australia,1.66607142857143,6.5,73.75,1.66607142857143,3rd,0,0,0,,,,,,,0,
349,30/08/2024 13:38:11,Non-Rural,The University of Western Australia,1.665,7,66.5,1.665,3rd,0,0,0,,,,,,,0,
350,31/08/2024 00:19:46,Non-Rural,The University of Western Australia,1.665,6.65,71.5,1.665,N/A,0,0,0,,No,,,,,0,
351,02/09/2024 11:38:49,Non-Rural,The University of Western Australia,1.665,7,66.5,1.665,N/A,0,0,0,,,,,,,0,
352,19/09/2024 01:47:15,Non-Rural,The University of Western Australia,1.66464285714286,6.735,70.25,1.66464285714286,2nd,0,2,0,Did not apply,No,,,,,0,
353,30/08/2024 13:09:16,Non-Rural,The University of Western Australia,1.66407142857143,6.521,73.25,1.66407142857143,4th,0,0,0,,,,,,,0,
354,31/08/2024 18:06:15,Non-Rural,The University of Western Australia,1.65828571428571,6.953,66.5,1.65828571428571,N/A,0,0,0,,,,,,,0,
355,15/09/2024 12:10:16,Non-Rural,The University of Western Australia,1.65571428571429,6.9,67,1.65571428571429,2nd,0,2,0,Did not apply,,,None,,,1,
356,30/08/2024 12:47:02,Non-Rural,The University of Western Australia,1.65071428571429,6.83,67.5,1.65071428571429,2nd,0,0,0,,,None,None,,,0,
357,31/08/2024 20:47:50,Non-Rural,The University of Western Australia,1.64964285714286,6.42,73.25,1.64964285714286,2nd,0,0,0,Did not apply,No,None,None,,,0,No
358,01/09/2024 17:29:57,Non-Rural,The University of Western Australia,1.64571428571429,6.9,66,1.64571428571429,3rd,0,0,0,,,,,,,1,
359,31/08/2024 08:53:27,Non-Rural,The University of Western Australia,1.6455,6.741,68.25,1.6455,4th,0,0,0,,,,,,Rockhampton,0,no
360,30/08/2024 13:00:58,Non-Rural,The University of Western Australia,1.642,6.979,64.5,1.642,N/A,0,0,0,,,,,Tier 3,,0,
361,31/08/2024 10:46:30,Non-Rural,The University of Western Australia,1.64,7,64,1.64,N/A,0,0,0,Did not apply,No,,,,,0,
362,30/08/2024 12:44:17,Non-Rural,The University of Western Australia,1.6375,7,63.75,1.6375,3rd,0,0,0,,,,,,,0,
363,30/08/2024 12:26:40,Non-Rural,The University of Western Australia,1.63714285714286,6.875,65.5,1.63714285714286,3rd,0,0,0,,,,,,,0,
364,20/09/2024 23:18:59,Non-Rural,The University of Western Australia,1.637,6.979,64,1.637,4th,0,0,0,,,,,,,1,
365,31/08/2024 18:49:35,Non-Rural,The University of Western Australia,1.63257142857143,6.948,64,1.63257142857143,2nd,0,0,0,,,,,,,0,
366,30/08/2024 14:43:58,Non-Rural,The University of Western Australia,1.63207142857143,6.927,64.25,1.63207142857143,N/A,0,0,0,,,,,,,0,Have WA bonus for UNDF
367,30/08/2024 17:54:36,Non-Rural,The University of Western Australia,1.6295,6.699,67.25,1.6295,4th,0,0,0,,,,,,,0,
368,04/09/2024 13:48:02,Non-Rural,The University of Western Australia,1.62635714285714,6.677,67.25,1.62635714285714,3rd,0,0,0,Did not apply,No,,,,,1,
369,30/08/2024 18:48:00,Non-Rural,The University of Western Australia,1.62571428571429,6.9,64,1.62571428571429,3rd,0,0,0,,,None,None,,,0,
370,30/08/2024 13:28:11,Non-Rural,The University of Western Australia,1.6215,6.818,64.75,1.6215,2nd,0,0,0,,,None,None,,,5,
371,30/08/2024 20:30:16,Non-Rural,The University of Wollongong,1.28571,6.88,66,1.64285714285714,1st,0,0,0,,,,,,,5,
372,01/09/2024 09:09:04,Non-Rural,The University of Wollongong,1.28571,6.55,57.5,1.51071428571429,4th,0,0,0,,,,,,,4,
373,30/08/2024 11:41:52,Non-Rural,The University of Wollongong,1.28571,6.007,63.25,1.49064285714286,4th,0,0,0,,,,,,,4,
374,30/08/2024 12:06:59,Non-Rural,The University of Wollongong,1.28571,6.895,64.75,1.6325,4th,0,0,0,,,,,,,4,
375,30/08/2024 12:48:14,Non-Rural,The University of Wollongong,1.28571,6.55,64.5,1.58071428571429,4th,0,0,0,,,,,,,4,
376,30/08/2024 12:55:16,Non-Rural,The University of Wollongong,1.28571,6.64,64,1.58857142857143,3rd,0,0,0,,,,,,,4,
377,30/08/2024 17:39:15,Non-Rural,The University of Wollongong,1.28571,6.33,62.75,1.53178571428571,4th,0,0,0,,,,,,,4,
378,31/08/2024 13:24:35,Non-Rural,The University of Wollongong,1.28571,6.7,65,1.60714285714286,4th,0,0,0,,,,,,,4,
379,01/09/2024 01:10:44,Non-Rural,The University of Wollongong,1.28571,6.424,64.25,1.56021428571429,2nd,0,0,0,,,,,,,4,
380,02/09/2024 08:56:52,Non-Rural,The University of Wollongong,1.28571,5.8,66,1.48857142857143,4th,0,0,0,,,,None,,,4,
381,11/09/2024 20:40:36,Non-Rural,The University of Wollongong,1.28571,6.583,59.25,1.53292857142857,4th,0,0,0,,,,,,,3,
382,30/08/2024 12:14:37,Non-Rural,The University of Wollongong,1.28571,6.99,71,1.70857142857143,4th,0,0,0,,,,,,,3,
383,30/08/2024 16:36:51,Non-Rural,The University of Wollongong,1.28571,6.073,61.5,1.48257142857143,4th,0,0,0,,,,,,,3,
384,30/08/2024 20:31:01,Non-Rural,The University of Wollongong,1.28571,6.6,54,1.48285714285714,4th,0,0,0,,,,,,,3,
385,30/08/2024 22:01:25,Non-Rural,The University of Wollongong,1.28571,6.9,64,1.62571428571429,3rd,0,0,0,,,,,,,3,
386,31/08/2024 11:34:24,Non-Rural,The University of Wollongong,1.28571,6.615,61,1.555,3rd,0,0,0,,,,,,,3,
387,31/08/2024 14:42:45,Non-Rural,The University of Wollongong,1.28571,6.8,64.75,1.61892857142857,4th,0,0,0,,,,,,,3,
388,01/09/2024 20:10:06,Non-Rural,The University of Wollongong,1.28571,6,65,1.50714285714286,4th,0,0,0,,,,None,,,3,
389,03/09/2024 14:23:56,Non-Rural,The University of Wollongong,1.28571,6.104,54.75,1.4195,4th,0,0,0,,,,,,,2,
390,30/08/2024 11:36:29,Non-Rural,The University of Wollongong,1.28571,6.729,63.25,1.59378571428571,4th,0,0,0,,,,,,,2,
391,30/08/2024 11:47:30,Non-Rural,The University of Wollongong,1.28571,5.5,70.5,1.49071428571429,4th,0,0,0,,,,,,,2,
392,30/08/2024 11:52:47,Non-Rural,The University of Wollongong,1.28571,6.948,63.75,1.63007142857143,4th,0,0,0,,,,,,,2,
393,30/08/2024 13:07:01,Non-Rural,The University of Wollongong,1.28571,6.698,66,1.61685714285714,4th,0,0,0,,,,,,,2,
394,30/08/2024 14:14:26,Non-Rural,The University of Wollongong,1.28571,6.69,62.75,1.58321428571429,4th,0,0,0,,,,,,,2,
395,30/08/2024 23:00:46,Non-Rural,The University of Wollongong,1.28571,6.4,72,1.63428571428571,4th,0,0,0,,,,,,,2,
396,31/08/2024 13:47:40,Non-Rural,The University of Wollongong,1.28571,6.6,63,1.57285714285714,4th,0,0,0,,,,,,,1,
397,30/08/2024 11:42:01,Non-Rural,The University of Wollongong,1.28571,6.292,60.75,1.50635714285714,4th,0,0,0,,,,,,,1,
398,30/08/2024 12:20:40,Non-Rural,The University of Wollongong,1.28571,6.333,70,1.60471428571429,4th,0,0,0,,,,,,,0,
399,30/08/2024 11:48:53,Rural,Australian National University,1.63257142857143,6.948,64,1.63257142857143,4th,0,0,0,,,,,,,0,
400,06/09/2024 13:05:24,Rural,Australian National University,1.60785714285714,6.67,65.5,1.60785714285714,4th,0,0,0,,,,,,,0,
401,23/09/2024 19:09:01,Rural,Australian National University,1.58821428571429,6.9,60.25,1.58821428571429,1st,0,0,0,,,,,,,0,
402,08/09/2024 19:46:32,Rural,Australian National University,1.48,6.37,57,1.48,2nd,0,0,0,,,,,,,0,
403,30/08/2024 13:21:21,Rural,Australian National University,1.43835714285714,5.676,62.75,1.43835714285714,4th,0,0,0,,,,,,,0,
404,30/08/2024 13:04:21,Rural,Australian National University,1.42128571428571,6.134,54.5,1.42128571428571,N/A,0,0,0,,,,,,,0,
405,30/08/2024 12:11:19,Rural,Deakin University,1.84210714285714,6.77,70.75,1.67464285714286,2nd,0,10,0,Tier 2,,,,,,0,
406,31/08/2024 11:05:42,Rural,Deakin University,1.81667142857143,6.745,63,1.59357142857143,N/A,0,14,0,Tier 2,,,,,,0,
407,31/08/2024 21:37:14,Rural,Deakin University,1.73117142857143,6.57,58,1.51857142857143,3rd,0,14,0,Tier 3,,,,,,0,
408,30/08/2024 12:21:30,Rural,Deakin University,1.71672,6.792,56.25,1.53278571428571,N/A,0,12,0,Did not apply,,,,,,0,
409,17/09/2024 19:17:45,Rural,Deakin University,1.6767,7,55.25,1.5525,N/A,0,8,0,Tier 2,,,,,,0,Did not sit the GAMSAT
410,30/08/2024 18:48:58,Rural,Deakin University,1.63695714285714,6.917,50,1.48814285714286,N/A,0,10,0,Tier 1,,,,,,0,
411,30/08/2024 12:31:53,Rural,Deakin University,1.55178571428571,5.885,57,1.41071428571429,N/A,0,10,0,Tier 1,,,,,,0,My GAMSAT scores are n/a as I didnt sit it since I am applying for a rural position
412,01/09/2024 20:07:57,Rural,Deakin University,1.48607142857143,5.625,50,1.30357142857143,N/A,0,14,0,Tier 1,,,,,,0,
413,30/08/2024 14:22:57,Rural,Griffith University,1.66,7,66,1.66,N/A,0,0,0,,,,,,,0,
414,31/08/2024 07:39:04,Rural,Griffith University,1.63928571428571,6.54,70.5,1.63928571428571,2nd,0,0,0,,,,,,,0,
415,30/08/2024 12:47:50,Rural,Griffith University,1.63,6.685,67.5,1.63,N/A,0,0,0,,,,,,,0,
416,31/08/2024 03:42:41,Rural,Griffith University,1.62,7,62,1.62,4th,0,0,0,,,,,,,0,
417,30/08/2024 13:00:50,Rural,Griffith University,1.595,6.72,63.5,1.595,N/A,0,0,0,,,,,,,0,
418,30/08/2024 12:31:40,Rural,Griffith University,1.59142857142857,6.625,64.5,1.59142857142857,N/A,0,0,0,,,,,,,0,
419,30/08/2024 12:17:15,Rural,Griffith University,1.58428571428571,6.82,61,1.58428571428571,2nd,0,0,0,,,,,,,0,
420,18/09/2024 18:46:29,Rural,Griffith University,1.52821428571429,6.69,57.25,1.52821428571429,N/A,0,0,0,,,,,,,0,
421,30/08/2024 11:57:51,Rural,Griffith University,1.51857142857143,6.885,53.5,1.51857142857143,4th,0,0,0,,,,,,,0,
422,30/08/2024 11:38:24,Rural,Griffith University,1.49785714285714,6.74,53.5,1.49785714285714,N/A,0,0,0,,,,,,,0,
423,30/08/2024 11:31:01,Rural,Griffith University,1.38585714285714,5.361,62,1.38585714285714,N/A,0,0,0,,,,,,,0,
424,30/08/2024 12:52:52,Rural,The University of Melbourne,1.72241428571429,6.9,73.67,1.72241428571429,4th,0,0,0,,No,,,,,0,
425,30/08/2024 12:44:47,Rural,The University of Melbourne,1.71558571428571,6.946,72.33,1.71558571428571,3rd,0,0,0,,No,,,,,0,
426,30/08/2024 18:52:38,Rural,The University of Melbourne,1.64384285714286,6.7,68.67,1.64384285714286,N/A,0,0,0,,No,,,,,0,
427,30/08/2024 16:24:45,Rural,The University of Melbourne,1.6157,6.573,67.67,1.6157,N/A,0,0,0,,No,,,,,0,
428,30/08/2024 13:05:57,Rural,The University of Melbourne,1.61241428571429,6.55,67.67,1.61241428571429,4th,0,0,0,,No,,,,,0,
429,30/08/2024 13:59:40,Rural,The University of Melbourne,1.6033,7,60.33,1.6033,4th,0,0,0,,No,,,,,0,
430,31/08/2024 22:35:05,Rural,The University of Melbourne,1.59955714285714,6.6,65.67,1.59955714285714,4th,0,0,0,,Yes,,,,,0,
431,30/08/2024 16:16:25,Rural,The University of Melbourne,1.58058571428571,6.281,68.33,1.58058571428571,N/A,0,0,0,,Yes,,,,,0,Strong GAM. First GEMSAS application
432,30/08/2024 16:07:56,Rural,The University of Melbourne,1.57785714285714,6.775,61,1.57785714285714,N/A,0,0,0,,Yes,,,,,0,MM7 Rural
433,30/08/2024 14:57:49,Rural,The University of Melbourne,1.53241428571429,5.85,69.67,1.53241428571429,N/A,0,0,0,,Yes,,,,,0,
434,06/09/2024 20:27:04,Rural,The University of Melbourne,1.5263,6.181,64.33,1.5263,N/A,0,0,0,,No,,,,,0,
435,30/08/2024 12:41:09,Rural,The University of Melbourne,1.49571428571429,5.85,66,1.49571428571429,N/A,0,0,0,,Yes,,,,,0,
436,31/08/2024 00:41:32,Rural,The University of Melbourne,1.49285714285714,6.25,60,1.49285714285714,N/A,0,0,0,,No,,,,,0,
437,30/08/2024 13:25:03,Rural,The University of Melbourne,1.48484285714286,5.867,64.67,1.48484285714286,N/A,0,0,0,,No,,,,,0,
438,30/08/2024 16:24:24,Rural,The University of Melbourne,1.32314285714286,5.342,56,1.32314285714286,1st,0,12,0,Tier 3,No,,,,,0,Technically I believe I have under the required GPA? Floating around a 4.8 ish
439,30/08/2024 17:39:10,Rural,The University of Melbourne,1.30098571428571,5,58.67,1.30098571428571,N/A,0,0,0,,No,,,,,0,
440,30/08/2024 11:51:25,Rural,The University of Notre Dame Fremantle,1.53571428571429,6.27,64,1.53571428571429,4th,0,0,0,,,WA Res,,,,0,"Rural MM5, WA Bonus"
441,30/08/2024 16:39:28,Rural,The University of Notre Dame Fremantle,1.53484285714286,6.357,62.67,1.53484285714286,4th,0,0,0,,,WA Res,,,,0,
442,30/08/2024 12:19:35,Rural,The University of Notre Dame Sydney,1.60315714285714,6.719,64.33,1.60315714285714,3rd,0,0,0,,,,None,,,0,
443,31/08/2024 08:24:49,Rural,The University of Notre Dame Sydney,1.53087142857143,6.563,59.33,1.53087142857143,3rd,0,0,0,,,,HDR,,,0,
444,30/08/2024 14:11:11,Rural,The University of Notre Dame Sydney,1.50842857142857,6.219,62,1.50842857142857,3rd,0,0,0,,,,None,,,0,
445,30/08/2024 12:42:40,Rural,The University of Notre Dame Sydney,1.50527142857143,6.01,64.67,1.50527142857143,2nd,0,0,0,,,,None,,,0,
446,30/08/2024 13:55:18,Rural,The University of Notre Dame Sydney,1.42901428571429,5.29,67.33,1.42901428571429,3rd,0,0,0,,,,None,,,0,
447,30/08/2024 11:34:00,Rural,The University of Queensland (Greater Brisbane),1.6167,7,61.67,1.6167,3rd,0,0,0,,,,,,,0,
448,30/08/2024 14:12:59,Rural,The University of Queensland (Greater Brisbane),1.61472857142857,6.8,64.33,1.61472857142857,4th,0,0,0,,,,,,,0,
449,30/08/2024 12:04:25,Rural,The University of Queensland (Greater Brisbane),1.47098571428571,6.4,55.67,1.47098571428571,N/A,0,0,0,,,,,,Rockhampton,0,
450,30/08/2024 15:10:13,Rural,The University of Queensland (RMP/DDMP),1.54655714285714,6.719,58.67,1.54655714285714,N/A,0,0,0,,,,,Tier 1 (CQ/WB),Rockhampton,0,
451,30/08/2024 16:48:41,Rural,The University of Queensland (RMP/DDMP),1.54142857142857,6.45,62,1.54142857142857,N/A,0,0,0,,,,,Tier 1 (CQ/WB),Rockhampton,0,
452,30/08/2024 12:12:13,Rural,The University of Queensland (RMP/DDMP),1.53587142857143,6.948,54.33,1.53587142857143,3rd,0,0,0,,,,,Tier 1 (CQ/WB),Toowoomba,0,
453,30/08/2024 11:56:40,Rural,The University of Queensland (RMP/DDMP),1.50385714285714,6.397,59,1.50385714285714,3rd,0,0,0,,,,,Tier 2,Toowoomba,0,Rural Applicant. Current healthcare worker.
454,30/08/2024 12:41:10,Rural,The University of Queensland (RMP/DDMP),1.44901428571429,5.85,61.33,1.44901428571429,N/A,0,0,0,,,,,Tier 2,Toowoomba,0,
455,02/09/2024 06:56:26,Rural,The University of Queensland (RMP/DDMP),1.42042857142857,6.023,56,1.42042857142857,N/A,0,0,0,,,,,Tier 1 (DD),Bundaberg,0,
456,30/08/2024 16:53:24,Rural,The University of Queensland (RMP/DDMP),1.37571428571429,5.29,62,1.37571428571429,N/A,0,0,0,,,,,Tier 1 (CQ/WB),,0,
457,30/08/2024 12:39:01,Rural,The University of Western Australia,1.62464285714286,6.7,66.75,1.62464285714286,N/A,0,0,0,,,,,,,0,Did not get official GPA calculation from GEMSAS
458,05/09/2024 13:38:56,Rural,The University of Western Australia,1.5875,6.3,68.75,1.5875,1st,0,0,0,,,,,,,0,
459,02/09/2024 10:42:22,Rural,The University of Western Australia,1.57878571428571,6.449,65.75,1.57878571428571,3rd,0,0,0,,,,,,,0,MMM5
460,30/08/2024 16:35:27,Rural,The University of Western Australia,1.52,6.3,62,1.52,1st,0,0,0,,,,,,,0,Rural MM5
461,30/08/2024 12:52:07,Rural,The University of Western Australia,1.39071428571429,5.57,59.5,1.39071428571429,N/A,0,0,0,,,,,,,5,
462,30/08/2024 11:33:02,Rural,The University of Wollongong,1.28571,6.396,54.75,1.46121428571429,1st,0,0,0,,,,,,,5,
463,30/08/2024 12:16:41,Rural,The University of Wollongong,1.28571,6.44,61.25,1.5325,3rd,0,0,0,,,,,,,5,
464,31/08/2024 22:27:16,Rural,The University of Wollongong,1.28571,6.91,58.5,1.57214285714286,3rd,0,0,0,,,,,,,5,
465,02/09/2024 00:05:04,Rural,The University of Wollongong,1.28571,6.7,57.25,1.52964285714286,1st,0,0,0,,,,,,,5,
466,03/09/2024 19:51:04,Rural,The University of Wollongong,1.28571,5.5,68.5,1.47071428571429,4th,0,0,0,,,,,,,5,
467,04/09/2024 23:08:04,Rural,The University of Wollongong,1.28571,5.822,59,1.42171428571429,4th,0,0,0,,,,,,,4,
468,30/08/2024 11:36:42,Rural,The University of Wollongong,1.28571,5.87,56.75,1.40607142857143,4th,0,0,0,,,,,,,4,
469,31/08/2024 01:44:10,Rural,The University of Wollongong,1.28571,6.2,63,1.51571428571429,3rd,0,0,0,,,,,,,3,
470,30/08/2024 12:15:06,Rural,The University of Wollongong,1.28571,6.2,66.25,1.54821428571429,3rd,0,0,0,,,,,,,3,
471,31/08/2024 09:00:35,Rural,The University of Wollongong,1.28571,5.95,51.5,1.365,3rd,0,0,0,,,,,,,3,
472,31/08/2024 11:02:49,Rural,The University of Wollongong,1.28571,6.83,60.5,1.58071428571429,2nd,0,0,0,,,,,,,2,
473,02/09/2024 14:01:18,Rural,The University of Wollongong,1.28571,6,55.5,1.41214285714286,4th,0,4,0,Did not apply,,,,,,1,
474,04/09/2024 14:47:33,Rural,The University of Wollongong,1.28571,5.958,56.25,1.41364285714286,4th,0,0,0,,,,,,,,
475,,,,,,,,,,,,,,,,,,,
