,0,1,2,3,4,5,6,7,8,9,10,11,12,13,14,15,16,17,18,19,20,21,22,23,24,25
0,Non-Rural,58,75,93,0.0,,The University of Melbourne,6.143,The University of Queensland (Greater Brisbane),6,0.0,,0.0,,0.0,,0.0,,0.0,0,0.0,No,0.0,0.0,0.0,0
1,Non-Rural,71,79,57,The University of Notre Dame Sydney,6.635,,,,,,,,,0.0,,0.0,,4th,0,0.0,0.0,0.0,0.0,0.0,0
2,Non-Rural,66,72,71,Griffith University,6.741,The University of Melbourne,6.557,,,,,,,0.0,,0.0,,3rd,0,0.0,Yes,0.0,0.0,0.0,0
3,Non-Rural,60,60,84,Griffith University,6.906,,,,,,,,,0.0,,0.0,,0.0,0,0.0,0.0,0.0,0.0,0.0,0
4,Non-Rural,57,74,64,Macquarie University,7,,,,,,,,,0.0,,0.0,,3rd,0,0.0,0.0,0.0,0.0,0.0,0
5,Non-Rural,58,64,59,,,The University of Notre Dame Sydney,6.35,The University of Melbourne,6.3,Deakin University,6.35,The University of Notre Dame Fremantle,6.35,0.0,,0.0,,2nd,4,Did not apply,Yes,0.0,0.0,0.0,0
6,Non-Rural,66,81,63,Griffith University,6.99,,,,,,,,,0.0,,0.0,,0.0,0,0.0,0.0,0.0,0.0,0.0,0
7,Non-Rural,59,68,81,The University of Notre Dame Sydney,6.854,,,,,,,,,0.0,,0.0,,3rd,0,0.0,0.0,0.0,0.0,0.0,0
8,Non-Rural,60,68,84,Deakin University,65,,,,,,,,,0.0,,0.0,,2nd,4,Did not apply,0.0,0.0,0.0,0.0,0
9,No   ural,60,64,77,The University of Queensland (RMP/DDMP),7,,,,,,,,,0.0,,0.0,,Ast,0,0.0,0.0,0.0,Tier 3,Toowoomba,0
10,Non-Rural,69,63,87,The University of Notre Dame Sydney,6.618,,,,,,,,,0.0,,0.0,,2nd,0,0.0,0.0,0.0,0.0,0.0,0
11,Non-Rural,70,78,96,Griffith University,6.655,,,,,,,,,0.0,,0.0,,0.0,0,0.0,0.0,0.0,0.0,0.0,0
12,Non-Rural,62,62,75,The University of Queensland (RMP/DDMP),6.92,,,,,,,,,0.0,,0.0,,0.0,0,0.0,0.0,0.0,Tier 3,Toowoomba,0
13,Non-Rural,70,63,57,0.0,,of Queensland (Greater Brisbane),6.54,0.0,,0.0,,0.0,,0.0,,0.0,,0.0,0,0.0,0.0,0.0,0.0,0.0,0
14,Non-Rural,57,68,55,0.0,,The University of Wollongong,6.2,0.0,,0.0,,0.0,,0.0,,0.0,,4th,0,0.0,0.0,0.0,0.0,0.0,1
15,Non-Rural,55,73,75,The University of Notre Dame Sydney,6.8,,,,,,,,,,,,,3rd,0,0.0,0.0,0.0,0.0,0.0,0
16,Non-Rural,65,59,73,,,The University of Melbourne,6.538,Griffith University,6.567,The University of Queensland (RMP/DDMP),6.525,The University of Wollongong,6.582,The University of Notre Dame Sydney,6.582,The University of Notre Dame Fremantle,6.582,3rd,0,0.0,No,0.0,Tier 3,Toowoomba,0
17,Non-Rural,57,68,68,Macquarie University,7,The University of Notre Dame Sydney,7,,,,,,,,,,,3rd,0,0.0,0.0,0.0,0.0,0.0,0
18,Non-Rural,56,63,63,The University of Notre Dame Fremantle,6.948,The University of Wollongong,6.948,,,,,,,,,,,4th,0,0.0,0.0,0.0,0.0,0.0,4
19,Non-Rural,61,77,64,The University of Notre Dame Sydney,6.677,,,,,,,,,,,,,4th,0,0.0,0.0,0.0,0.0,0.0,0
20,Non-Rural,68,68,70,Macquarie University,6.67,The University of Wollongong,6.67,The University of Notre Dame Sydney,6.67,,,,,,,,,3rd,0,0.0,0.0,0.0,0.0,0.0,2
21,Non-Rural,71,78,73,The University of Notre Dame Sydney,6.91,,,,,,,,,,,,,4th,0,0.0,0.0,0.0,0.0,0.0,0
22,Non-Rural,65,69,68,The University of Queensland (RMP/DDMP),7,,,,,,,,,,,,,4th,0,0.0,0.0,0.0,Tier 3,Bundaberg,0
23,No   ural,58,72,66,Griffith University,6.927,,,,,,,,,,,,,0.0,0,0.0,0.0,0.0,0.0,0.0,0
24,Non-Rural,69,63,75,Deakin University,6.573,The University of Melbourne,6.413,,,,,,,,,,,0.0,8,Did not apply,No,0.0,0.0,0.0,0
25,Rural,57,71,60,Griffith University,5.361,,,,,,,,,,,,,0.0,0,0.0,0.0,0.0,0.0,0.0,0
26,Non-Rural,63,68,65,The University of Notre Dame Fremantle,6.56,The University of Notre Dame Sydney,6.56,The University of Melbourne,65,The University of Wollongong,65,Deakin University,65,,,,,4th,0,Did not apply,No,0.0,0.0,0.0,0
27,Non-Rural,62,63,62,0.0,,The University of Wollongong,6.49,The University of Queensland (RMP/DDMP),7,The University of Melbourne,6.68,Griffith University,6.708,Deakin University,6.781,Macquarie University,6.594,4st,2,Did not apply,Yes,0.0,Tier 3,Rockhampton,4
28,Non-Rural,80,81,71,Australian National University,7,0.0,,0.0,,0.0,,0.0,,0.0,,0.0,,0.0,0,0.0,0.0,0.0,0.0,0.0,0
29,Non-Rural,58,73,71,Griffith University,6.911,,,,,0.0,,0.0,,0.0,,0.0,,3rd,0,0.0,0.0,0.0,0.0,0.0,0
30,Rural,52,59,54,The University of Wollongong,6.396,,,,,0.0,,0.0,,0.0,,0.0,,Ast,0,0.0,0.0,0.0,0.0,0.0,5
31,Non-Rural,61,77,89,The University of Notre Dame Sydney,5.948,,,,,0.0,,0.0,,0.0,,0.0,,3rd,0,0.0,0.0,0.0,0.0,0.0,0
32,Rural,68,60,57,The University of Queensland (Greater Brisbane),7,,,,,0.0,,0.0,,0.0,,0.0,,3rd,0,0.0,0.0,0.0,0.0,0.0,0
33,Non-Rural,61,69,71,The University of Notre Dame Sydney,6.646,,,,,0.0,,0.0,,0.0,,0.0,,4th,0,0.0,0.0,0.0,0.0,0.0,0
34,Non-Rural,62,75,69,The University of Notre Dame Fremantle,6.59,The University of Melbourne,6.54,Deakin University,6.59,0.0,,0.0,,0.0,,0.0,,4th,0,Did not apply,No,0.0,0.0,0.0,0
35,Non-Rural,60,71,75,Griffith University,6.979,,,,,0.0,,0.0,,0.0,,0.0,,0.0,0,0.0,0.0,0.0,0.0,0.0,0
36,Non-Rural,59,68,63,The University of Wollongong,6.729,,,,,0.0,,0.0,,0.0,,0.0,,4th,0,0.0,0.0,0.0,0.0,0.0,2
37,Rural,54,63,55,The University of Wollongong,5.87,,,,,0.0,,0.0,,0.0,,0.0,,4th,0,0.0,0.0,0.0,0.0,0.0,4
38,Non-Rural,57,77,75,Macquarie University,6.625,,,,,0.0,,0.0,,0.0,,0.0,,Ast,0,0.0,0.0,0.0,0.0,0.0,0
39,Non-Rural,69,85,57,The University of Notre Dame Sydney,6.757,,,,,0.0,,0.0,,0.0,,0.0,,4th,0,0.0,0.0,0.0,0.0,0.0,0
40,Non-Rural,75,75,77,The University of Queensland (Greater Brisbane),6.813,,,,,0.0,,0.0,,0.0,,0.0,,0.0,0,0.0,0.0,0.0,0.0,0.0,0
41,Non-Rural,59,82,52,of Notre Dame Fremantle,64,0.0,,0.0,,0.0,,0.0,,0.0,,0.0,,Ath,0,0.0,0.0,0.0,0.0,0.0,0
42,Rural,50,62,51,Griffith University,6.74,0.0,,0.0,,0.0,,0.0,,0.0,,0.0,,0.0,0,0.0,0.0,0.0,0.0,0.0,0
43,Non-Rural,68,73,94,The University of Notre Dame Fremantle,5.486,The University of Wollongong,5.3,The University of Notre Dame Sydney,5.486,The University of Queensland (Greater Brisbane),5.625,Australian National University,5.486,Deakin University,5.549,,,4th,4,Did not apply,0.0,0.0,0.0,0.0,4
44,Non-Rural,62,86,68,The University of Notre Dame Sydney,6.948,,,,,,,,,,,,,4th,0,0.0,0.0,0.0,0.0,0.0,0
45,Non-Rural,58,65,63,Deakin University,6.66,The University of Wollongong,6.455,The University of Queensland (Greater Brisbane),6.565,Griffith University,6.507,,,,,,,3rd,10,Did not apply,0.0,0.0,0.0,0.0,2
46,Non-Rural,56,69,55,,,Deakin University,6.83.,,,,,,,,,,,4th,4,id not apply,0.0,0.0,0.0,0.0,0
47,Non-Rural,57,79,59,The University of Notre Dame Sydney,6.979,The University of Melbourne,6.975,Deakin University,6.979,,,,,,,,,4th,0,Did not apply,No,0.0,0.0,0.0,0
48,Non-Rural,67,79,71,The University of Notre Dame Sydney,6.304,The University of Melbourne,6.308,Deakin University,6.308,,,,,,,,,4th,0,Did not apply,Yes,0.0,0.0,0.0,0
49,Non-Rural,72,73,54,The University of Wollongong,6.007,,,,,,,,,,,,,4th,0,0.0,0.0,0.0,0.0,0.0,4
50,Non-Rural,55,56,66,The University of Wollongong,6.292,,,,,,,,,,,,,4th,0,0.0,0.0,0.0,0.0,0.0,4
51,No   ural,67,64,75,The University of Notre Dame Fremantle,6.6,The University of Wollongong,6.6,Deakin University,6.395,Griffith University,6.6,The University of Queensland (Greater Brisbane),6.6,The University of Notre Dame Sydney,6.6,,,3rd,2,Did not apply,0.0,0.0,0.0,0.0,4
52,Non-Rural,59,59,59,,,Deakin University,5.813,Griffith University,6.913,The University of Wollongong,5.813,The University of Queensland (Greater Brisbane),7,The University of Melbourne,6.033,Macquarie University,6.624,2nd,2,Did not apply,Yes,0.0,0.0,0.0,4
53,Non-Rural,57,74,72,The University of Queensland (RMP/DDMP),6.825,The University of Melbourne,6.793,,,,,,,,,,,4th,0,0.0,No,0.0,Tier 3,Toowoomba,0
54,Non-Rural,72,77,83,The University of Queensland (Greater Brisbane),6.938,,,,,,,,,,,,,0.0,0,0.0,0.0,0.0,0.0,0.0,0
55,Non-Rural,62,59,70,0.0,,The University of Wollongong,6.736,The University of Melbourne,6.83.,Deakin University,6.81,The University of Notre Dame Sydney,6.73,Macquarie University,6.73,The University of Western Australia,6.66,2nd,4,Did not apply,No,0.0,0.0,0.0,2
56,Non-Rural,67,66,82,Griffith University,6.49,0.0,,0.0,,0.0,,0.0,,0.0,,0.0,,0.0,0,0.0,0.0,0.0,0.0,0.0,0
57,Non-Rural,68,71,76,Griffith University,6.625,,,,,,,,,,,0.0,,4th,0,0.0,0.0,0.0,0.0,0.0,0
58,Non-Rural,62,72,74,The University of Wollongong,55,,,,,,,,,,,0.0,,4th,0,0.0,0.0,0.0,0.0,0.0,2
59,Non-Rural,58,66,70,The University of Queensland (RMP/DDMP),6.99,,,,,,,,,,,0.0,,4th,0,0.0,0.0,0.0,Tier 3,Toowoomba,0
60,Rural,75,75,53,Australian National University,6.948,,,,,,,,,,,0.0,,4th,0,0.0,0.0,0.0,0.0,0.0,0
61,Non-Rural,56,65,81,Deakin University,6.93,The University of Melbourne,6.91,,,,,,,,,0.0,,4th,2,Did not apply,No,0.0,0.0,0.0,0
62,Rural,72,61,59,The University of Notre Dame Fremantle,6.27,,,,,,,,,,,0.0,,4th,0,0.0,0.0,0.0,0.0,0.0,0
63,Non-Rural,67,74,57,The University of Wollongong,6.948,,,,,,,,,,,0.0,,4th,0,0.0,0.0,0.0,0.0,0.0,2
64,Non-Rural,62,64,65,The University of Notre Dame Sydney,6.75,The University of Wollongong,6.75,The University of Queensland (Greater Brisbane),6.786,Griffith University,6.778,,,,,0.0,,4th,0,0.0,0.0,0.0,0.0,0.0,4
65,No   ural,65,59,71,The University of Notre Dame Fremantle,6.893,Deakin University,6.983,The University of Notre Dame Sydney,6.983,The University of Queensland (RMP/DDMP),6.869,Griffith University,6.869,The University of Wollongong,6.893,0.0,,3rd,0,Did not apply,0.0,0.0,Tier 3,Toowoomba,0
66,Rural,61,62,54,The University of Queensland (RMP/DDMP),6.397,,,,,,,,,,,0.0,,3rd,0,0.0,0.0,0.0,Tier 2,Toowoomba,0
67,Non-Rural,67,72,73,The University of Notre Dame Sydney,6.575,,,,,,,,,,,0.0,,3rd,0,0.0,0.0,0.0,0.0,0.0,0
68,Rural,54,56,52,Griffith University,6.885,,,,,,,,,,,0.0,,4th,0,0.0,0.0,0.0,0.0,0.0,0
69,Non-Rural,68,66,63,The University of Notre Dame Sydney,6.69,0.0,,0.0,,0.0,,0.0,,0.0,,0.0,,Ath,0,0.0,0.0,0.0,0.0,0.0,0
70,Non-Rural,59,68,71,Deakin University,6.906,0.0,,0.0,,0.0,,0.0,,0.0,,0.0,,2nd,4,Did not apply,0.0,0.0,0.0,0.0,0
71,Non-Rural,73,72,62,The University of Queensland (Greater Brisbane),7,,,,,,,,,,,,,4th,0,0.0,0.0,0.0,0.0,0.0,0
72,Non-Rural,57,66,77,Australian National University,6.778,The University of Notre Dame Sydney,6.653,,,,,,,,,,,Ast,0,0.0,0.0,0.0,0.0,0.0,0
73,Non-Rural,59,80,62,Griffith University,6.938,The University of Melbourne,6.938,Deakin University,6.927,Australian National University,6.927,,,,,,,0.0,2,Did not apply,Yes,0.0,0.0,0.0,0
74,Non-Rural,65,54,70,The University of Notre Dame Fremantle,6.792,The University of Wollongong,6.792,The University of Queensland (Greater Brisbane),6.75,The University of Melbourne,6.75,,,,,,,4th,0,0.0,Yes,0.0,0.0,0.0,4
75,Non-Rural,70,65,58,The University of Queensland (Greater Brisbane),7,,,,,,,,,,,,,3rd,0,0.0,0.0,0.0,0.0,0.0,0
76,Non-Rural,63,63,67,Macquarie University,6.901,,,,,,,,,,,,,3rd,0,0.0,0.0,0.0,0.0,0.0,0
77,Rural,1,62,54,The University of Queensland (Greater Brisbane),64,,,,,,,,,,,,,0.0,0,0.0,0.0,0.0,0.0,0.0,0
78,Non-Rural,60,86,64,The University of Notre Dame Fremantle,6.438,The University of Wollongong,6.438,,,,,,,,,,,3rd,0,0.0,0.0,0.0,0.0,0.0,4
79,No   ural,62,65,84,The University of Queensland (RMP/DDMP),6.75,,,,,,,,,,,,,4th,0,0.0,0.0,0.0,Tier 3,Rockhampton,0
80,Non-Rural,73,60,96,The University of Queensland (Greater Brisbane),6.2,,,,,,,,,,,,,0.0,0,0.0,0.0,0.0,0.0,0.0,0
81,Non-Rural,70,71,59,The University of Wollongong,6.895,,,,,,,,,,,,,4th,0,0.0,0.0,0.0,0.0,0.0,4
82,Non-Rural,71,67,89,Deakin University,5.963,The University of Notre Dame Sydney,5.986,The University of Wollongong,5.986,The University of Melbourne,5.984,,,,,,,3rd,4,Did not apply,No,0.0,0.0,0.0,0
83,Non-Rural,65,68,64,0.0,,The University of Wollongong,5.813,Australian National University,5.813,The University of Queensland (RMP/DDMP),5.864,The University of Notre Dame Sydney,5.813,Griffith University,5.917,of Notre Dame Fremantle,5.813,3rd,0,0.0,0.0,0.0,Tier 3,Toowoomba,4
84,Non-Rural,63,73,79,The University of Notre Dame Sydney,7,0.0,,0.0,,0.0,,0.0,,0.0,,0.0,,4th,0,0.0,0.0,0.0,0.0,0.0,0
85,Non-Rural,63,58,68,The University of Queensland (Greater Brisbane),7,The University of Wollongong,6.427,The University of Notre Dame Sydney,6.427,,,,,0.0,,0.0,,Ast,0,0.0,0.0,0.0,0.0,0.0,2
86,Non-Rural,63,61,76,Griffith University,6.771,The University of Melbourne,6.85,Deakin University,6.854,Australian National University,6.833,The University of Queensland (Greater Brisbane),6.594,0.0,,0.0,,0.0,2,Did not apply,No,0.0,0.0,0.0,0
87,Non-Rural,61,76,65,The University of Notre Dame Sydney,6.655,Griffith University,6.569,The University of Queensland (Greater Brisbane),6.655,Australian National University,6.655,Macquarie University,6.655,0.0,,0.0,,4th,0,0.0,0.0,0.0,0.0,0.0,0
88,Non-Rural,58,72,67,The University of Queensland (Greater Brisbane),7,The University of Melbourne,7,,,,,,,0.0,,0.0,,0.0,0,0.0,No,0.0,0.0,0.0,0
89,Non-Rural,68,55,66,The University of Queensland (Greater Brisbane),7,,,,,,,,,0.0,,0.0,,0.0,0,0.0,0.0,0.0,0.0,0.0,0
90,Non-Rural,68,82,52,The University of Notre Dame Sydney,6.333,The University of Wollongong,6.33.,The University of Queensland (Greater Brisbane),6.375,,,,,0.0,,0.0,,4th,0,0.0,0.0,0.0,0.0,0.0,4
91,Non-Rural,67,72,55,,,The University of Melbourne,6.2,Griffith University,6.15,,,,,0.0,,0.0,,0.0,0,0.0,Yes,0.0,0.0,0.0,0
92,Rural,60,79,72,Deakin University,6.77,,,,,,,,,0.0,,0.0,,2nd,10,Tier 2,0.0,0.0,0.0,0.0,0
93,No   ural,63,69,60,The University of Notre Dame Fremantle,6.917,The University of Queensland (RMP/DDMP),6.9,The University of Wollongong,6.917,Griffith University,6.917,,,0.0,,0.0,,4th,0,0.0,0.0,0.0,Tier 3,Toowoomba,0
94,Rural,58,50,55,The University of Queensland (RMP/DDMP),6.948,,,,,,,,,0.0,,0.0,,3rd,0,0.0,0.0,0.0,Tier 1 (CQ/MWB),Rockhampton,0
95,Non-Rural,64,76,69,The University of Notre Dame Fremantle,6.604,,,,,,,,,0.0,,0.0,,3rd,0,0.0,0.0,0.0,0.0,0.0,0
96,Non-Rural,65,65,77,The University of Wollongong,6.99,,,,,,,,,0.0,,0.0,,4th,0,0.0,0.0,0.0,0.0,0.0,3
97,Rural,70,59,68,The University of Wollongong,6.2,0.0,,0.0,,0.0,,0.0,,0.0,,0.0,,3rd,0,0.0,0.0,0.0,0.0,0.0,3
98,Non-Rural,62,78,68,The University of Queensland (RMP/DDMP),6.844,0.0,,0.0,,0.0,,0.0,,0.0,,0.0,,4th,0,0.0,0.0,0.0,Tier 3,Toowoomba,0
99,Rural,58,71,58,The University of Wollongong,6.44,,,,,,,,,,,,,3rd,0,0.0,0.0,0.0,0.0,0.0,5
100,Rural,60,64,60,Griffith University,6.82,,,,,,,,,,,,,2nd,0,0.0,0.0,0.0,0.0,0.0,0
101,Non-Rural,52,61,72,,,The University of Wollongong,6.771,The University of Notre Dame Sydney,6.771,The University of Notre Dame Fremantle,6.771,Griffith University,6.729,The University of Western Australia,6.604,The University of Melbourne,6.775,3rd,0,0.0,No,0.0,0.0,0.0,4
102,Non-Rural,59,69,61,The University of Queensland (Greater Brisbane),7,The University of Melbourne,6.675,Deakin University,6.708,,,,,,,,,2nd,0,Did not apply,No,0.0,0.0,0.0,0
103,Non-Rural,65,71,70,The University of Notre Dame Sydney,6.75,The University of Wollongong,6.75,The University of Melbourne,6.73,Australian National University,6.75,,,,,,,4th,0,0.0,No,0.0,0.0,0.0,4
104,Non-Rural,55,81,70,The University of Notre Dame Sydney,6.6,,,,,,,,,,,,,4th,0,0.0,0.0,0.0,0.0,0.0,0
105,Rural,66,71,56,The University of Notre Dame Sydney,6.719,,,,,,,,,,,,,3rd,0,0.0,0.0,0.0,0.0,0.0,0
106,Non-Rural,62,66,76,The University of Wollongong,6.333,,,,,,,,,,,,,4th,0,0.0,0.0,0.0,0.0,0.0,4
107,No   ural,63,59,66,The University of Notre Dame Fremantle,6.677,,,,,,,,,,,,,4th,0,0.0,0.0,0.0,0.0,0.0,0
108,Rural,67,54,52,Deakin University,6.792,,,,,,,,,,,,,0.0,12,Did not apply,0.0,0.0,0.0,0.0,0
109,Non-Rural,65,74,63,Deakin University,6.667,,,,,,,,,,,,,0.0,8,Did not apply,0.0,0.0,0.0,0.0,0
110,Non-Rural,63,69,64,The University of Queensland (RMP/DDMP),6.89,,,,,,,,,,,,,(st,0,0.0,0.0,0.0,Tier 3,Toowoomba,0
111,Non-Rural,53,63,86,Griffith University,6.9,0.0,,0.0,,0.0,,0.0,,0.0,,0.0,,Ath,0,0.0,0.0,0.0,0.0,0.0,0
112,Non-Rural,60,72,65,The University of Western Australia,6.875,0.0,,0.0,,0.0,,0.0,,0.0,,0.0,,3rd,0,0.0,0.0,0.0,0.0,0.0,0
113,Non-Rural,66,72,70,The University of Notre Dame Sydney,6.458,Deakin University,6.458,,,,,,,,,,,4th,0,Did not apply,0.0,0.0,0.0,0.0,0
114,Non-Rural,67,72,54,,,The University of Wollongong,59,The University of Notre Dame Sydney,6.1,Macquarie University,6.1,,,,,,,2nd,0,0.0,0.0,0.0,0.0,0.0,3
115,Non-Rural,70,67,68,The University of Queensland (RMP/DDMP),7,,,,,,,,,,,,,3rd,0,0.0,0.0,0.0,Tier 3,Toowoomba,0
116,Non-Rural,67,81,67,The University of Notre Dame Sydney,65,Australian National University,6.607,,,,,,,,,,,4th,0,0.0,0.0,0.0,0.0,0.0,0
117,Rural,66,70,61,Griffith University,6.625,,,,,,,,,,,,,0.0,0,0.0,0.0,0.0,0.0,0.0,0
118,Rural,60,58,55,Deakin University,5.885,,,,,,,,,,,,,0.0,10,Tier 4,0.0,0.0,0.0,0.0,0
119,Non-Rural,60,68,65,The University of Notre Dame Fremantle,6.9,,,,,,,,,,,,,4th,0,0.0,0.0,0.0,0.0,0.0,0
120,Non-Rural,68,62,70,Deakin University,6.917,,,,,,,,,,,,,0.0,6,Did not apply,0.0,0.0,0.0,0.0,0
121,No   ural,59,68,1,,,The University of Wollongong,6.1,The University of Melbourne,6.1,The University of Notre Dame Fremantle,6.1,Deakin University,6.1,,,,,4th,2,Did not apply,Yes,0.0,0.0,0.0,2
122,Non-Rural,63,63,84,The University of Notre Dame Sydney,6.607,The University of Melbourne,6.579,Deakin University,6.607,,,,,,,,,3rd,0,Did not apply,Yes,0.0,0.0,0.0,0
123,Non-Rural,57,57,70,,,Deakin University,65,The University of Wollongong,65,Australian National University,65,Griffith University,65,The University of Notre Dame Sydney,65,The University of Wollongong,65,Ast,0,Did not apply,0.0,0.0,0.0,0.0,0
124,Non-Rural,58,68,61,,,Deakin University,6.854,The University of Wollongong,6.854,Griffith University,6.729,The University of Notre Dame Sydney,6.854,Australian National University,6.854,The University of Notre Dame Fremantle,6.854,4th,0,Did not apply,0.0,0.0,0.0,0.0,0
125,Non-Rural,66,75,98,Australian National University,6.2,The University of Melbourne,6.063,0.0,,0.0,,0.0,,0.0,,0.0,,0.0,0,0.0,Yes,0.0,0.0,0.0,0
126,Non-Rural,66,52,78,Australian National University,6.903,0.0,,0.0,,0.0,,0.0,,0.0,,0.0,,2nd,0,0.0,0.0,0.0,0.0,0.0,0
127,Non-Rural,68,80,73,The University of Notre Dame Sydney,6.802,The University of Wollongong,6.802,,,0.0,,0.0,,0.0,,0.0,,4th,0,0.0,0.0,0.0,0.0,0.0,1
128,Rural,59,60,74,The University of Western Australia,6.7,,,,,0.0,,0.0,,0.0,,0.0,,0.0,0,0.0,0.0,0.0,0.0,0.0,0
129,Non-Rural,77,75,71,The University of Melbourne,6.895,,,,,0.0,,0.0,,0.0,,0.0,,0.0,0,0.0,No,0.0,0.0,0.0,0
130,Non-Rural,69,63,86,The University of Melbourne,6.955,,,,,0.0,,0.0,,0.0,,0.0,,0.0,0,0.0,No,0.0,0.0,0.0,0
131,Non-Rural,56,73,74,The University of Western Australia,6.958,,,,,0.0,,0.0,,0.0,,0.0,,4th,0,0.0,0.0,0.0,0.0,0.0,0
132,Non-Rural,70,65,69,The University of Notre Dame Fremantle,6.371,,,,,0.0,,0.0,,0.0,,0.0,,4th,0,0.0,0.0,0.0,0.0,0.0,0
133,Rural,64,71,63,The University of Melbourne,5.85,,,,,0.0,,0.0,,0.0,,0.0,,0.0,0,0.0,Yes,0.0,0.0,0.0,0
134,Rural,57,72,55,The University of Queensland (RMP/DDMP),5.85,,,,,0.0,,0.0,,0.0,,0.0,,0.0,0,0.0,0.0,0.0,Tier 2,Toowoomba,0
135,Rural,65,64,65,The University of Notre Dame Sydney,6.01,,,,,0.0,,0.0,,0.0,,0.0,,2nd,0,0.0,0.0,0.0,0.0,0.0,0
136,Non-Rural,65,79,62,The University of Melbourne,6.963,,,,,0.0,,0.0,,0.0,,0.0,,4th,0,0.0,No,0.0,0.0,0.0,0
137,Non-Rural,69,78,78,,,The University of Melbourne,6.6,Deakin University,6.3,0.0,,0.0,,0.0,,0.0,,0.0,0,Did not apply,Yes,0.0,0.0,0.0,0
138,Non-Rural,56,71,81,The University of Melbourne,6.925,,,,,0.0,,0.0,,0.0,,0.0,,0.0,0,0.0,No,0.0,0.0,0.0,0
139,Non-Rural,61,70,78,The University of Melbourne,6.925,0.0,,0.0,,0.0,,0.0,,0.0,,0.0,,2nd,0,0.0,No,0.0,0.0,0.0,0
140,Non-Rural,65,64,63,The University of Western Australia,7,0.0,,0.0,,0.0,,0.0,,0.0,,0.0,,3rd,0,0.0,0.0,0.0,0.0,0.0,0
141,Rural,67,66,84,The University of Melbourne,6.946,,,,,,,0.0,,0.0,,0.0,,3rd,0,0.0,No,0.0,0.0,0.0,0
142,Non-Rural,73,85,95,The University of Melbourne,6.713,,,,,,,0.0,,0.0,,0.0,,0.0,0,0.0,No,0.0,0.0,0.0,0
143,Non-Rural,58,70,75,The University of Notre Dame Sydney,6.25,,,,,,,0.0,,0.0,,0.0,,4th,0,0.0,0.0,0.0,0.0,0.0,0
144,Non-Rural,65,63,71,The University of Western Australia,6.83.,The University of Wollongong,6.83.,The University of Notre Dame Sydney,6.83.,The University of Notre Dame Fremantle,6.83.,0.0,,0.0,,0.0,,2nd,0,0.0,0.0,0.0,0.0,0.0,4
145,Non-Rural,68,65,71,The University of Melbourne,7,,,,,,,0.0,,0.0,,0.0,,3rd,0,0.0,No,0.0,0.0,0.0,0
146,Rural,64,80,63,Griffith University,6.685,,,,,,,0.0,,0.0,,0.0,,0.0,0,0.0,0.0,0.0,0.0,0.0,0
147,Non-Rural,61,61,68,The University of Wollongong,6.55,,,,,,,0.0,,0.0,,0.0,,4th,0,0.0,0.0,0.0,0.0,0.0,4
148,Non-Rural,60,77,60,Deakin University,6.7,The University of Melbourne,6.7,,,,,0.0,,0.0,,0.0,,3rd,8,Did not apply,Yes,0.0,0.0,0.0,0
149,No   ural,68,73,73,The University of Melbourne,6.667,The University of Queensland (Greater Brisbane),6.264,,,,,0.0,,0.0,,0.0,,0.0,0,0.0,No,0.0,0.0,0.0,0
150,Non-Rural,68,71,74,The University of Melbourne,6.986,,,,,,,0.0,,0.0,,0.0,,3rd,0,0.0,Yes,0.0,0.0,0.0,0
151,Non-Rural,69,72,78,The University of Melbourne,7,,,,,,,0.0,,0.0,,0.0,,0.0,0,0.0,No,0.0,0.0,0.0,0
152,Non-Rural,77,76,73,The University of Notre Dame Sydney,6.852,,,,,,,0.0,,0.0,,0.0,,3rd,0,0.0,0.0,0.0,0.0,0.0,0
153,Non-Rural,61,72,78,The University of Notre Dame Sydney,6.906,0.0,,0.0,,0.0,,0.0,,0.0,,0.0,,3rd,0,0.0,0.0,0.0,0.0,0.0,0
154,Non-Rural,62,78,68,The University of Melbourne,6.811,0.0,,0.0,,0.0,,0.0,,0.0,,0.0,,4th,0,0.0,No,0.0,0.0,0.0,0
155,Rural,63,57,59,The University of Western Australia,5.57,,,,,,,0.0,,0.0,,0.0,,0.0,0,0.0,0.0,0.0,0.0,0.0,0
156,Rural,61,84,76,The University of Melbourne,6.9,,,,,,,0.0,,0.0,,0.0,,4th,0,0.0,No,0.0,0.0,0.0,0
157,Non-Rural,70,65,71,The University of Queensland (Greater Brisbane),7,,,,,,,0.0,,0.0,,0.0,,0.0,0,0.0,0.0,0.0,0.0,0.0,0
158,Non-Rural,65,55,68,The University of Wollongong,6.64,,,,,,,0.0,,0.0,,0.0,,3rd,0,0.0,0.0,0.0,0.0,0.0,4
159,Non-Rural,63,61,76,Deakin University,6.75,The University of Queensland (RMP/DDMP),6.648,Griffith University,6.65,The University of Melbourne,6.733,0.0,,0.0,,0.0,,0.0,4,Did not apply,No,0.0,Tier 3,Toowoomba,0
160,Non-Rural,83,67,66,The University of Melbourne,6.762,,,,,,,0.0,,0.0,,0.0,,0.0,0,0.0,Yes,0.0,0.0,0.0,0
161,Non-Rural,65,71,90,The University of Melbourne,6.746,,,,,,,0.0,,0.0,,0.0,,4th,0,0.0,No,0.0,0.0,0.0,0
162,Non-Rural,63,81,79,The University of Melbourne,7,,,,,,,0.0,,0.0,,0.0,,0.0,0,0.0,No,0.0,0.0,0.0,0
163,No   ural,59,69,65,The University of Queensland (RMP/DDMP),7,,,,,,,0.0,,0.0,,0.0,,3rd,0,0.0,0.0,0.0,Tier 3,Toowoomba,0
164,Non-Rural,57,67,66,Deakin University,6.833,,,,,,,0.0,,0.0,,0.0,,4th,8,Did not apply,0.0,0.0,0.0,0.0,0
165,Rural,55,71,64,Griffith University,6.72,,,,,,,0.0,,0.0,,0.0,,0.0,0,0.0,0.0,0.0,0.0,0.0,0
166,Non-Rural,57,1,75,The University of Western Australia,6.979,Australian National University,6.99,The University of Queensland (RMP/DDMP),6.979,Griffith University,6.979,0.0,,0.0,,0.0,,0.0,0,0.0,0.0,0.0,Tier 3,Rockhampton,0
167,Non-Rural,60,67,79,Macauarie University,6.115,0.0,,0.0,,0.0,,0.0,,0.0,,0.0,,0.0,0,0.0,0.0,0.0,0.0,0.0,0
168,Non-Rural,53,67,72,The University of Queensland (Greater Brisbane),7,The University of Melbourne,7,0.0,,0.0,,0.0,,0.0,,0.0,,0.0,0,0.0,No,0.0,0.0,0.0,0
169,Non-Rural,66,63,83,The University of Western Australia,6.542,The University of Notre Dame Sydney,6.51,Australian National University,6.51,0.0,,0.0,,0.0,,0.0,,3rd,0,0.0,0.0,0.0,0.0,0.0,0
170,Non-Rural,62,73,94,The University of Melbourne,6.604,,,,,0.0,,0.0,,0.0,,0.0,,0.0,0,0.0,Yes,0.0,0.0,0.0,0
171,Non-Rural,1,55,76,,,The University of Melbourne,6.8,,,0.0,,0.0,,0.0,,0.0,,Ast,0,0.0,Yes,0.0,0.0,0.0,0
172,Non-Rural,61,68,78,The University of Melbourne,6.886,,,,,0.0,,0.0,,0.0,,0.0,,0.0,0,0.0,No,0.0,0.0,0.0,0
173,Rural,61,55,1,Australian National University,6.134,,,,,0.0,,0.0,,0.0,,0.0,,0.0,0,0.0,0.0,0.0,0.0,0.0,0
174,Non-Rural,69,72,77,The University of Western Australia,65,,,,,0.0,,0.0,,0.0,,0.0,,3rd,0,0.0,0.0,0.0,0.0,0.0,0
175,Non-Rural,64,74,60,The University of Queensland (Greater Brisbane),7,,,,,0.0,,0.0,,0.0,,0.0,,4th,0,0.0,0.0,0.0,0.0,0.0,0
176,Rural,59,60,84,The University of Melbourne,6.55,,,,,0.0,,0.0,,0.0,,0.0,,4th,0,0.0,No,0.0,0.0,0.0,0
177,No   ural,65,71,64,The University of Wollongong,6.698,,,,,0.0,,0.0,,0.0,,0.0,,4th,0,0.0,0.0,0.0,0.0,0.0,2
178,Non-Rural,58,69,83,The University of Melbourne,6.9,,,,,0.0,,0.0,,0.0,,0.0,,0.0,0,0.0,No,0.0,0.0,0.0,0
179,Non-Rural,56,78,70,The University of Notre Dame Sydney,6.33.,,,,,0.0,,0.0,,0.0,,0.0,,4th,0,0.0,0.0,0.0,0.0,0.0,0
180,Non-Rural,63,80,56,The University of Notre Dame Fremantle,6.6,,,,,0.0,,0.0,,0.0,,0.0,,3rd,0,0.0,0.0,0.0,0.0,0.0,0
181,Non-Rural,67,72,77,The University of Western Australia,6.521,0.0,,0.0,,0.0,,0.0,,0.0,,0.0,,Ath,0,0.0,0.0,0.0,0.0,0.0,0
182,Non-Rural,63,62,70,The University of Queensland (RMP/DDMP),7,The University of Wollongong,6.631,The University of Notre Dame Fremantle,6.631,0.0,,0.0,,0.0,,0.0,,2nd,0,0.0,0.0,0.0,Tier 3,Bundaberg,1
183,Non-Rural,60,60,83,The University of Notre Dame Sydney,6.501,,,,,,,,,,,,,4th,0,0.0,0.0,0.0,0.0,0.0,0
184,Non-Rural,63,86,71,The University of Melbourne,6.95,,,,,,,,,,,,,0.0,0,0.0,No,0.0,0.0,0.0,0
185,Non-Rural,57,71,64,The University of Queensland (Greater Brisbane),7,,,,,,,,,,,,,0.0,0,0.0,0.0,0.0,0.0,0.0,0
186,Non-Rural,60,60,66,,,The University of Wollongong,6.208,The University of Notre Dame Sydney,6.208,The University of Queensland (RMP/DDMP),7,Australian National University,6.208,Deakin University,6.198,Macquarie University,6.177,4th,2,Did not apply,0.0,0.0,Tier 3,Rockhampton,4
187,Non-Rural,73,78,69,The University of Melbourne,6.886,,,,,,,,,,,,,0.0,0,0.0,Yes,0.0,0.0,0.0,0
188,Non-Rural,60,72,57,,,The University of Wollongong,6.881,Macquarie University,6.881,The University of Notre Dame Sydney,6.881,Australian National University,6.881,,,,,4th,0,0.0,0.0,0.0,0.0,0.0,4
189,Non-Rural,78,69,84,Australian National University,6.885,,,,,,,,,,,,,0.0,0,0.0,0.0,0.0,0.0,0.0,0
190,Non-Rural,65,63,63,The University of Queensland (RMP/DDMP),7,,,,,,,,,,,,,4th,0,0.0,0.0,0.0,Tier 3,Toowoomba,0
191,Rural,62,73,58,Australian National University,5.676,,,,,,,,,,,,,4th,0,0.0,0.0,0.0,0.0,0.0,0
192,Non-Rural,63,72,81,The University of Melbourne,6.858,,,,,,,,,,,,,0.0,0,0.0,No,0.0,0.0,0.0,0
193,Non-Rural,61,64,87,The University of Melbourne,6.9,,,,,,,,,,,,,0.0,0,0.0,Yes,0.0,0.0,0.0,0
194,Non-Rural,71,70,68,The University of Queensland (Greater Brisbane),6.589,,,,,,,,,,,,,4th,0,0.0,0.0,0.0,0.0,0.0,0
195,Non-Rural,61,78,64,0.0,,The University of Notre Dame Sydney,6.58,Australian National University,6.58,The University of Wollongong,6.58,The University of Melbourne,6.525,0.0,,0.0,,2nd,0,0.0,No,0.0,0.0,0.0,0
196,Rural,61,71,62,The University of Melbourne,5.867,0.0,,0.0,,0.0,,0.0,,0.0,,0.0,,0.0,0,0.0,No,0.0,0.0,0.0,0
197,Non-Rural,70,62,74,The University of Western Australia,6.896,,,,,,,,,,,,,3rd,0,0.0,0.0,0.0,0.0,0.0,0
198,Non-Rural,73,79,74,The University of Melbourne,6.4,,,,,,,,,,,,,4th,0,0.0,No,0.0,0.0,0.0,0
199,Non-Rural,63,75,73,Deakin University,6.735,The University of Melbourne,6.682,,,,,,,,,,,4th,2,Did not apply,No,0.0,0.0,0.0,0
200,Non-Rural,60,65,67,The University of Western Australia,6.818,The University of Notre Dame Sydney,6.74,Australian National University,6.74,The University of Notre Dame Fremantle,6.74,Griffith University,6.74,Macquarie University,6.74,,,2nd,0,0.0,0.0,0.0,0.0,0.0,0
201,Non-Rural,61,54,74,,,The University of Melbourne,6.9,,,,,,,,,,,2nd,0,0.0,Yes,0.0,0.0,0.0,0
202,Non-Rural,56,79,80,The University of Melbourne,6.921,,,,,,,,,,,,,0.0,0,0.0,No,0.0,0.0,0.0,0
203,Non-Rural,71,80,92,The University of Queensland (Greater Brisbane),6.975,,,,,,,,,,,,,0.0,0,0.0,0.0,0.0,0.0,0.0,0
204,Non-Rural,59,66,84,The University of Melbourne,7,,,,,,,,,,,,,3rd,0,0.0,No,0.0,0.0,0.0,0
205,No   ural,54,79,65,,,The University of Melbourne,6.771,Deakin University,6.958,The University of Notre Dame Sydney,6.917,The University of Queensland (Greater Brisbane),6.6,Griffith University,6.542,Australian National University,6.917,2nd,0,Did not apply,Yes,0.0,0.0,0.0,0
206,Non-Rural,63,63,70,The University of Western Australia,7,,,,,,,,,,,,,3rd,0,0.0,0.0,0.0,0.0,0.0,0
207,Non-Rural,59,83,76,The University of Western Australia,6.708,,,,,,,,,,,,,4th,0,0.0,0.0,0.0,0.0,0.0,0
208,Non-Rural,63,70,72,Macquarie University,6.45,The University of Wollongong,6.45,The University of Notre Dame Fremantle,6.45,The University of Notre Dame Sydney,6.45,Australian National University,6.45,Griffith University,6.45,,,2nd,0,0.0,0.0,0.0,0.0,0.0,4
209,Non-Rural,61,76,68,0.0,,The University of Melbourne,6.443,Australian National University,6.625,Deakin University,6.813,The University of Western Australia,6.556,The University of Queensland (Greater Brisbane),6.474,Griffith University,6.375,0.0,0,Did not apply,No,0.0,0.0,0.0,0
210,Non-Rural,62,61,82,The University of Queensland (Greater Brisbane),6.938,0.0,,0.0,,0.0,,0.0,,0.0,,0.0,,0.0,0,0.0,0.0,0.0,0.0,0.0,0
211,Non-Rural,68,76,59,The University of Queensland (RMP/DDMP),7,The University of Wollongong,6.594,,,,,,,,,,,4th,0,0.0,0.0,0.0,Tier 3,Toowoomba,1
212,Non-Rural,62,63,77,The University of Queensland (RMP/DDMP),6.789,The University of Melbourne,6.746,The University of Notre Dame Sydney,6.774,,,,,,,,,2nd,0,0.0,No,0.0,Tier 3,Toowoomba,0
213,Rural,67,78,57,The University of Notre Dame Sydney,5.29,,,,,,,,,,,,,3rd,0,0.0,0.0,0.0,0.0,0.0,0
214,Non-Rural,67,70,67,The University of Notre Dame Sydney,6.8,The University of Melbourne,6.799,,,,,,,,,,,3rd,0,0.0,No,0.0,0.0,0.0,0
215,Non-Rural,68,71,68,The University of Melbourne,7,,,,,,,,,,,,,4th,0,0.0,Yes,0.0,0.0,0.0,0
216,Non-Rural,80,65,59,,,The University of Wollongong,6.313,Deakin University,6.313,The University of Notre Dame Sydney,6.313,,,,,,,4th,4,Did not apply,0.0,0.0,0.0,0.0,2
217,Non-Rural,71,69,76,The University of Queensland (Greater Brisbane),7,,,,,,,,,,,,,0.0,0,0.0,0.0,0.0,0.0,0.0,0
218,Non-Rural,68,73,54,The University of Notre Dame Fremantle,6.677,,,,,,,,,,,,,3rd,0,0.0,0.0,0.0,0.0,0.0,0
219,No   ural,60,68,66,,,The University of Queensland (Greater Brisbane),6.789,The University of Melbourne,6.804,Griffith University,6.799,The University of Notre Dame Sydney,6.799,Deakin University,6.799,The University of Wollongong,6.799,2nd,2,Did not apply,Yes,0.0,0.0,0.0,0
220,Rural,60,55,66,The University of Melbourne,7,,,,,,,,,,,,,4th,0,0.0,No,0.0,0.0,0.0,0
221,Non-Rural,70,72,70,The University of Melbourne,6.775,,,,,,,,,,,,,4th,0,0.0,No,0.0,0.0,0.0,0
222,Non-Rural,63,78,76,The University of Melbourne,6.938,,,,,,,,,,,,,0.0,0,0.0,Yes,0.0,0.0,0.0,0
223,Non-Rural,55,68,74,The University of Queensland (RMP/DDMP),7,0.0,,0.0,,0.0,,0.0,,0.0,,0.0,,0.0,0,0.0,0.0,0.0,Tier 3,Toowoomba,0
224,Non-Rural,65,66,70,The University of Notre Dame Fremantle,6.443,0.0,,0.0,,0.0,,0.0,,0.0,,0.0,,4th,0,0.0,0.0,0.0,0.0,0.0,0
225,Non-Rural,68,77,66,The University of Melbourne,6.9,,,,,,,,,,,,,0.0,0,0.0,No,0.0,0.0,0.0,0
226,Non-Rural,57,56,65,The University of Melbourne,6.021,,,,,,,,,,,,,0.0,0,0.0,Yes,0.0,0.0,0.0,0
227,Non-Rural,63,80,65,The University of Queensland (Greater Brisbane),7,The University of Notre Dame Sydney,6.257,,,The University of Wollongong,,Deakin University,,The University of Notre Dame Fremantle,,The University of Western Australia,,4th,4,Did not apply,0.0,0.0,0.0,0.0,4
228,Non-Rural,77,68,84,Griffith University,6.23,,,,,,,,,,,,,0.0,0,0.0,0.0,0.0,0.0,0.0,0
229,Rural,59,58,69,The University of Notre Dame Sydney,6.219,,,,,,,,,,,,,3rd,0,0.0,0.0,0.0,0.0,0.0,0
230,Rural,60,70,63,The University of Queensland (Greater Brisbane),6.8,,,,,,,,,,,,,4th,0,0.0,0.0,0.0,0.0,0.0,0
231,Non-Rural,60,65,63,The University of Wollongong,6.69,,,,,,,,,,,,,4th,0,0.0,0.0,0.0,0.0,0.0,2
232,Non-Rural,68,61,74,,,The University of Queensland (Greater Brisbane),6.3,Griffith University,6.3,The University of Melbourne,6.3,Deakin University,6.3,The University of Western Australia,6.3,Australian National University,6.3,0.0,0,Did not apply,No,0.0,0.0,0.0,0
233,No   ural,60,65,64,The University of Queensland (Greater Brisbane),7,Deakin University,6.656,,,,,,,,,,,3rd,8,Did not apply,0.0,0.0,0.0,0.0,0
234,Non-Rural,64,78,69,The University of Melbourne,6.88,,,,,,,,,,,,,0.0,0,0.0,No,0.0,0.0,0.0,0
235,Non-Rural,62,70,90,The University of Melbourne,6.73,,,,,,,,,,,,,0.0,0,0.0,No,0.0,0.0,0.0,0
236,Rural,67,73,62,Griffith University,7,,,,,,,,,,,,,0.0,0,0.0,0.0,0.0,0.0,0.0,0
237,Non-Rural,59,76,52,The University of Notre Dame Sydney,6.854,0.0,,0.0,,0.0,,0.0,,0.0,,0.0,,2nd,0,0.0,0.0,0.0,0.0,0.0,0
238,Non-Rural,60,73,67,The University of Melbourne,7,0.0,,0.0,,0.0,,0.0,,0.0,,0.0,,4th,0,0.0,No,0.0,0.0,0.0,0
239,Non-Rural,61,67,80,The University of Melbourne,6.808,,,,,,,,,,,0.0,,4th,0,0.0,No,0.0,0.0,0.0,0
240,Non-Rural,66,81,62,The University of Notre Dame Sydney,6.71,,,,,,,,,,,0.0,,Ast,0,0.0,0.0,0.0,0.0,0.0,0
241,Non-Rural,65,67,73,The University of Notre Dame Sydney,6.84,,,,,,,,,,,0.0,,Ast,0,0.0,0.0,0.0,0.0,0.0,0
242,Non-Rural,65,74,79,The University of Queensland (Greater Brisbane),7,,,,,,,,,,,0.0,,4th,0,0.0,0.0,0.0,0.0,0.0,0
243,Non-Rural,65,67,75,Deakin University,6.979,,,,,,,,,,,0.0,,0.0,0,Did not apply,0.0,0.0,0.0,0.0,0
244,Non-Rural,66,67,70,The University of Western Australia,7,,,,,,,,,,,0.0,,Ast,0,0.0,0.0,0.0,0.0,0.0,0
245,Non-Rural,64,69,62,The University of Western Australia,6.927,Australian National University,6.932,Griffith University,6.927,,,,,,,0.0,,0.0,0,0.0,0.0,0.0,0.0,0.0,0
246,Non-Rural,59,57,65,,,The University of Wollongong,64,The University of Notre Dame Sydney,64,Australian National University,64,Macquarie University,64,Deakin University,65,0.0,,4th,0,Did not apply,0.0,0.0,0.0,0.0,2
247,No   ural,65,56,86,The University of Notre Dame Sydney,6.9,,,,,,,,,,,0.0,,4th,0,0.0,0.0,0.0,0.0,0.0,0
248,Rural,63,68,78,The University of Melbourne,5.85,,,,,,,,,,,0.0,,0.0,0,0.0,Yes,0.0,0.0,0.0,0
249,Non-Rural,73,72,74,The University of Melbourne,6.79,,,,,,,,,,,0.0,,0.0,0,0.0,No,0.0,0.0,0.0,0
250,Non-Rural,59,60,53,The University of Notre Dame Sydney,6.3,,,,,,,,,,,0.0,,2nd,0,0.0,0.0,0.0,0.0,0.0,0
251,Non-Rural,71,81,100,The University of Melbourne,6.3,0.0,,0.0,,0.0,,0.0,,0.0,,0.0,,0.0,0,0.0,No,0.0,0.0,0.0,0
252,Rural,58,58,60,The University of Queensland (RMP/DDMP),6.719,0.0,,0.0,,0.0,,0.0,,0.0,,0.0,,0.0,0,0.0,0.0,0.0,Tier 1 (CQ/WB),Rockhampton,0
253,Non-Rural,61,79,69,The University of Western Australia,6.979,,,,,0.0,,0.0,,0.0,,0.0,,3rd,0,0.0,0.0,0.0,0.0,0.0,0
254,Non-Rural,62,78,86,The University of Melbourne,6.83,,,,,0.0,,0.0,,0.0,,0.0,,0.0,0,0.0,No,0.0,0.0,0.0,0
255,Non-Rural,55,50,1,Australian National University,6.97,The University of Melbourne,6.97,,,0.0,,0.0,,0.0,,0.0,,0.0,0,0.0,No,0.0,0.0,0.0,0
256,Non-Rural,61,66,62,The University of Notre Dame Sydney,7,The University of Wollongong,7,,,0.0,,0.0,,0.0,,0.0,,4th,0,0.0,0.0,0.0,0.0,0.0,4
257,Non-Rural,57,56,58,,,The University of Notre Dame Fremantle,6.92,The University of Western Australia,6.89,0.0,,0.0,,0.0,,0.0,,3rd,0,0.0,0.0,0.0,0.0,0.0,0
258,Non-Rural,71,90,77,The University of Melbourne,6.84,,,,,0.0,,0.0,,0.0,,0.0,,0.0,0,0.0,No,0.0,0.0,0.0,0
259,Non-Rural,60,74,72,The University of Melbourne,6.97,,,,,0.0,,0.0,,0.0,,0.0,,4th,0,0.0,No,0.0,0.0,0.0,0
260,Non-Rural,64,71,77,The University of Melbourne,6.854,,,,,0.0,,0.0,,0.0,,0.0,,0.0,0,0.0,No,0.0,0.0,0.0,0
261,No   ural,64,67,58,,,The University of Wollongong,6.54,The University of Notre Dame Sydney,65,0.0,,0.0,,0.0,,0.0,,2nd,0,0.0,0.0,0.0,0.0,0.0,3
262,Non-Rural,67,65,81,The University of Queensland (RMP/DDMP),7,,,,,0.0,,0.0,,0.0,,0.0,,Ast,0,0.0,0.0,0.0,Tier 3,Toowoomba,0
263,Non-Rural,70,55,68,,,The University of Queensland (Greater Brisbane),7,Griffith University,64,0.0,,0.0,,0.0,,0.0,,0.0,0,0.0,0.0,0.0,0.0,0.0,0
264,Non-Rural,63,72,71,The University of Western Australia,6.83.,,,,,0.0,,0.0,,0.0,,0.0,,0.0,0,0.0,0.0,0.0,0.0,0.0,0
265,Non-Rural,64,64,69,The University of Notre Dame Sydney,6.823,The University of Melbourne,6.788,Deakin University,6.823,0.0,,0.0,,0.0,,0.0,,Ath,0,Did not apply,No,0.0,0.0,0.0,0
266,Non-Rural,61,75,69,The University of Queensland (Greater Brisbane),6.868,The University of Notre Dame Sydney,6.948,0.0,,0.0,,0.0,,0.0,,0.0,,2nd,0,0.0,0.0,0.0,0.0,0.0,0
267,Non-Rural,58,65,66,The University of Notre Dame Fremantle,6.97,The University of Wollongong,6.97,The University of Notre Dame Sydney,6.97,,,,,,,,,3rd,0,0.0,0.0,0.0,0.0,0.0,1
268,Non-Rural,59,77,66,The University of Notre Dame Sydney,6.76,,,,,,,,,,,,,4th,0,0.0,0.0,0.0,0.0,0.0,0
269,Non-Rural,69,69,65,,,The University of Melbourne,6.55,Deakin University,6.823,The University of Queensland (RMP/DDMP),6.323,Griffith University,6.438,Australian National University,6.771,The University of Wollongong,6.771,4th,0,Did not apply,Yes,0.0,Tier 3,Rockhampton,0
270,Non-Rural,53,78,69,,,The University of Wollongong,6.542,The University of Notre Dame Sydney,6.542,Griffith University,6.646,The University of Melbourne,6.575,The University of Queensland (Greater Brisbane),6.738,Macquarie University,6.542,4th,0,0.0,No,0.0,0.0,0.0,4
271,Non-Rural,61,68,63,The University of Notre Dame Sydney,6.902,The University of Melbourne,6.882,The University of Queensland (Greater Brisbane),6.78,Deakin University,6.902,,,,,,,4th,0,Did not apply,No,0.0,0.0,0.0,0
272,Non-Rural,72,71,59,The University of Notre Dame Fremantle,6.724,The University of Wollongong,6.903,,,,,,,,,,,3rd,0,0.0,0.0,0.0,0.0,0.0,2
273,Non-Rural,57,60,80,The University of Western Australia,6.904,,,,,,,,,,,,,4th,0,0.0,0.0,0.0,0.0,0.0,0
274,Non-Rural,64,78,81,The University of Notre Dame Sydney,6.188,,,,,,,,,,,,,3rd,0,0.0,0.0,0.0,0.0,0.0,0
275,Rural,63,64,56,The University of Melbourne,6.775,,,,,,,,,,,,,0.0,0,0.0,Yes,0.0,0.0,0.0,0
276,Non-Rural,68,75,63,,,The University of Wollongong,6.108,Griffith University,6.108,The University of Notre Dame Fremantle,6.108,The University of Notre Dame Sydney,6.108,The University of Melbourne,6.108,Deakin University,6.108,3rd,2,Did not apply,No,HDR,0.0,0.0,2
277,Rural,69,72,64,The University of Melbourne,6.281,,,,,,,,,,,,,0.0,0,0.0,Yes,0.0,0.0,0.0,0
278,Non-Rural,1,53,54,,,The University of Wollongong,6.515,The University of Notre Dame Sydney,6.515,Australian National University,6.515,The University of Queensland (Greater Brisbane),6.293,Griffith University,6.339,The University of Melbourne,6.45,3rd,0,0.0,No,0.0,0.0,0.0,2
279,Rural,54,1,63,The University of Melbourne,5.342,Deakin University,6.046,0.0,,0.0,,0.0,,0.0,,0.0,,41st,12,Tier 3,No,0.0,0.0,0.0,0
280,Rural,66,72,65,The University of Melbourne,6.573,0.0,,0.0,,0.0,,0.0,,0.0,,0.0,,0.0,0,0.0,No,0.0,0.0,0.0,0
281,Non-Rural,61,65,68,Deakin University,6.8,,,,,,,0.0,,0.0,,0.0,,0.0,8,Did not apply,0.0,0.0,0.0,0.0,0
282,Non-Rural,55,64,88,The University of Melbourne,7,,,,,,,0.0,,0.0,,0.0,,0.0,0,0.0,No,0.0,0.0,0.0,0
283,Non-Rural,73,58,84,The University of Western Australia,6.833,,,,,,,0.0,,0.0,,0.0,,4th,0,0.0,0.0,0.0,0.0,0.0,0
284,Non-Rural,62,83,69,The University of Queensland (Greater Brisbane),6.65,The University of Melbourne,6.62,Deakin University,6.65,,,0.0,,0.0,,0.0,,4th,0,Did not apply,No,0.0,0.0,0.0,0
285,Rural,61,63,62,The University of Western Australia,6.3,,,,,,,0.0,,0.0,,0.0,,Ast,0,0.0,0.0,0.0,0.0,0.0,0
286,Non-Rural,61,76,64,The University of Queensland (Greater Brisbane),6.9,The University of Melbourne,6.63,Deakin University,6.7,The University of Notre Dame Sydney,6.7,0.0,,0.0,,0.0,,3rd,0,Did not apply,Yes,0.0,0.0,0.0,0
287,Non-Rural,64,76,53,The University of Wollongong,6.073,,,,,,,0.0,,0.0,,0.0,,4th,0,0.0,0.0,0.0,0.0,0.0,3
288,Non-Rural,57,71,65,Macquarie University,6.8,The University of Wollongong,6.8,,,,,0.0,,0.0,,0.0,,2nd,0,0.0,0.0,0.0,0.0,0.0,4
289,Rural,59,61,68,The University of Notre Dame Fremantle,6.357,,,,,,,0.0,,0.0,,0.0,,4th,0,0.0,0.0,0.0,0.0,0.0,0
290,Non-Rural,54,70,60,The University of Notre Dame Fremantle,6.61,,,,,,,0.0,,0.0,,0.0,,4th,0,0.0,0.0,0.0,0.0,0.0,0
291,Non-Rural,70,73,75,The University of Western Australia,7,,,,,,,0.0,,0.0,,0.0,,3rd,0,0.0,0.0,0.0,0.0,0.0,0
292,Rural,60,64,62,The University of Queensland (RMP/DDMP),6.45,,,,,,,0.0,,0.0,,0.0,,0.0,0,0.0,0.0,0.0,Tier 1 (COMB),Rockhampton,0
293,Non-Rural,62,84,69,Australian National University,6.917,0.0,,0.0,,0.0,,0.0,,0.0,,0.0,,Ath,0,0.0,0.0,0.0,0.0,0.0,0
294,Non-Rural,64,81,71,Australian National University,6.885,0.0,,0.0,,0.0,,0.0,,0.0,,0.0,,4th,0,0.0,0.0,0.0,0.0,0.0,0
295,Non-Rural,74,71,80,The University of Melbourne,6.425,,,,,,,0.0,,0.0,,0.0,,4th,0,0.0,Yes,0.0,0.0,0.0,0
296,Rural,63,65,58,The University of Queensland (RMP/DDMP),5.29,,,,,,,0.0,,0.0,,0.0,,0.0,0,0.0,0.0,0.0,Tier 1 (COMB),Bundaberg,0
297,Non-Rural,66,78,94,The University of Queensland (Greater Brisbane),7,,,,,,,0.0,,0.0,,0.0,,0.0,0,0.0,0.0,0.0,0.0,0.0,0
298,Non-Rural,62,69,74,The University of Notre Dame Sydney,6.82,,,,,,,0.0,,0.0,,0.0,,4th,0,0.0,0.0,0.0,0.0,0.0,0
299,Non-Rural,57,61,77,Deakin University,6.85,The University of Melbourne,6.85,Australian National University,6.85,The University of Notre Dame Sydney,6.85,0.0,,0.0,,0.0,,3rd,6,Did not apply,No,0.0,0.0,0.0,0
300,Non-Rural,66,59,71,The University of Notre Dame Sydney,7,The University of Melbourne,7,Deakin University,7,,,0.0,,0.0,,0.0,,3rd,0,Did not apply,Yes,0.0,0.0,0.0,0
301,Non-Rural,70,85,78,The University of Melbourne,6.81,,,,,,,0.0,,0.0,,0.0,,0.0,0,0.0,No,0.0,0.0,0.0,0
302,Non-Rural,65,72,65,The University of Notre Dame Fremantle,6.385,The University of Wollongong,6.385,,,,,0.0,,0.0,,0.0,,4th,0,0.0,0.0,0.0,0.0,0.0,2
303,No   ural,61,69,58,The University of Notre Dame Fremantle,6.906,,,,,,,0.0,,0.0,,0.0,,4th,0,0.0,0.0,0.0,0.0,0.0,0
304,Non-Rural,58,82,1,Deakin University,6.979,,,,,,,0.0,,0.0,,0.0,,4th,6,Did not apply,0.0,0.0,0.0,0.0,0
305,Non-Rural,60,64,82,Deakin University,6.824,The University of Melbourne,6.688,,,,,0.0,,0.0,,0.0,,0.0,2,Did not apply,No,0.0,0.0,0.0,0
306,Non-Rural,77,65,73,The University of Queensland (Greater Brisbane),6.958,,,,,,,0.0,,0.0,,0.0,,0.0,0,0.0,0.0,0.0,0.0,0.0,0
307,Rural,60,63,53,The University of Melbourne,5,0.0,,0.0,,0.0,,0.0,,0.0,,0.0,,0.0,0,0.0,No,0.0,0.0,0.0,0
308,Non-Rural,63,72,58,The University of Wollongong,6.33,0.0,,0.0,,0.0,,0.0,,0.0,,0.0,,4th,0,0.0,0.0,0.0,0.0,0.0,4
309,Non-Rural,67,62,100,The University of Melbourne,7,,,,,,,,,,,,,0.0,0,0.0,No,0.0,0.0,0.0,0
310,Non-Rural,59,68,71,The University of Western Australia,6.699,,,,,,,,,,,,,4th,0,0.0,0.0,0.0,0.0,0.0,0
311,Non-Rural,67,67,88,The University of Melbourne,6.629,,,,,,,,,,,,,0.0,0,0.0,Yes,0.0,0.0,0.0,0
312,Non-Rural,66,56,95,The University of Melbourne,6.632,,,,,,,,,,,,,0.0,0,0.0,No,0.0,0.0,0.0,0
313,Non-Rural,53,71,77,The University of Queensland (Greater Brisbane),6.917,,,,,,,,,,,,,0.0,0,0.0,0.0,0.0,0.0,0.0,0
314,Non-Rural,65,64,75,,,The University of Wollongong,6.238,The University of Queensland (RMP/DDMP),6.238,Griffith University,6.238,The University of Notre Dame Sydney,6.238,The University of Melbourne,6.238,Deakin University,5.875,3rd,0,Did not apply,No,0.0,Tier 3,Rockhampton,2
315,Non-Rural,63,70,67,The University of Notre Dame Fremantle,6.695,The University of Queensland (Greater Brisbane),6.619,Griffith University,6.643,The University of Notre Dame Sydney,6.695,The University of Melbourne,6.651,,,,,3rd,0,0.0,No,0.0,0.0,0.0,0
316,Non-Rural,59,73,69,The University of Notre Dame Sydney,6.979,,,,,,,,,,,,,4th,0,0.0,0.0,0.0,0.0,0.0,0
317,No   ural,53,55,70,,,The University of Wollongong,6.67,,,,,,,,,,,2nd,0,0.0,0.0,0.0,0.0,0.0,2
318,Non-Rural,62,70,67,The University of Notre Dame Fremantle,7,,,,,,,,,,,,,3rd,0,0.0,0.0,0.0,0.0,0.0,0
319,Non-Rural,65,72,61,Deakin University,6.76,,,,,,,,,,,,,3rd,6,Did not apply,0.0,0.0,0.0,0.0,0
320,Non-Rural,56,64,68,The University of Western Australia,6.9,The University of Wollongong,6.9,The University of Notre Dame Fremantle,6.9,,,The University of Notre Dame Sydney,,Australian National University,,The University of Queensland (Greater Brisbane),,3rd,0,0.0,0.0,0.0,0.0,0.0,4
321,Rural,50,50,50,Deakin University,6.917,0.0,,0.0,,0.0,,0.0,,0.0,,0.0,,0.0,10,Tier 1,0.0,0.0,0.0,0.0,0
322,Rural,60,65,81,The University of Melbourne,6.7,0.0,,0.0,,0.0,,0.0,,0.0,,0.0,,0.0,0,0.0,No,0.0,0.0,0.0,0
323,Non-Rural,72,73,74,Deakin University,6.583,,,,,,,,,0.0,,0.0,,0.0,6,Did not apply,0.0,0.0,0.0,0.0,0
324,Non-Rural,69,67,70,The University of Notre Dame Sydney,6.889,,,,,,,,,0.0,,0.0,,3rd,0,0.0,0.0,0.0,0.0,0.0,0
325,Non-Rural,62,63,70,The University of Queensland (Greater Brisbane),6.86,Deakin University,6.85,Griffith University,6.85,Australian National University,6.6,,,0.0,,0.0,,0.0,0,Did not apply,0.0,0.0,0.0,0.0,0
326,Non-Rural,65,52,59,,,The University of Queensland (Greater Brisbane),6.74,Australian National University,6.74,Deakin University,6.74,,,0.0,,0.0,,Ast,6,Did not apply,0.0,0.0,0.0,0.0,0
327,Non-Rural,59,78,59,The University of Notre Dame Sydney,6.958,The University of Wollongong,6.958,,,,,,,0.0,,0.0,,4th,0,0.0,0.0,0.0,0.0,0.0,2
328,Non-Rural,56,70,68,Macquarie University,6.887,,,,,,,,,0.0,,0.0,,2nd,0,0.0,0.0,0.0,0.0,0.0,0
329,Non-Rural,57,87,58,The University of Notre Dame Sydney,6.594,,,,,,,,,0.0,,0.0,,4th,0,0.0,0.0,0.0,0.0,0.0,0
330,Non-Rural,55,64,67,The University of Notre Dame Fremantle,6.808,The University of Queensland (Greater Brisbane),6.979,Griffith University,6.647,The University of Notre Dame Sydney,6.808,Deakin University,6.799,0.0,,0.0,,4th,2,Did not apply,0.0,0.0,0.0,0.0,0
331,No   ural,62,61,63,Deakin University,6.837,,,,,,,,,0.0,,0.0,,4th,8,Did not apply,0.0,0.0,0.0,0.0,0
332,Non-Rural,70,68,76,Griffith University,6.656,The University of Queensland (Greater Brisbane),6.3,,,,,,,0.0,,0.0,,4th,0,0.0,0.0,0.0,0.0,0.0,0
333,Non-Rural,53,69,69,The University of Notre Dame Sydney,6.885,The University of Wollongong,6.885,Australian National University,6.885,Griffith University,6.906,,,0.0,,0.0,,4th,0,0.0,0.0,0.0,0.0,0.0,4
334,Non-Rural,69,59,68,The University of Wollongong,6.88,,,,,,,,,0.0,,0.0,,(st,0,0.0,0.0,0.0,0.0,0.0,5
335,Non-Rural,54,60,1,The University of Wollongong,6.6,0.0,,0.0,,0.0,,0.0,,0.0,,0.0,,Ath,0,0.0,0.0,0.0,0.0,0.0,3
336,Non-Rural,54,60,65,Deakin University,6.802,0.0,,0.0,,0.0,,0.0,,0.0,,0.0,,3rd,8,Did not apply,0.0,0.0,0.0,0.0,0
337,Non-Rural,70,68,80,Australian National University,6.906,The University of Wollongong,6.906,The University of Notre Dame Sydney,6.906,,,0.0,,,,,,Ast,0,0.0,0.0,0.0,0.0,0.0,3
338,Non-Rural,59,72,68,The University of Queensland (Greater Brisbane),6.8,The University of Wollongong,6.8,The University of Notre Dame Sydney,6.8,,,0.0,,,,,,2nd,0,0.0,0.0,0.0,0.0,0.0,1
339,Non-Rural,57,69,60,The University of Notre Dame Fremantle,6.712,,,,,,,0.0,,,,,,4th,0,0.0,0.0,0.0,0.0,0.0,0
340,Rural,56,54,64,,,The University of Wollongong,5.635,Macquarie University,5.635,The University of Notre Dame Sydney,5.635,0.0,,The University of Western Australia,5.521,The University of Queensland (Greater Brisbane),55,4th,0,0.0,0.0,0.0,0.0,0.0,4
341,Non-Rural,60,87,63,The University of Queensland (RMP/DDMP),6.93,,,,,,,0.0,,,,,,0.0,0,0.0,0.0,0.0,Tier 3,Toowoomba,0
342,Non-Rural,63,62,78,The University of Queensland (Greater Brisbane),7,,,,,,,0.0,,,,,,2nd,0,0.0,0.0,0.0,0.0,0.0,0
343,Non-Rural,69,79,63,The University of Notre Dame Sydney,6.636,,,,,,,0.0,,,,,,3rd,0,0.0,0.0,0.0,0.0,0.0,0
344,Non-Rural,65,64,80,The University of Queensland (Greater Brisbane),6.865,,,,,,,0.0,,,,,,0.0,0,0.0,0.0,0.0,0.0,0.0,0
345,No   ural,59,65,66,The University of Wollongong,6.9,,,,,,,0.0,,,,,,3rd,0,0.0,0.0,0.0,0.0,0.0,3
346,Non-Rural,61,66,66,The University of Queensland (Greater Brisbane),7,The University of Notre Dame Sydney,6.54,,,,,0.0,,,,,,3rd,0,0.0,0.0,0.0,0.0,0.0,0
347,Non-Rural,68,70,69,The University of Queensland (Greater Brisbane),6.87,Australian National University,6.87,The University of Melbourne,6.87,,,0.0,,,,,,2nd,0,0.0,No,0.0,0.0,0.0,0
348,Non-Rural,65,77,63,The University of Notre Dame Fremantle,6.885,,,,,,,0.0,,,,,,4th,0,0.0,0.0,0.0,0.0,0.0,0
349,Non-Rural,70,69,86,The University of Melbourne,6.9,0.0,,0.0,,0.0,,0.0,,0.0,,0.0,,0.0,0,0.0,No,0.0,0.0,0.0,0
350,Non-Rural,64,79,67,The University of Melbourne,6.85,0.0,,0.0,,0.0,,0.0,,0.0,,0.0,,4th,0,0.0,No,0.0,0.0,0.0,0
351,Non-Rural,66,64,85,The University of Melbourne,6.895,,,0.0,,0.0,,0.0,,0.0,,0.0,,4th,0,0.0,Yes,0.0,0.0,0.0,0
352,Non-Rural,68,78,71,The University of Wollongong,6.4,,,0.0,,0.0,,0.0,,0.0,,0.0,,4th,0,0.0,0.0,0.0,0.0,0.0,2
353,Non-Rural,70,72,81,The University of Melbourne,7,,,0.0,,0.0,,0.0,,0.0,,0.0,,0.0,0,0.0,No,0.0,0.0,0.0,0
354,Non-Rural,61,77,63,The University of Queensland (RMP/DDMP),6.96,Griffith University,6.85,0.0,,0.0,,0.0,,0.0,,0.0,,4th,0,0.0,0.0,0.0,Tier 3,Toowoomba,0
355,Non-Rural,54,70,68,Griffith University,7,,,0.0,,0.0,,0.0,,0.0,,0.0,,0.0,0,0.0,0.0,0.0,0.0,0.0,0
356,Non-Rural,60,72,78,The University of Melbourne,6.94,,,0.0,,0.0,,0.0,,0.0,,0.0,,0.0,0,0.0,No,0.0,0.0,0.0,0
357,Non-Rural,71,63,73,The University of Notre Dame Sydney,6.7,The University of Wollongong,6.7,0.0,,0.0,,0.0,,0.0,,0.0,,3rd,0,0.0,0.0,0.0,0.0,0.0,3
358,Non-Rural,62,72,80,The University of Notre Dame Sydney,6.837,,,0.0,,0.0,,0.0,,0.0,,0.0,,4th,0,0.0,0.0,0.0,0.0,0.0,0
359,No   ural,68,62,78,The University of Western Australia,6.65,The University of Melbourne,6.55,0.0,,0.0,,0.0,,0.0,,0.0,,0.0,0,0.0,No,0.0,0.0,0.0,0
360,Non-Rural,70,77,75,The University of Notre Dame Sydney,7,,,0.0,,0.0,,0.0,,0.0,,0.0,,4th,0,0.0,0.0,0.0,0.0,0.0,0
361,Non-Rural,72,76,98,The University of Melbourne,6.8,,,0.0,,0.0,,0.0,,0.0,,0.0,,0.0,0,0.0,No,0.0,0.0,0.0,0
362,Rural,55,61,64,The University of Melbourne,6.25,,,0.0,,0.0,,0.0,,0.0,,0.0,,0.0,0,0.0,No,0.0,0.0,0.0,0
363,Non-Rural,65,73,70,The University of Melbourne,7,0.0,,0.0,,0.0,,0.0,,0.0,,0.0,,Ath,0,0.0,No,0.0,0.0,0.0,0
364,Non-Rural,59,59,72,Deakin University,6.925,The University of Wollongong,6.865,0.0,,The University of Notre Dame Sydney,6.865,0.0,,0.0,,0.0,,2nd,4,Did not apply,0.0,0.0,0.0,0.0,2
365,Non-Rural,60,71,59,The University of Notre Dame Sydney,6.84,,,0.0,,,,0.0,,0.0,,0.0,,4th,0,0.0,0.0,0.0,0.0,0.0,0
366,Rural,50,62,70,The University of Wollongong,6.2,,,0.0,,,,0.0,,0.0,,0.0,,3rd,0,0.0,0.0,0.0,0.0,0.0,4
367,Non-Rural,75,68,61,Deakin University,6.792,The University of Melbourne,6.792,0.0,,,,0.0,,0.0,,0.0,,3rd,6,Did not apply,Yes,0.0,0.0,0.0,0
368,Rural,65,67,58,Griffith University,7,,,0.0,,,,0.0,,0.0,,0.0,,4th,0,0.0,0.0,0.0,0.0,0.0,0
369,Non-Rural,68,89,73,The University of Melbourne,6.641,,,0.0,,,,0.0,,0.0,,0.0,,0.0,0,0.0,No,0.0,0.0,0.0,0
370,Non-Rural,60,75,70,The University of Melbourne,6.905,,,0.0,,,,0.0,,0.0,,0.0,,2nd,0,0.0,No,0.0,0.0,0.0,0
371,Rural,66,62,77,Griffith University,6.54,,,0.0,,,,0.0,,0.0,,0.0,,2nd,0,0.0,0.0,0.0,0.0,0.0,0
372,Non-Rural,65,68,98,Australian National University,7,,,0.0,,,,0.0,,0.0,,0.0,,4th,0,0.0,0.0,0.0,0.0,0.0,0
373,No   ural,74,78,70,The University of Melbourne,6.814,,,0.0,,,,0.0,,0.0,,0.0,,0.0,0,0.0,No,0.0,0.0,0.0,0
374,Rural,54,62,62,The University of Notre Dame Sydney,6.563,,,0.0,,,,0.0,,0.0,,0.0,,3rd,0,0.0,0.0,HDR,0.0,0.0,0
375,Non-Rural,64,76,62,The University of Notre Dame Sydney,6.984,,,0.0,,,,0.0,,0.0,,0.0,,4th,0,0.0,0.0,0.0,0.0,0.0,0
376,Non-Rural,68,63,71,The University of Western Australia,6.741,The University of Wollongong,6.793,0.0,,,,0.0,,0.0,,0.0,,4th,0,0.0,0.0,0.0,0.0,0.0,4
377,Rural,52,50,52,The University of Wollongong,5.95,0.0,,0.0,,0.0,,0.0,,0.0,,0.0,,3rd,0,0.0,0.0,0.0,0.0,0.0,3
378,Non-Rural,57,75,73,The University of Notre Dame Sydney,6.607,The University of Melbourne,6.588,0.0,,0.0,,0.0,,0.0,,0.0,,4th,0,0.0,No,0.0,0.0,0.0,0
379,Non-Rural,65,69,100,The University of Melbourne,7,,,,,,,,,0.0,,0.0,,0.0,0,0.0,No,0.0,0.0,0.0,0
380,Non-Rural,75,72,73,The University of Queensland (Greater Brisbane),6.68,,,,,,,,,0.0,,0.0,,0.0,0,0.0,0.0,0.0,0.0,0.0,0
381,Non-Rural,65,65,70,Deakin University,6.583,The University of Notre Dame Sydney,6.656,The University of Wollongong,6.656,,,,,0.0,,0.0,,Ast,10,Did not apply,0.0,0.0,0.0,0.0,0
382,Non-Rural,59,78,65,Griffith University,6.89,,,,,,,,,0.0,,0.0,,0.0,0,0.0,0.0,0.0,0.0,0.0,0
383,Non-Rural,59,73,67,Griffith University,6.979,,,,,,,,,0.0,,0.0,,3rd,0,0.0,0.0,0.0,0.0,0.0,0
384,Non-Rural,75,73,52,The University of Notre Dame Fremantle,6.969,,,,,,,,,0.0,,0.0,,2nd,0,0.0,0.0,0.0,0.0,0.0,0
385,Non-Rural,61,55,70,The University of Western Australia,7,The University of Melbourne,7,Deakin University,7,Griffith University,7,Australian National University,7,0.0,,0.0,,0.0,0,Did not apply,No,0.0,0.0,0.0,0
386,Rural,63,53,63,The University of Wollongong,6.83.,,,,,,,,,0.0,,0.0,,2nd,0,0.0,0.0,0.0,0.0,0.0,3
387,No   ural,71,72,65,The University of Notre Dame Sydney,6.438,,,,,,,,,0.0,,0.0,,4th,0,0.0,0.0,0.0,0.0,0.0,0
388,Rural,74,70,54,Deakin University,6.745,,,,,,,,,0.0,,0.0,,0.0,14,Tier 2,0.0,0.0,0.0,0.0,0
389,Non-Rural,60,61,63,,,The University of Wollongong,6.819,,,,,,,0.0,,0.0,,3rd,0,0.0,0.0,0.0,0.0,0.0,4
390,Non-Rural,65,63,58,The University of Wollongong,6.615,,,,,,,,,0.0,,0.0,,3rd,0,0.0,0.0,0.0,0.0,0.0,3
391,Non-Rural,70,71,82,The University of Notre Dame Sydney,6.38,0.0,,0.0,,0.0,,0.0,,0.0,,0.0,,2nd,0,0.0,0.0,0.0,0.0,0.0,0
392,Non-Rural,65,86,73,The University of Melbourne,6.786,0.0,,0.0,,0.0,,0.0,,0.0,,0.0,,0.0,0,0.0,Yes,0.0,0.0,0.0,0
393,Non-Rural,65,70,58,The University of Notre Dame Fremantle,6.73,The University of Melbourne,6.68,Deakin University,6.73,The University of Notre Dame Sydney,6.73,0.0,,0.0,,0.0,,4th,4,Did not apply,No,0.0,0.0,0.0,0
394,Non-Rural,60,60,70,The University of Wollongong,6.7,,,,,,,0.0,,0.0,,0.0,,4th,0,0.0,0.0,0.0,0.0,0.0,4
395,Non-Rural,65,69,59,The University of Wollongong,6.6,,,,,,,0.0,,0.0,,0.0,,4th,0,0.0,0.0,0.0,0.0,0.0,2
396,Non-Rural,74,70,63,The University of Queensland (RMP/DDMP),7,The University of Wollongong,6.373,,,,,0.0,,0.0,,0.0,,3rd,0,0.0,0.0,0.0,Tier 3,Rockhampton,2
397,Non-Rural,76,69,1,Australian National University,6.995,,,,,,,0.0,,0.0,,0.0,,2nd,0,0.0,0.0,0.0,0.0,0.0,0
398,Non-Rural,54,54,79,Macquarie University,6.87,,,,,,,0.0,,0.0,,0.0,,0.0,0,0.0,0.0,0.0,0.0,0.0,0
399,Non-Rural,64,60,69,Deakin University,6.95,The University of Wollongong,6.906,,,,,0.0,,0.0,,0.0,,3rd,4,Did not apply,0.0,0.0,0.0,0.0,2
400,Non-Rural,62,59,69,The University of Wollongong,6.8,,,,,,,0.0,,0.0,,0.0,,4th,0,0.0,0.0,0.0,0.0,0.0,3
401,No   ural,61,75,59,The University of Notre Dame Fremantle,6.875,,,,,,,0.0,,0.0,,0.0,,4th,0,0.0,0.0,0.0,0.0,0.0,0
402,Non-Rural,65,77,76,The University of Notre Dame Sydney,6.75,,,,,,,0.0,,0.0,,0.0,,4th,0,0.0,0.0,0.0,0.0,0.0,0
403,Non-Rural,68,80,60,The University of Notre Dame Sydney,6.7,The University of Wollongong,6.75,,,,,0.0,,0.0,,0.0,,3rd,0,0.0,0.0,0.0,0.0,0.0,4
404,Non-Rural,63,64,71,The University of Queensland (Greater Brisbane),7,,,,,,,0.0,,0.0,,0.0,,0.0,0,0.0,0.0,0.0,0.0,0.0,0
405,Non-Rural,64,62,61,of Notre Dame Fremantle,6.81,The University of Melbourne,6.825,0.0,,0.0,,0.0,,0.0,,0.0,,Ath,0,0.0,No,0.0,0.0,0.0,0
406,Non-Rural,63,70,76,The University of Queensland (Greater Brisbane),7,0.0,,0.0,,0.0,,0.0,,0.0,,0.0,,0.0,0,0.0,0.0,0.0,0.0,0.0,0
407,Non-Rural,59,64,71,Macquarie University,6.813,The University of Queensland (Greater Brisbane),6.74,The University of Notre Dame Sydney,6.813,Griffith University,6.813,Deakin University,6.813,The University of Notre Dame Fremantle,6.813,0.0,,3rd,2,Did not apply,0.0,0.0,0.0,0.0,0
408,Non-Rural,61,73,66,The University of Western Australia,6.953,,,,,,,,,,,0.0,,0.0,0,0.0,0.0,0.0,0.0,0.0,0
409,Non-Rural,63,75,70,Deakin University,6.792,,,,,,,,,,,0.0,,0.0,6,Did not apply,0.0,0.0,0.0,0.0,0
410,Non-Rural,50,66,70,The University of Western Australia,6.948,The University of Wollongong,6.948,,,,,,,,,0.0,,2nd,0,0.0,0.0,0.0,0.0,0.0,4
411,Non-Rural,78,77,61,The University of Queensland (Greater Brisbane),6.6,,,,,,,,,,,0.0,,0.0,0,0.0,0.0,0.0,0.0,0.0,0
412,Non-Rural,52,66,66,The University of Notre Dame Fremantle,7,Griffith University,7,,,,,,,,,0.0,,4th,0,0.0,0.0,0.0,0.0,0.0,0
413,Non-Rural,61,79,75,The University of Melbourne,6.704,,,,,,,,,,,0.0,,0.0,0,0.0,Yes,0.0,0.0,0.0,0
414,Non-Rural,70,63,80,The University of Western Australia,6.42,The University of Melbourne,6.38,Deakin University,6.36,The University of Notre Dame Sydney,6.36,The University of Wollongong,6.36,The University of Notre Dame Fremantle,6.36,0.0,,2nd,0,Did not apply,No,0.0,0.0,0.0,0
415,Rural,52,66,57,Deakin University,6.57,,,,,,,,,,,0.0,,3rd,14,Tier 3,0.0,0.0,0.0,0.0,0
416,Non-Rural,71,85,79,The University of Melbourne,6.677,,,,,,,,,,,0.0,,4th,0,0.0,No,0.0,0.0,0.0,0
417,Non-Rural,62,65,73,The University of Western Australia,6.99,,,,,,,,,,,0.0,,0.0,0,0.0,0.0,0.0,0.0,0.0,0
418,Rural,55,57,61,The University of Wollongong,6.91,,,,,,,,,,,0.0,,3rd,0,0.0,0.0,0.0,0.0,0.0,5
419,Rural,62,64,71,The University of Melbourne,6.6,0.0,,0.0,,0.0,,0.0,,0.0,,0.0,,Ath,0,0.0,Yes,0.0,0.0,0.0,0
420,Non-Rural,67,62,65,The University of Notre Dame Fremantle,6.59,0.0,,0.0,,0.0,,0.0,,0.0,,0.0,,4th,0,0.0,0.0,0.0,0.0,0.0,0
421,Non-Rural,64,78,64,The University of Queensland (Greater Brisbane),6.69,,,,,,,0.0,,0.0,,0.0,,4th,0,0.0,0.0,0.0,0.0,0.0,0
422,Non-Rural,63,76,59,The University of Wollongong,6.424,,,,,,,0.0,,0.0,,0.0,,2nd,0,0.0,0.0,0.0,0.0,0.0,4
423,Non-Rural,66,66,59,The University of Notre Dame Sydney,6.927,Griffith University,7,,,,,0.0,,0.0,,0.0,,4th,0,0.0,0.0,HDR,0.0,0.0,0
424,Non-Rural,59,61,55,The University of Wollongong,6.55,,,,,,,0.0,,0.0,,0.0,,4th,0,0.0,0.0,0.0,0.0,0.0,5
425,Non-Rural,62,66,71,Macquarie University,6.65,The University of Melbourne,6.65,,,,,0.0,,0.0,,0.0,,3rd,0,0.0,No,0.0,0.0,0.0,0
426,Non-Rural,66,77,69,The University of Western Australia,6.802,,,,,,,0.0,,0.0,,0.0,,4th,0,0.0,0.0,0.0,0.0,0.0,0
427,Non-Rural,64,82,72,The University of Queensland (Greater Brisbane),6.345,Griffith University,6.377,,,,,0.0,,0.0,,0.0,,3rd,0,0.0,0.0,0.0,0.0,0.0,0
428,Non-Rural,66,68,78,The University of Notre Dame Fremantle,6.625,,,,,,,0.0,,0.0,,0.0,,4th,0,0.0,0.0,0.0,0.0,0.0,0
429,No   ural,69,69,75,The University of Notre Dame Fremantle,6.15,The University of Wollongong,6.15,The University of Queensland (RMP/DDMP),6.15,Griffith University,6.15,0.0,,0.0,,0.0,,Ast,0,0.0,0.0,0.0,Tier 3,Toowoomba,2
430,Non-Rural,66,70,68,The University of Notre Dame Sydney,6.67,,,,,,,0.0,,0.0,,0.0,,4th,0,0.0,0.0,0.0,0.0,0.0,0
431,Non-Rural,63,67,65,The University of Notre Dame Sydney,6.729,The University of Melbourne,6.725,Deakin University,6.729,,,0.0,,0.0,,0.0,,4th,0,Did not apply,No,0.0,0.0,0.0,0
432,Non-Rural,79,64,75,The University of Queensland (Greater Brisbane),6.569,The University of Notre Dame Sydney,6.596,,,,,0.0,,0.0,,0.0,,2nd,0,0.0,0.0,0.0,0.0,0.0,0
433,Non-Rural,61,81,65,The University of Melbourne,6.9,0.0,,0.0,,0.0,,0.0,,0.0,,0.0,,Ath,0,0.0,No,0.0,0.0,0.0,0
434,Non-Rural,51,69,81,Australian National University,6.869,0.0,,0.0,,0.0,,0.0,,0.0,,0.0,,0.0,0,0.0,0.0,0.0,0.0,0.0,0
435,Non-Rural,65,80,56,The University of Notre Dame Sydney,6.77,,,,,,,0.0,,0.0,,0.0,,4th,0,0.0,0.0,0.0,0.0,0.0,0
436,Non-Rural,69,66,74,The University of Queensland (Greater Brisbane),6.685,The University of Melbourne,6.579,,,,,0.0,,0.0,,0.0,,3rd,0,0.0,No,0.0,0.0,0.0,0
437,Non-Rural,66,83,68,The University of Melbourne,6.875,,,,,,,0.0,,0.0,,0.0,,0.0,0,0.0,No,0.0,0.0,0.0,0
438,Non-Rural,58,74,65,The University of Notre Dame Sydney,6.99,The University of Wollongong,6.99,,,,,0.0,,0.0,,0.0,,4th,0,0.0,0.0,0.0,0.0,0.0,4
439,Non-Rural,58,63,74,The University of Notre Dame Sydney,6.814,,,,,,,0.0,,0.0,,0.0,,4th,0,0.0,0.0,0.0,0.0,0.0,0
440,Non-Rural,59,61,72,The University of Western Australia,6.9,Griffith University,6.9,The University of Queensland (Greater Brisbane),6.9,The University of Wollongong,6.9,0.0,,0.0,,0.0,,3rd,0,0.0,0.0,0.0,0.0,0.0,0
441,Non-Rural,75,66,71,The University of Melbourne,6.975,,,,,,,0.0,,0.0,,0.0,,4th,0,0.0,Yes,0.0,0.0,0.0,0
442,Rural,50,50,50,Deakin University,5.625,,,,,,,0.0,,0.0,,0.0,,0.0,14,Tier 4,0.0,0.0,0.0,0.0,0
443,No   ural,61,57,71,The University of Wollongong,6,The University of Notre Dame Sydney,6.2,,,,,0.0,,0.0,,0.0,,4th,0,0.0,0.0,0.0,0.0,0.0,3
444,Non-Rural,62,80,86,The University of Melbourne,6.875,,,,,,,0.0,,0.0,,0.0,,4th,0,0.0,No,0.0,0.0,0.0,0
445,Non-Rural,70,78,63,Deakin University,6.929,The University of Melbourne,6.61,,,,,0.0,,0.0,,0.0,,4th,4,Did not apply,No,0.0,0.0,0.0,0
446,Non-Rural,61,72,57,The University of Notre Dame Fremantle,6.896,,,,,,,0.0,,0.0,,0.0,,4th,0,0.0,0.0,0.0,0.0,0.0,0
447,Rural,60,61,54,The University of Wollongong,6.7,0.0,,0.0,,0.0,,0.0,,0.0,,0.0,,41st,0,0.0,0.0,0.0,0.0,0.0,5
448,Non-Rural,70,74,86,The University of Melbourne,6.31,Australian National University,6.31,0.0,,0.0,,0.0,,0.0,,0.0,,0.0,0,0.0,No,0.0,0.0,0.0,0
449,Non-Rural,62,66,100,The University of Western Australia,6.917,,,,,,,,,,,,,3rd,0,0.0,0.0,0.0,0.0,0.0,0
450,Rural,58,57,53,The University of Queensland (RMP/DDMP),6.023,,,,,,,,,,,,,0.0,0,0.0,0.0,0.0,Tier 4 (DD),Toowoomba,0
451,Non-Rural,67,59,80,The University of Queensland (RMP/DDMP),6.75,Griffith University,6.51,,,,,,,,,,,3rd,0,0.0,0.0,0.0,Tier 3,Toowoomba,0
452,Non-Rural,65,81,59,The University of Wollongong,58,The University of Notre Dame Sydney,58,,,,,,,,,,,4th,0,0.0,0.0,0.0,0.0,0.0,4
453,Non-Rural,68,68,84,The University of Melbourne,7,,,,,,,,,,,,,0.0,0,0.0,No,0.0,0.0,0.0,0
454,Rural,66,77,60,The University of Western Australia,6.449,,,,,,,,,,,,,3rd,0,0.0,0.0,0.0,0.0,0.0,0
455,Non-Rural,66,78,71,The University of Notre Dame Sydney,6.99,,,,,,,,,,,,,4th,0,0.0,0.0,0.0,0.0,0.0,0
456,Non-Rural,60,60,73,The University of Western Australia,7,,,,,,,,,,,,,0.0,0,0.0,0.0,0.0,0.0,0.0,0
457,No   ural,70,73,59,,,The University of Notre Dame Sydney,6.25,The University of Wollongong,6.25,Australian National University,6.25,The University of Melbourne,6.25,Deakin University,6.25,Griffith University,6.25,2nd,4,Did not apply,No,0.0,0.0,0.0,3
458,Rural,60,60,1,The University of Wollongong,6,Deakin University,6,,,,,,,,,,,4th,4,Did not apply,0.0,0.0,0.0,0.0,2
459,Non-Rural,72,73,72,Deakin University,6.972,,,,,,,,,,,,,4th,6,Did not apply,0.0,0.0,0.0,0.0,0
460,Non-Rural,65,73,75,The University of Melbourne,6.95,,,,,,,,,,,,,0.0,0,0.0,No,0.0,0.0,0.0,0
461,Non-Rural,77,67,71,The University of Western Australia,6.8,0.0,,0.0,,0.0,,0.0,,0.0,,0.0,,0.0,0,0.0,0.0,0.0,0.0,0.0,0
462,Non-Rural,60,82,62,The University of Queensland (RMP/DDMP),6.7,The University of Melbourne,6.67,Deakin University,6.7,0.0,,0.0,,0.0,,0.0,,0.0,0,Did not apply,No,0.0,Tier 3,Toowoomba,0
463,Non-Rural,61,84,60,The University of Notre Dame Sydney,6.712,Macquarie University,6.712,,,0.0,,0.0,,0.0,,0.0,,4th,0,0.0,0.0,0.0,0.0,0.0,0
464,Non-Rural,67,65,74,Deakin University,6.771,,,,,0.0,,0.0,,0.0,,0.0,,0.0,4,Did not apply,0.0,0.0,0.0,0.0,0
465,Non-Rural,59,81,56,Deakin University,6.667,,,,,0.0,,0.0,,0.0,,0.0,,4th,8,Did not apply,0.0,0.0,0.0,0.0,0
466,Non-Rural,62,67,69,Deakin University,6.708,,,,,0.0,,0.0,,0.0,,0.0,,0.0,12,Did not apply,0.0,0.0,0.0,0.0,0
467,Non-Rural,74,69,84,The University of Melbourne,6.988,,,,,0.0,,0.0,,0.0,,0.0,,4th,0,0.0,No,0.0,0.0,0.0,0
468,Non-Rural,63,68,61,The University of Queensland (RMP/DDMP),7,The University of Wollongong,6.573,,,0.0,,0.0,,0.0,,0.0,,2nd,0,0.0,0.0,0.0,Tier 3,Toowoomba,4
469,Non-Rural,64,73,64,Macquarie University,6.719,,,,,0.0,,0.0,,0.0,,0.0,,4th,0,0.0,0.0,0.0,0.0,0.0,0
470,Non-Rural,66,72,68,Griffith University,6.77,The University of Melbourne,6.77,Deakin University,6.77,0.0,,0.0,,0.0,,0.0,,4th,4,Did not apply,No,0.0,0.0,0.0,0
471,No   ural,56,61,1,The University of Wollongong,6.104,,,,,0.0,,0.0,,0.0,,0.0,,4th,0,0.0,0.0,0.0,0.0,0.0,3
472,Non-Rural,61,82,62,The University of Notre Dame Sydney,6.3,,,,,0.0,,0.0,,0.0,,0.0,,4th,0,0.0,0.0,0.0,0.0,0.0,0
473,Non-Rural,62,70,67,The University of Queensland (RMP/DDMP),6.844,,,,,0.0,,0.0,,0.0,,0.0,,3rd,0,0.0,0.0,0.0,Tier 3,Rockhampton,0
474,Rural,67,79,64,The University of Wollongong,55,,,,,0.0,,0.0,,0.0,,0.0,,4th,0,0.0,0.0,0.0,0.0,0.0,5
475,Non-Rural,64,74,66,0.0,,The University of Notre Dame Sydney,6.3,of Notre Dame Fremantle,6.3,0.0,,0.0,,0.0,,0.0,,Ath,0,0.0,0.0,0.0,0.0,0.0,0
476,Non-Rural,60,70,71,The University of Melbourne,6.98,0.0,,0.0,,0.0,,0.0,,0.0,,0.0,,4th,0,0.0,No,0.0,0.0,0.0,0
477,Non-Rural,75,80,58,The University of Melbourne,6.809,,,,,0.0,,0.0,,0.0,,0.0,,4th,0,0.0,No,0.0,0.0,0.0,0
478,Non-Rural,72,69,96,The University of Melbourne,6.94,,,,,0.0,,0.0,,0.0,,0.0,,0.0,0,0.0,No,0.0,0.0,0.0,0
479,Non-Rural,66,69,67,The University of Western Australia,6.677,The University of Melbourne,6.675,Deakin University,6.677,0.0,,0.0,,0.0,,0.0,,3rd,0,Did not apply,No,0.0,0.0,0.0,0
480,Non-Rural,68,88,83,The University of Notre Dame Sydney,6.979,,,,,0.0,,0.0,,0.0,,0.0,,4th,0,0.0,0.0,0.0,0.0,0.0,0
481,Rural,55,66,52,The University of Wollongong,5.958,,,,,0.0,,0.0,,0.0,,0.0,,4th,0,0.0,0.0,0.0,0.0,0.0,4
482,Non-Rural,67,58,100,Macquarie University,6.87,,,,,0.0,,0.0,,0.0,,0.0,,0.0,0,0.0,0.0,0.0,0.0,0.0,0
483,Non-Rural,77,66,71,Australian National University,6.66,,,,,0.0,,0.0,,0.0,,0.0,,Ast,0,0.0,0.0,0.0,0.0,0.0,0
484,Non-Rural,69,76,61,The University of Queensland (RMP/DDMP),7,,,,,0.0,,0.0,,0.0,,0.0,,0.0,0,0.0,0.0,0.0,Tier 3,Bundaberg,0
485,Rural,53,77,53,The University of Wollongong,5.822,,,,,0.0,,0.0,,0.0,,0.0,,4th,0,0.0,0.0,0.0,0.0,0.0,5
486,Non-Rural,62,59,79,Griffith University,6.688,Deakin University,6.521,,,0.0,,0.0,,0.0,,0.0,,4th,0,Did not apply,0.0,0.0,0.0,0.0,0
487,Rural,66,63,73,The University of Western Australia,6.3,,,,,0.0,,0.0,,0.0,,0.0,,Ast,0,0.0,0.0,0.0,0.0,0.0,0
488,Non-Rural,65,62,94,Griffith University,6.756,The University of Queensland (Greater Brisbane),6,,,0.0,,0.0,,0.0,,0.0,,0.0,0,0.0,0.0,0.0,0.0,0.0,0
489,Non-Rural,67,76,73,of Notre Dame Fremantle,6.67,0.0,,0.0,,0.0,,0.0,,0.0,,0.0,,Ath,0,0.0,0.0,0.0,0.0,0.0,0
490,Non-Rural,67,75,73,The University of Notre Dame Fremantle,6.691,0.0,,0.0,,0.0,,0.0,,0.0,,0.0,,2nd,0,0.0,0.0,0.0,0.0,0.0,0
491,Non-Rural,68,70,71,Griffith University,6.86,,,,,,,0.0,,0.0,,0.0,,4th,0,0.0,0.0,0.0,0.0,0.0,0
492,Non-Rural,72,72,69,The University of Melbourne,6.95,,,,,,,0.0,,0.0,,0.0,,0.0,0,0.0,Yes,0.0,0.0,0.0,0
493,Non-Rural,73,70,78,The University of Notre Dame Sydney,6.78,,,,,,,0.0,,0.0,,0.0,,4th,0,0.0,0.0,0.0,0.0,0.0,0
494,Non-Rural,67,61,67,The University of Queensland (RMP/DDMP),7,The University of Wollongong,7,The University of Melbourne,7,,,0.0,,0.0,,0.0,,4th,0,0.0,Yes,0.0,Tier 3,Toowoomba,4
495,Rural,64,66,66,Australian National University,6.67,,,,,,,0.0,,0.0,,0.0,,4th,0,0.0,0.0,0.0,0.0,0.0,0
496,Rural,66,73,54,The University of Melbourne,6.181,,,,,,,0.0,,0.0,,0.0,,0.0,0,0.0,No,0.0,0.0,0.0,0
497,Non-Rural,67,68,72,The University of Queensland (RMP/DDMP),7,,,,,,,0.0,,0.0,,0.0,,2nd,0,0.0,0.0,0.0,Tier 3,Toowoomba,0
498,Non-Rural,67,84,66,The University of Notre Dame Sydney,6.844,,,,,,,0.0,,0.0,,0.0,,4th,0,0.0,0.0,0.0,0.0,0.0,0
499,No   ural,61,66,66,,,The University of Queensland (Greater Brisbane),65,,,,,0.0,,0.0,,0.0,,0.0,0,0.0,0.0,0.0,0.0,0.0,0
500,Rural,50,58,60,Australian National University,6.37,,,,,,,0.0,,0.0,,0.0,,2nd,0,0.0,0.0,0.0,0.0,0.0,0
501,Non-Rural,63,61,74,Griffith University,6.95,The University of Melbourne,6.93.,Deakin University,6.95,Australian National University,6.95,0.0,,0.0,,0.0,,Ast,0,Did not apply,No,0.0,0.0,0.0,0
502,Non-Rural,67,66,69,The University of Notre Dame Fremantle,6.665,The University of Notre Dame Sydney,6.665,,,,,0.0,,0.0,,0.0,,3rd,0,0.0,0.0,0.0,0.0,0.0,0
503,Non-Rural,56,71,55,The University of Wollongong,6.583,0.0,,0.0,,0.0,,0.0,,0.0,,0.0,,Ath,0,0.0,0.0,0.0,0.0,0.0,4
504,Non-Rural,63,76,57,The University of Notre Dame Sydney,6.743,0.0,,0.0,,0.0,,0.0,,0.0,,0.0,,4th,0,0.0,0.0,0.0,0.0,0.0,0
505,Non-Rural,54,64,75,The University of Western Australia,6.9,Deakin University,6.9,The University of Notre Dame Sydney,6.9,,,,,,,0.0,,2nd,2,Did not apply,0.0,0.0,0.0,0.0,0
506,Non-Rural,69,66,67,The University of Notre Dame Sydney,6.87,The University of Wollongong,6.87,,,,,,,,,0.0,,4th,0,0.0,0.0,0.0,0.0,0.0,1
507,Rural,61,58,1,Deakin University,7,,,,,,,,,,,0.0,,0.0,8,Tier 2,0.0,0.0,0.0,0.0,0
508,Non-Rural,62,68,86,The University of Western Australia,65,,,,,,,,,,,0.0,,0.0,0,0.0,0.0,0.0,0.0,0.0,0
509,Non-Rural,59,67,68,The University of Notre Dame Fremantle,6.582,The University of Notre Dame Sydney,6.582,Australian National University,6.582,The University of Queensland (Greater Brisbane),6.455,Griffith University,6.455,,,0.0,,4th,0,0.0,0.0,0.0,0.0,0.0,0
510,Rural,64,61,52,Griffith University,6.69,,,,,,,,,,,0.0,,0.0,0,0.0,0.0,0.0,0.0,0.0,0
511,Non-Rural,65,64,76,The University of Western Australia,6.735,The University of Melbourne,6.757,Deakin University,6.735,Australian National University,6.735,,,,,0.0,,2nd,2,Did not apply,No,0.0,0.0,0.0,0
512,Non-Rural,59,71,67,The University of Notre Dame Sydney,6.917,,,,,,,,,,,0.0,,4th,0,0.0,0.0,0.0,0.0,0.0,0
513,No   ural,60,66,74,The University of Notre Dame Fremantle,6.648,The University of Melbourne,6.622,The University of Western Australia,6.648,,,,,,,0.0,,4th,0,0.0,No,0.0,0.0,0.0,0
514,Non-Rural,63,59,67,The University of Western Australia,6.979,,,,,,,,,,,0.0,,4th,0,0.0,0.0,0.0,0.0,0.0,0
515,Non-Rural,59,67,76,The University of Queensland (RMP/DDMP),6.77,,,,,,,,,,,0.0,,0.0,0,0.0,0.0,0.0,Tier 3,Rockhampton,0
516,Non-Rural,61,60,63,,,The University of Melbourne,6.967,Deakin University,6.972,Griffith University,6.944,The University of Western Australia,6.944,Australian National University,6.972,0.0,,0.0,6,Did not apply,No,0.0,0.0,0.0,0
517,Rural,57,56,64,Australian National University,6.9,0.0,,0.0,,0.0,,0.0,,0.0,,0.0,,41st,0,0.0,0.0,0.0,0.0,0.0,0
518,Non-Rural,80,71,82,The University of Melbourne,7,0.0,,0.0,,0.0,,0.0,,0.0,,0.0,,0.0,0,0.0,No,0.0,0.0,0.0,0
519,Non-Rural,62,78,63,The University of Melbourne,7,0.0,,0.0,,0.0,,0.0,,0.0,,0.0,,0.0,0,0.0,No,0.0,0.0,0.0,0
520,Non-Rural,64,70,71,The University of Notre Dame Sydney,6.85,0.0,,0.0,,0.0,,0.0,,0.0,,0.0,,4th,0,0.0,0.0,0.0,0.0,0.0,0
521,0.0,,,,,,0.0,,0.0,,0.0,,0.0,,0.0,,0.0,,2nd,0,0.0,0.0,0.0,0.0,0.0,0
